-- /usr/local/nf/bin/mysqldump  --add-drop-table --complete-insert --force --quick --quote-names -h mysqlhost -u u70529148 -paemma98 d60476654 
--
-- MySQL dump 10.10
--
-- Host: mysqlhost    Database: d60476654
-- ------------------------------------------------------
-- Server version	5.0.77-log

/*!40101 SET @OLD_CHARACTER_SET_CLIENT=@@CHARACTER_SET_CLIENT */;
/*!40101 SET @OLD_CHARACTER_SET_RESULTS=@@CHARACTER_SET_RESULTS */;
/*!40101 SET @OLD_COLLATION_CONNECTION=@@COLLATION_CONNECTION */;
/*!40101 SET NAMES utf8 */;
/*!40103 SET @OLD_TIME_ZONE=@@TIME_ZONE */;
/*!40103 SET TIME_ZONE='+00:00' */;
/*!40014 SET @OLD_UNIQUE_CHECKS=@@UNIQUE_CHECKS, UNIQUE_CHECKS=0 */;
/*!40014 SET @OLD_FOREIGN_KEY_CHECKS=@@FOREIGN_KEY_CHECKS, FOREIGN_KEY_CHECKS=0 */;
/*!40101 SET @OLD_SQL_MODE=@@SQL_MODE, SQL_MODE='NO_AUTO_VALUE_ON_ZERO' */;
/*!40111 SET @OLD_SQL_NOTES=@@SQL_NOTES, SQL_NOTES=0 */;

--
-- Table structure for table `ArmsSource`
--

DROP TABLE IF EXISTS `ArmsSource`;
CREATE TABLE `ArmsSource` (
  `ID` int(10) unsigned NOT NULL auto_increment,
  `Description` varchar(64) default NULL,
  PRIMARY KEY  (`ID`),
  KEY `ArmsSource_Desc` (`Description`)
) ENGINE=MyISAM AUTO_INCREMENT=8 DEFAULT CHARSET=latin1;

--
-- Dumping data for table `ArmsSource`
--


/*!40000 ALTER TABLE `ArmsSource` DISABLE KEYS */;
LOCK TABLES `ArmsSource` WRITE;
INSERT INTO `ArmsSource` (`ID`, `Description`) VALUES (1,'Assumed'),(2,'Canadian Heraldic Authority, Ottawa'),(3,'College of Arms, London'),(4,'Court of the Lord Lyon, Edinburgh'),(5,'Office of the Chief Herald, Dublin'),(6,'South African Bureau of Heraldry'),(7,'Cronistas Reyes de Armas de Espana');
UNLOCK TABLES;
/*!40000 ALTER TABLE `ArmsSource` ENABLE KEYS */;

--
-- Table structure for table `Chapter`
--

DROP TABLE IF EXISTS `Chapter`;
CREATE TABLE `Chapter` (
  `ID` int(10) unsigned NOT NULL auto_increment,
  `ChapterState_ID` int(10) unsigned NOT NULL default '0',
  `Description` varchar(45) default NULL,
  PRIMARY KEY  (`ID`),
  KEY `ChapterState_ID` (`ChapterState_ID`),
  KEY `Chapter_Desc` (`Description`)
) ENGINE=MyISAM AUTO_INCREMENT=5 DEFAULT CHARSET=latin1;

--
-- Dumping data for table `Chapter`
--


/*!40000 ALTER TABLE `Chapter` DISABLE KEYS */;
LOCK TABLES `Chapter` WRITE;
INSERT INTO `Chapter` (`ID`, `ChapterState_ID`, `Description`) VALUES (2,3,'Guelph'),(1,3,'Toronto'),(3,3,'Nova Scotia'),(4,3,'Edmonton');
UNLOCK TABLES;
/*!40000 ALTER TABLE `Chapter` ENABLE KEYS */;

--
-- Table structure for table `ChapterState`
--

DROP TABLE IF EXISTS `ChapterState`;
CREATE TABLE `ChapterState` (
  `ID` int(10) unsigned NOT NULL auto_increment,
  `Description` varchar(20) default NULL,
  PRIMARY KEY  (`ID`),
  KEY `ChapterState_Desc` (`Description`)
) ENGINE=MyISAM AUTO_INCREMENT=6 DEFAULT CHARSET=latin1;

--
-- Dumping data for table `ChapterState`
--


/*!40000 ALTER TABLE `ChapterState` DISABLE KEYS */;
LOCK TABLES `ChapterState` WRITE;
INSERT INTO `ChapterState` (`ID`, `Description`) VALUES (1,'Planned'),(2,'New'),(3,'Active'),(4,'Inactive'),(5,'Closed');
UNLOCK TABLES;
/*!40000 ALTER TABLE `ChapterState` ENABLE KEYS */;

--
-- Table structure for table `History`
--

DROP TABLE IF EXISTS `History`;
CREATE TABLE `History` (
  `Year` year(4) NOT NULL default '0000',
  `Recruits` smallint(6) NOT NULL default '0',
  `Schollers` smallint(6) NOT NULL default '0',
  `FreeSchollers` smallint(6) NOT NULL default '0',
  `Provost` smallint(6) NOT NULL default '0',
  `Active` smallint(6) NOT NULL default '0',
  `Inactive` smallint(6) NOT NULL default '0',
  `Total` smallint(6) NOT NULL default '0'
) ENGINE=MyISAM DEFAULT CHARSET=latin1 COMMENT='annual membership status';

--
-- Dumping data for table `History`
--


/*!40000 ALTER TABLE `History` DISABLE KEYS */;
LOCK TABLES `History` WRITE;
INSERT INTO `History` (`Year`, `Recruits`, `Schollers`, `FreeSchollers`, `Provost`, `Active`, `Inactive`, `Total`) VALUES (2001,268,13,21,34,32,34,368);
UNLOCK TABLES;
/*!40000 ALTER TABLE `History` ENABLE KEYS */;

--
-- Table structure for table `Login`
--

DROP TABLE IF EXISTS `Login`;
CREATE TABLE `Login` (
  `ID` int(10) unsigned NOT NULL auto_increment,
  `People_ID` int(10) unsigned NOT NULL default '0',
  `Roles_ID` int(10) unsigned NOT NULL default '0',
  `UserName` varchar(16) default NULL,
  `UserPassword` varchar(16) default '4ciedZDH5FisE',
  PRIMARY KEY  (`ID`),
  KEY `People_ID` (`People_ID`),
  KEY `Roles_ID` (`Roles_ID`),
  KEY `Login_UserName` (`UserName`)
) ENGINE=MyISAM AUTO_INCREMENT=8 DEFAULT CHARSET=latin1;

--
-- Dumping data for table `Login`
--


/*!40000 ALTER TABLE `Login` DISABLE KEYS */;
LOCK TABLES `Login` WRITE;
INSERT INTO `Login` (`ID`, `People_ID`, `Roles_ID`, `UserName`, `UserPassword`) VALUES (1,1,6,'dcvet','4cZLQY9APNM36'),(3,3,4,'dbmurphy','4ciedZDH5FisE'),(2,2,4,'bmcilmoyle','4cRMhcaRRAcuU'),(4,52,4,'ftwilliams','4cr342.k/c9PI'),(5,189,4,'pmicallef','4ciedZDH5FisE'),(6,40,4,'krekuta','4ciedZDH5FisE'),(7,401,4,'abolarinho','4ciedZDH5FisE');
UNLOCK TABLES;
/*!40000 ALTER TABLE `Login` ENABLE KEYS */;

--
-- Table structure for table `Martial`
--

DROP TABLE IF EXISTS `Martial`;
CREATE TABLE `Martial` (
  `ID` int(10) unsigned NOT NULL auto_increment,
  `Description` varchar(45) default NULL,
  PRIMARY KEY  (`ID`)
) ENGINE=MyISAM AUTO_INCREMENT=14 DEFAULT CHARSET=latin1;

--
-- Dumping data for table `Martial`
--


/*!40000 ALTER TABLE `Martial` DISABLE KEYS */;
LOCK TABLES `Martial` WRITE;
INSERT INTO `Martial` (`ID`, `Description`) VALUES (1,'Abrazare'),(2,'Daga'),(3,'Spada'),(10,'Archery'),(4,'Spada longa'),(5,'Sword & buckler'),(6,'Pollaxe'),(7,'Spear'),(8,'Armoured combat'),(9,'Quarter-staff'),(11,'Langes schwert'),(12,'Mounted combat'),(13,'Italian rapier');
UNLOCK TABLES;
/*!40000 ALTER TABLE `Martial` ENABLE KEYS */;

--
-- Table structure for table `MemberStatus`
--

DROP TABLE IF EXISTS `MemberStatus`;
CREATE TABLE `MemberStatus` (
  `ID` int(10) unsigned NOT NULL auto_increment,
  `Description` varchar(20) default NULL,
  PRIMARY KEY  (`ID`)
) ENGINE=MyISAM AUTO_INCREMENT=7 DEFAULT CHARSET=latin1;

--
-- Dumping data for table `MemberStatus`
--


/*!40000 ALTER TABLE `MemberStatus` DISABLE KEYS */;
LOCK TABLES `MemberStatus` WRITE;
INSERT INTO `MemberStatus` (`ID`, `Description`) VALUES (1,'New'),(2,'Active'),(3,'Inactive'),(4,'Resigned'),(5,'Lost'),(6,'Suspended');
UNLOCK TABLES;
/*!40000 ALTER TABLE `MemberStatus` ENABLE KEYS */;

--
-- Table structure for table `MemberType`
--

DROP TABLE IF EXISTS `MemberType`;
CREATE TABLE `MemberType` (
  `ID` int(10) unsigned NOT NULL auto_increment,
  `Description` varchar(45) default NULL,
  PRIMARY KEY  (`ID`)
) ENGINE=MyISAM AUTO_INCREMENT=21 DEFAULT CHARSET=latin1;

--
-- Dumping data for table `MemberType`
--


/*!40000 ALTER TABLE `MemberType` DISABLE KEYS */;
LOCK TABLES `MemberType` WRITE;
INSERT INTO `MemberType` (`ID`, `Description`) VALUES (1,'Committed'),(2,'Casual'),(3,'Occasional'),(4,'Archery Only'),(5,'Instructor'),(6,'FACT Executive & Instructor'),(7,'AEMMA Executive & Instructor'),(8,'ROM swordsmanship'),(9,'ROM archery'),(11,'Archery & WC'),(20,'Contributing Member'),(10,'Archery Only Occassional'),(12,'Archery & JKD');
UNLOCK TABLES;
/*!40000 ALTER TABLE `MemberType` ENABLE KEYS */;

--
-- Table structure for table `Members_Chapter`
--

DROP TABLE IF EXISTS `Members_Chapter`;
CREATE TABLE `Members_Chapter` (
  `People_ID` int(10) unsigned NOT NULL default '0',
  `Chapter_ID` int(10) unsigned NOT NULL default '0',
  KEY `Chapter_ID` (`Chapter_ID`),
  KEY `People_ID` (`People_ID`)
) ENGINE=MyISAM DEFAULT CHARSET=latin1;

--
-- Dumping data for table `Members_Chapter`
--


/*!40000 ALTER TABLE `Members_Chapter` DISABLE KEYS */;
LOCK TABLES `Members_Chapter` WRITE;
INSERT INTO `Members_Chapter` (`People_ID`, `Chapter_ID`) VALUES (1,1),(202,1),(3,2),(188,1),(2,1),(98,1),(4,1),(5,1),(6,1),(7,1),(8,1),(9,1),(10,1),(11,1),(12,1),(13,2),(14,1),(15,1),(16,1),(17,2),(18,4),(19,1),(21,1),(22,1),(23,1),(24,1),(25,1),(26,1),(27,1),(28,1),(29,2),(30,1),(31,1),(32,1),(34,1),(35,1),(36,1),(37,1),(38,1),(39,1),(40,1),(41,1),(42,1),(43,1),(44,2),(45,1),(46,1),(47,1),(48,1),(49,1),(50,1),(51,1),(52,1),(53,1),(54,1),(55,1),(56,1),(57,1),(58,1),(59,1),(60,1),(61,1),(62,1),(63,1),(64,1),(65,1),(66,1),(67,1),(68,1),(69,1),(70,1),(71,2),(72,2),(73,1),(74,1),(75,1),(76,1),(77,1),(78,1),(79,1),(80,1),(81,1),(82,1),(83,1),(84,1),(85,1),(86,1),(87,1),(88,1),(89,1),(90,1),(91,1),(92,1),(93,1),(94,1),(95,1),(96,1),(97,1),(20,1),(99,1),(100,1),(101,1),(102,1),(104,1),(105,1),(106,1),(107,1),(108,1),(109,1),(110,1),(111,1),(112,1),(113,1),(114,1),(115,1),(116,1),(117,1),(118,1),(119,1),(120,1),(121,1),(122,2),(123,2),(124,2),(125,2),(126,2),(127,2),(128,2),(129,2),(130,2),(131,2),(132,2),(133,2),(134,1),(135,1),(136,1),(137,1),(138,1),(139,1),(140,1),(141,1),(142,1),(143,1),(144,1),(145,1),(146,1),(147,1),(148,1),(149,1),(150,1),(151,1),(152,1),(153,1),(154,1),(155,1),(156,1),(157,1),(158,1),(159,1),(160,1),(161,1),(162,1),(163,1),(164,1),(165,1),(166,1),(167,1),(168,1),(169,1),(170,1),(171,1),(172,1),(173,1),(174,1),(175,1),(176,1),(177,1),(178,1),(179,1),(180,1),(181,1),(182,1),(183,1),(184,1),(185,1),(186,1),(187,1),(208,1),(201,1),(203,1),(204,1),(206,1),(205,1),(207,1),(200,1),(209,1),(210,1),(211,1),(212,1),(213,1),(214,1),(215,1),(216,1),(217,1),(218,1),(219,1),(220,1),(221,1),(222,1),(223,1),(224,1),(225,1),(189,1),(227,1),(228,1),(229,1),(230,1),(231,1),(232,1),(233,1),(234,1),(235,1),(236,1),(237,1),(238,1),(239,1),(240,1),(241,1),(242,1),(243,1),(244,1),(245,1),(246,1),(247,1),(248,1),(249,1),(250,1),(251,1),(252,1),(253,1),(254,1),(255,1),(256,1),(257,1),(258,1),(259,1),(260,1),(261,1),(262,1),(263,1),(264,1),(265,1),(266,1),(267,1),(268,1),(269,1),(270,1),(271,1),(272,1),(273,1),(274,1),(275,1),(276,1),(277,1),(278,1),(279,1),(280,1),(281,1),(282,1),(283,1),(284,1),(285,1),(286,1),(287,1),(288,1),(289,1),(290,1),(291,1),(292,1),(293,1),(294,1),(295,1),(296,1),(297,1),(298,1),(299,1),(300,1),(301,1),(302,1),(303,1),(304,1),(305,1),(306,1),(307,1),(308,1),(309,1),(310,1),(311,1),(312,1),(313,1),(314,1),(315,1),(316,1),(317,1),(318,1),(319,1),(328,1),(333,1),(332,1),(331,1),(330,1),(329,1),(334,1),(335,1),(336,1),(337,1),(338,1),(339,1),(340,1),(341,1),(342,1),(343,1),(344,1),(345,1),(346,1),(347,1),(348,1),(349,1),(350,1),(351,1),(352,1),(353,2),(373,1),(355,2),(432,1),(418,1),(417,1),(416,1),(415,1),(401,1),(400,1),(399,1),(370,1),(434,2),(438,1),(439,1),(441,1),(442,1),(443,1),(444,1),(445,1),(446,1),(447,1),(448,1),(449,1),(450,1),(451,1),(452,1),(453,1),(454,1),(455,1),(456,1),(459,1),(460,1),(462,3),(463,3),(464,3),(465,3),(466,3),(467,3),(468,3),(469,3),(470,1),(471,1),(472,1),(473,1),(474,1),(475,1),(476,1),(477,1),(478,1),(479,1),(480,1),(481,3),(482,1),(483,1),(486,1),(487,1),(488,1),(489,1),(490,1),(491,1),(492,1),(493,2),(494,2),(495,2),(496,2),(497,2),(498,1),(499,1),(500,3),(501,1),(502,1),(503,1),(504,1),(505,1),(506,1),(507,1),(508,1),(509,1),(510,1),(511,1),(512,1),(513,1),(514,1),(515,1),(516,1),(517,1),(518,1),(519,1),(520,1),(521,1),(522,1),(523,1),(524,1),(525,1),(526,1),(527,1),(528,1),(529,1),(531,1),(532,1),(533,1),(534,1),(535,1),(536,1),(537,1),(538,1),(539,1),(540,1),(541,2),(542,2),(543,2),(544,1),(545,1),(546,1),(547,3),(548,3),(549,1),(550,1),(551,3),(552,1),(553,1),(554,1),(555,1),(556,3);
UNLOCK TABLES;
/*!40000 ALTER TABLE `Members_Chapter` ENABLE KEYS */;

--
-- Table structure for table `Members_Harness`
--

DROP TABLE IF EXISTS `Members_Harness`;
CREATE TABLE `Members_Harness` (
  `ID` int(10) unsigned NOT NULL auto_increment,
  `Member_ID` int(10) unsigned NOT NULL default '0',
  `Date` date default NULL,
  `Description` varchar(255) default NULL,
  `Image` blob,
  PRIMARY KEY  (`ID`)
) ENGINE=MyISAM DEFAULT CHARSET=latin1;

--
-- Dumping data for table `Members_Harness`
--


/*!40000 ALTER TABLE `Members_Harness` DISABLE KEYS */;
LOCK TABLES `Members_Harness` WRITE;
UNLOCK TABLES;
/*!40000 ALTER TABLE `Members_Harness` ENABLE KEYS */;

--
-- Table structure for table `Members_Injuries`
--

DROP TABLE IF EXISTS `Members_Injuries`;
CREATE TABLE `Members_Injuries` (
  `ID` int(10) unsigned NOT NULL auto_increment,
  `InjuryDate` date default NULL,
  `InjuryLocation` varchar(32) default NULL,
  `Description` varchar(45) default NULL,
  PRIMARY KEY  (`ID`)
) ENGINE=MyISAM DEFAULT CHARSET=latin1;

--
-- Dumping data for table `Members_Injuries`
--


/*!40000 ALTER TABLE `Members_Injuries` DISABLE KEYS */;
LOCK TABLES `Members_Injuries` WRITE;
UNLOCK TABLES;
/*!40000 ALTER TABLE `Members_Injuries` ENABLE KEYS */;

--
-- Table structure for table `Members_Martial`
--

DROP TABLE IF EXISTS `Members_Martial`;
CREATE TABLE `Members_Martial` (
  `People_ID` int(10) unsigned NOT NULL default '0',
  `armazare` tinyint(1) unsigned default '0',
  `daga` tinyint(1) unsigned default '0',
  `spada` tinyint(1) unsigned default '0',
  `spadalonga` tinyint(1) unsigned default '0',
  `swordbuckler` tinyint(1) unsigned default '0',
  `pollaxe` tinyint(1) unsigned default '0',
  `spear` tinyint(1) unsigned default '0',
  `armouredcombat` tinyint(1) unsigned default '0',
  `quarterstaff` tinyint(1) unsigned default '0',
  `archery` tinyint(1) unsigned default '0',
  `langesschwert` tinyint(1) unsigned default '0',
  `mountedcombat` tinyint(1) unsigned default '0',
  `ttac3` tinyint(1) unsigned default '0',
  `rapier` tinyint(1) unsigned NOT NULL default '0',
  PRIMARY KEY  (`People_ID`)
) ENGINE=MyISAM DEFAULT CHARSET=latin1;

--
-- Dumping data for table `Members_Martial`
--


/*!40000 ALTER TABLE `Members_Martial` DISABLE KEYS */;
LOCK TABLES `Members_Martial` WRITE;
INSERT INTO `Members_Martial` (`People_ID`, `armazare`, `daga`, `spada`, `spadalonga`, `swordbuckler`, `pollaxe`, `spear`, `armouredcombat`, `quarterstaff`, `archery`, `langesschwert`, `mountedcombat`, `ttac3`, `rapier`) VALUES (1,1,1,1,1,0,1,1,1,0,1,1,0,0,0),(2,1,1,1,1,1,1,1,1,0,1,1,0,1,1),(3,1,1,1,1,1,1,1,1,0,0,1,0,0,0),(4,1,1,1,1,0,1,0,1,0,0,1,0,0,0),(5,0,0,0,0,0,0,0,0,0,0,0,0,0,0),(6,0,0,0,1,0,0,0,0,0,0,0,0,1,0),(7,0,0,0,1,0,0,0,0,0,0,0,0,0,0),(8,1,1,1,0,0,0,0,0,0,1,0,0,0,1),(9,1,1,1,0,0,0,0,0,0,0,0,0,0,0),(10,1,1,1,0,0,0,0,0,0,1,0,0,0,0),(11,0,0,0,0,0,0,0,0,0,0,0,0,0,0),(12,1,1,1,0,0,0,0,0,0,0,0,0,0,0),(13,0,0,0,0,0,0,0,0,0,0,0,0,0,0),(14,1,1,1,0,1,0,0,0,0,0,0,0,1,1),(15,0,0,0,1,0,0,0,0,0,0,0,0,0,0),(16,0,0,0,1,0,0,0,0,0,0,0,0,0,0),(17,1,1,1,1,0,0,0,0,0,0,0,0,0,0),(18,1,1,1,1,1,1,1,1,0,0,1,0,1,0),(19,1,1,1,0,0,0,0,0,0,0,0,0,0,0),(20,0,0,0,0,0,0,0,0,0,0,1,0,0,0),(21,0,0,0,1,0,0,0,0,0,0,0,0,0,0),(22,0,0,0,0,0,0,0,0,0,0,0,0,0,0),(23,1,1,0,1,0,0,0,0,0,0,0,0,0,0),(24,0,0,0,0,0,0,0,0,0,0,0,0,0,0),(25,0,0,0,0,0,0,0,0,0,0,0,0,0,0),(26,1,1,1,0,0,0,0,0,0,0,0,0,1,0),(27,1,1,1,0,1,0,0,0,0,0,0,0,0,1),(28,1,1,1,0,1,0,0,0,0,0,0,0,0,0),(29,0,0,0,0,0,0,0,0,0,0,0,0,0,0),(30,0,0,0,1,0,0,0,0,0,0,0,0,0,0),(31,0,0,0,0,0,0,0,0,0,0,0,0,0,0),(32,0,0,0,0,0,0,0,0,0,0,0,0,0,0),(33,0,0,0,0,0,0,0,0,0,0,0,0,0,0),(34,1,1,1,0,0,0,0,0,0,0,0,0,0,0),(35,1,1,1,1,0,0,0,0,0,0,0,0,0,0),(36,0,0,0,1,0,0,1,0,0,0,0,0,0,0),(37,0,0,0,0,0,0,0,0,0,0,0,0,0,0),(38,1,1,1,1,0,0,0,1,0,0,0,0,0,0),(39,0,0,0,0,0,0,0,0,0,0,0,0,0,0),(40,1,1,1,1,1,1,1,1,0,1,1,0,0,0),(41,1,1,1,1,0,0,0,0,0,0,0,0,0,0),(42,1,0,1,1,1,1,1,0,0,1,1,0,0,0),(43,0,0,0,0,0,0,0,0,0,0,0,0,0,0),(44,0,0,0,0,0,0,0,0,0,0,0,0,0,0),(45,0,0,0,0,0,0,0,0,0,0,0,0,0,0),(46,1,1,1,1,0,0,0,0,0,0,0,0,0,0),(47,0,0,0,1,0,0,0,0,0,0,0,0,0,0),(48,0,0,0,1,0,0,0,0,0,0,0,0,0,0),(49,0,0,0,0,0,0,0,0,0,0,0,0,0,0),(50,1,1,1,0,0,0,0,0,0,0,0,0,0,0),(51,1,1,1,1,1,0,0,0,0,1,0,0,0,0),(52,1,1,1,1,1,1,1,0,0,1,1,1,0,0),(53,0,0,0,1,0,0,0,0,0,0,0,0,0,0),(54,0,0,0,0,0,0,0,0,0,0,0,0,0,0),(55,1,1,1,0,0,0,0,0,0,0,0,0,0,0),(56,0,0,0,1,0,0,0,0,0,0,0,0,0,0),(57,0,0,0,0,0,0,0,0,0,0,0,0,0,0),(58,0,0,0,1,0,0,0,0,0,0,0,0,0,0),(59,0,0,0,0,0,0,0,0,0,0,0,0,0,0),(60,0,0,0,0,0,0,0,0,0,0,0,0,0,0),(61,0,0,0,0,0,0,0,0,0,0,0,0,0,0),(62,0,0,0,1,0,0,0,0,0,0,0,0,0,0),(63,0,0,0,0,0,0,0,0,0,0,0,0,0,0),(64,0,0,0,1,0,0,0,0,0,0,0,0,0,0),(65,0,0,0,1,0,0,0,0,0,0,0,0,0,0),(66,0,0,0,0,0,0,0,0,0,0,0,0,0,0),(67,0,0,0,0,0,0,0,0,0,0,0,0,0,0),(68,0,0,1,0,0,0,0,0,0,1,0,0,0,0),(69,0,0,0,0,0,0,0,0,0,0,0,0,0,0),(70,0,0,0,1,0,0,0,0,0,0,0,0,0,0),(71,0,0,0,0,0,0,0,0,0,0,0,0,0,0),(72,0,0,0,0,0,0,0,0,0,0,0,0,0,0),(73,0,0,0,0,0,0,0,0,0,0,0,0,0,0),(74,0,0,0,0,0,0,0,0,0,0,0,0,0,0),(75,0,0,0,0,0,0,0,0,0,0,0,0,0,0),(76,0,0,0,0,0,0,0,0,0,0,0,0,0,0),(77,0,0,0,0,0,0,0,0,0,0,0,0,0,0),(78,0,0,0,0,0,0,0,0,0,0,0,0,0,0),(79,0,0,0,1,0,0,0,0,0,0,0,0,0,0),(80,0,0,0,0,0,0,0,0,0,0,0,0,0,0),(81,0,0,0,0,0,0,0,0,0,0,0,0,0,0),(82,0,0,0,0,0,0,0,0,0,0,0,0,0,0),(83,0,0,0,0,0,0,0,0,0,0,0,0,0,0),(84,0,0,0,0,0,0,0,0,0,0,0,0,0,0),(85,0,0,0,0,0,0,0,0,0,0,0,0,0,0),(86,0,0,0,0,0,0,0,0,0,0,0,0,0,0),(87,0,0,0,0,0,0,0,0,0,0,0,0,0,0),(88,0,0,0,0,0,0,0,0,0,0,0,0,0,0),(89,0,0,0,0,0,0,0,0,0,0,0,0,0,0),(90,0,0,0,0,0,0,0,0,0,0,0,0,0,0),(91,0,0,0,0,0,0,0,0,0,0,0,0,0,0),(92,0,0,0,0,0,0,0,0,0,0,0,0,0,0),(93,0,0,0,0,0,0,0,0,0,0,0,0,0,0),(94,0,0,0,0,0,0,0,0,0,0,0,0,0,0),(95,0,0,0,0,0,0,0,0,0,0,0,0,0,0),(96,0,0,0,0,0,0,0,0,0,0,0,0,0,0),(97,0,0,0,0,0,0,0,0,0,0,0,0,0,0),(98,1,1,1,0,0,0,0,0,0,0,0,0,0,0),(99,1,1,1,0,0,0,0,0,0,0,0,0,0,0),(100,0,0,0,0,0,0,0,0,0,0,0,0,0,0),(101,0,0,0,0,0,0,0,0,0,0,0,0,0,0),(102,1,1,1,0,0,0,0,0,0,0,0,0,0,0),(103,0,0,0,0,0,0,0,0,0,0,0,0,0,0),(104,1,1,1,0,0,0,0,0,0,0,0,0,0,0),(105,1,1,1,0,0,0,0,0,0,0,0,0,0,0),(106,0,0,0,0,0,0,0,0,0,0,0,0,0,0),(107,1,1,1,1,1,1,1,0,0,0,0,0,0,1),(108,0,0,0,0,0,0,0,0,0,0,0,0,0,0),(109,1,1,1,0,0,0,0,0,0,0,0,0,0,0),(110,1,1,1,0,0,0,0,0,0,0,0,0,0,0),(111,0,0,0,0,0,0,0,0,0,0,0,0,0,0),(112,0,0,0,0,0,0,0,0,0,1,0,0,0,0),(113,0,0,0,0,0,0,0,0,0,0,0,0,0,0),(114,0,0,0,0,0,0,0,0,0,0,0,0,0,0),(115,1,1,1,0,0,0,0,0,0,0,0,0,0,0),(116,1,1,1,0,0,0,0,0,0,0,0,0,0,0),(117,1,1,1,0,0,0,0,0,0,0,0,0,0,0),(118,1,1,1,0,1,0,0,0,0,0,0,0,1,1),(119,1,1,1,0,0,0,0,0,0,0,0,0,0,0),(120,0,0,0,0,0,0,0,0,0,0,0,0,0,0),(121,1,1,1,0,0,0,0,0,0,0,0,0,0,0),(122,1,1,1,0,0,0,0,0,0,0,0,0,0,0),(123,1,1,1,0,0,0,0,0,0,0,0,0,0,0),(124,1,1,1,0,0,0,0,0,0,0,0,0,0,0),(125,1,1,1,0,0,0,0,0,0,0,0,0,0,0),(126,1,1,1,0,0,0,0,0,0,0,0,0,0,0),(127,0,0,0,0,0,0,0,0,0,0,0,0,0,0),(128,0,0,0,0,0,0,0,0,0,0,0,0,0,0),(129,0,0,0,0,0,0,0,0,0,0,0,0,0,0),(130,0,0,0,0,0,0,0,0,0,0,0,0,0,0),(131,0,0,0,0,0,0,0,0,0,0,0,0,0,0),(132,0,0,0,0,0,0,0,0,0,0,0,0,0,0),(133,0,0,0,0,0,0,0,0,0,0,0,0,0,0),(134,1,1,1,0,0,0,0,0,0,0,0,0,0,0),(135,1,1,1,0,0,0,0,0,0,0,0,0,0,0),(136,1,1,1,0,0,0,0,0,0,0,0,0,0,0),(137,1,1,1,0,0,0,0,0,0,0,0,0,0,0),(138,1,1,1,0,0,0,0,0,0,0,0,0,0,0),(139,1,1,1,0,0,0,0,0,0,0,0,0,0,0),(140,1,1,1,0,0,0,0,0,0,1,0,0,0,0),(141,0,0,0,0,0,0,0,0,0,0,0,0,0,0),(142,1,1,1,0,1,0,0,0,0,0,0,0,0,1),(143,1,1,1,0,0,0,0,0,0,0,0,0,0,0),(144,1,1,1,0,0,0,0,0,0,0,0,0,0,0),(145,1,1,1,0,0,0,0,0,0,0,0,0,0,0),(146,1,1,1,0,0,0,0,0,0,0,0,0,0,0),(147,1,1,1,0,0,0,0,0,0,0,0,0,0,0),(148,1,1,1,0,0,0,0,0,0,0,0,0,0,1),(149,1,1,1,0,0,0,0,0,0,0,0,0,0,0),(150,0,0,0,0,0,0,0,0,0,1,0,0,0,0),(151,0,0,0,0,0,0,0,0,0,1,0,0,0,0),(152,1,1,1,0,0,0,0,0,0,0,0,0,0,0),(153,1,1,1,0,0,0,0,0,0,0,0,0,0,0),(154,1,1,1,0,0,0,0,0,0,0,0,0,0,0),(155,1,1,1,0,0,0,0,0,0,0,0,0,0,0),(156,0,0,0,0,0,0,0,0,0,0,0,0,0,0),(157,1,1,1,0,0,0,0,0,0,0,0,0,0,0),(158,0,0,0,0,0,0,0,0,0,0,0,0,0,0),(159,1,1,1,0,0,0,0,0,0,0,0,0,0,0),(160,0,0,0,0,0,0,0,0,0,0,0,0,0,0),(161,1,1,1,0,0,0,0,0,0,0,0,0,0,0),(162,1,1,1,0,0,0,0,0,0,0,0,0,0,0),(163,1,1,1,0,0,0,0,0,0,0,0,0,0,0),(164,0,0,0,0,0,0,0,0,0,0,0,0,0,0),(165,1,1,1,0,0,0,0,0,0,0,0,0,0,0),(166,1,1,1,0,0,0,0,0,0,0,0,0,0,0),(167,1,1,1,0,0,0,0,0,0,0,0,0,0,1),(168,0,0,1,0,0,0,0,0,0,0,0,0,0,0),(169,1,1,1,0,0,0,0,0,0,0,0,0,0,0),(170,0,0,0,0,0,0,0,0,0,0,0,0,0,0),(171,1,1,1,0,0,0,0,0,0,0,0,0,0,0),(172,0,0,0,0,0,0,0,0,0,0,0,0,0,0),(173,1,1,1,0,0,0,0,0,0,0,0,0,0,0),(174,0,0,0,0,0,0,0,0,0,0,0,0,0,0),(175,0,0,0,0,0,0,0,0,0,0,0,0,0,0),(176,0,0,0,0,0,0,0,0,0,0,0,0,0,0),(177,0,0,0,0,0,0,0,0,0,0,0,0,0,0),(178,1,1,1,0,0,0,0,0,0,0,1,0,0,0),(179,1,1,1,0,0,0,0,0,0,0,0,0,0,0),(180,1,1,1,0,0,0,0,0,0,0,0,0,0,0),(181,1,1,1,0,0,0,0,0,0,0,0,0,0,0),(182,1,1,1,0,0,0,0,0,0,0,0,0,0,0),(183,1,1,1,0,0,0,0,0,0,0,0,0,0,0),(184,0,0,1,0,0,0,0,0,0,0,0,0,0,0),(185,0,0,0,0,0,0,0,0,0,0,0,0,0,0),(186,1,1,1,0,0,0,0,0,0,0,0,0,0,0),(187,1,1,1,0,0,0,0,0,0,0,0,0,0,0),(188,0,0,1,0,0,0,0,0,0,1,0,0,0,0),(200,0,0,1,0,0,0,0,0,0,0,0,0,0,0),(201,0,0,1,0,0,0,0,0,0,0,0,0,0,0),(202,0,0,1,0,0,0,0,0,0,0,0,0,0,0),(203,0,0,1,0,0,0,0,0,0,0,0,0,0,0),(204,0,0,1,0,0,0,0,0,0,0,0,0,0,0),(205,0,0,1,0,0,0,0,0,0,0,0,0,0,0),(206,0,0,1,0,0,0,0,0,0,0,0,0,0,0),(207,0,0,1,0,0,0,0,0,0,0,0,0,0,0),(208,0,0,1,0,0,0,0,0,0,0,0,0,0,0),(209,1,1,1,0,0,0,0,0,0,1,0,0,0,0),(210,0,0,1,0,0,0,0,0,0,0,0,0,0,0),(211,0,0,1,0,0,0,0,0,0,0,0,0,0,0),(212,0,0,1,0,0,0,0,0,0,0,0,0,0,0),(213,0,0,1,0,0,0,0,0,0,0,0,0,0,0),(214,0,0,1,0,0,0,0,0,0,0,0,0,0,0),(215,0,0,1,0,0,0,0,0,0,0,0,0,0,0),(216,0,0,1,0,0,0,0,0,0,0,0,0,0,0),(217,0,0,1,0,0,0,0,0,0,0,0,0,0,0),(218,0,0,1,0,0,0,0,0,0,0,0,0,0,0),(219,0,0,1,0,0,0,0,0,0,0,0,0,0,0),(220,0,0,1,0,0,0,0,0,0,0,0,0,0,0),(221,0,0,1,0,0,0,0,0,0,0,0,0,0,0),(222,0,0,1,0,0,0,0,0,0,0,0,0,0,0),(223,0,0,1,0,0,0,0,0,0,0,0,0,0,0),(224,0,0,1,0,0,0,0,0,0,0,0,0,0,0),(225,0,0,1,0,0,0,0,0,0,0,0,0,0,0),(189,0,0,0,0,0,0,0,0,0,1,0,0,0,0),(227,0,0,1,0,0,0,0,0,0,0,0,0,0,0),(228,0,0,1,0,0,0,0,0,0,0,0,0,0,0),(229,0,0,1,0,0,0,0,0,0,0,0,0,0,0),(230,0,0,1,0,0,0,0,0,0,0,0,0,0,0),(231,0,0,1,0,0,0,0,0,0,0,0,0,0,0),(232,0,0,1,0,0,0,0,0,0,0,0,0,0,0),(233,0,0,1,0,0,0,0,0,0,0,0,0,0,0),(234,0,0,1,0,0,0,0,0,0,0,0,0,0,0),(235,0,0,1,0,0,0,0,0,0,0,0,0,0,0),(236,0,0,1,0,0,0,0,0,0,0,0,0,0,0),(237,0,0,1,0,0,0,0,0,0,0,0,0,0,0),(238,0,0,1,0,0,0,0,0,0,0,0,0,0,0),(239,0,0,1,0,0,0,0,0,0,0,0,0,0,0),(240,0,0,1,0,0,0,0,0,0,0,0,0,0,0),(241,0,0,1,0,0,0,0,0,0,0,0,0,0,0),(242,0,0,1,0,0,0,0,0,0,0,0,0,0,0),(243,1,1,1,0,0,0,0,0,0,0,0,0,0,0),(244,1,1,1,0,0,0,0,0,0,0,0,0,0,0),(245,0,0,1,0,0,0,0,0,0,0,0,0,0,0),(246,0,0,1,0,0,0,0,0,0,0,0,0,0,0),(247,0,0,1,0,0,0,0,0,0,0,0,0,0,0),(248,1,1,1,0,0,0,0,0,0,0,0,0,0,0),(249,0,0,0,0,0,0,0,0,0,0,0,0,0,0),(250,1,1,1,0,0,0,0,0,0,0,0,0,0,0),(251,0,0,0,0,0,0,0,0,0,0,0,0,0,0),(252,1,1,1,0,0,0,0,0,0,0,0,0,0,0),(253,1,1,1,1,0,0,0,0,0,0,0,0,0,0),(254,1,1,1,0,0,0,0,0,0,0,1,0,0,0),(255,0,0,0,0,0,0,0,0,0,1,0,0,0,0),(256,1,1,1,0,0,0,0,0,0,0,0,0,0,0),(257,1,1,1,0,0,0,0,0,0,0,0,0,0,0),(258,0,0,0,0,0,0,0,0,0,1,0,0,0,0),(259,1,1,1,0,0,0,0,0,0,0,0,0,0,0),(260,0,0,0,0,0,0,0,0,0,1,0,0,0,0),(261,1,1,1,0,0,0,0,0,0,0,0,0,0,0),(262,0,0,1,0,0,0,0,0,0,0,0,0,0,0),(263,0,0,1,0,0,0,0,0,0,0,0,0,0,0),(264,0,0,1,0,0,0,0,0,0,0,0,0,0,0),(265,0,0,1,0,0,0,0,0,0,0,0,0,0,0),(266,0,0,1,0,0,0,0,0,0,0,0,0,0,0),(267,0,0,1,0,0,0,0,0,0,0,0,0,0,0),(268,0,0,1,0,0,0,0,0,0,0,0,0,0,0),(269,0,0,1,0,0,0,0,0,0,0,0,0,0,0),(270,0,0,1,0,0,0,0,0,0,0,0,0,0,0),(271,0,0,1,0,0,0,0,0,0,0,0,0,0,0),(272,1,1,1,0,0,0,0,0,0,0,0,0,0,0),(273,1,1,1,0,0,0,0,0,0,0,0,0,0,0),(274,1,1,1,0,0,0,0,0,0,0,0,0,0,0),(275,1,1,1,0,0,0,0,0,0,0,0,0,0,0),(276,1,1,1,0,0,0,0,0,0,0,0,0,0,0),(277,1,1,1,0,0,0,0,0,0,0,0,0,0,0),(278,1,1,1,0,0,0,0,0,0,0,0,0,0,0),(279,1,1,1,0,0,0,0,0,0,0,0,0,0,0),(280,1,1,1,0,0,0,0,0,0,0,0,0,0,0),(281,1,1,1,0,0,0,0,0,0,0,0,0,0,0),(282,0,0,0,0,0,0,0,0,0,1,0,0,0,0),(283,1,1,1,0,0,0,0,0,0,0,0,0,0,0),(284,1,1,1,0,0,0,0,0,0,0,1,0,0,0),(285,0,0,0,0,0,0,0,0,0,1,0,0,0,0),(286,0,0,0,0,0,0,0,0,0,0,0,0,0,0),(287,1,1,1,0,0,0,0,0,0,0,0,0,0,0),(288,0,0,0,0,0,0,0,0,0,1,0,0,0,0),(289,1,1,1,0,0,0,0,0,0,0,0,0,0,0),(290,1,1,1,0,0,0,0,0,0,0,0,0,0,0),(291,1,1,1,0,0,0,0,0,0,0,0,0,0,0),(292,0,0,1,0,0,0,0,0,0,0,0,0,0,0),(293,0,0,1,0,0,0,0,0,0,0,0,0,0,0),(294,0,0,1,0,0,0,0,0,0,0,0,0,0,0),(295,0,0,1,0,0,0,0,0,0,0,0,0,0,0),(296,0,0,1,0,0,0,0,0,0,0,0,0,0,0),(297,0,0,1,0,0,0,0,0,0,0,0,0,0,0),(298,0,0,1,0,0,0,0,0,0,0,0,0,0,0),(299,0,0,1,0,0,0,0,0,0,0,0,0,0,0),(300,0,0,1,0,0,0,0,0,0,0,0,0,0,0),(301,0,0,1,0,0,0,0,0,0,0,0,0,0,0),(302,0,0,1,0,0,0,0,0,0,0,0,0,0,0),(303,0,0,1,0,0,0,0,0,0,0,0,0,0,0),(304,0,0,1,0,0,0,0,0,0,0,0,0,0,0),(305,0,0,1,0,0,0,0,0,0,0,0,0,0,0),(306,0,0,1,0,0,0,0,0,0,0,0,0,0,0),(307,0,0,1,0,0,0,0,0,0,0,0,0,0,0),(308,0,0,1,0,0,0,0,0,0,0,0,0,0,0),(309,0,0,1,0,0,0,0,0,0,0,0,0,0,0),(310,0,0,1,0,0,0,0,0,0,0,0,0,0,0),(311,0,0,1,0,0,0,0,0,0,0,0,0,0,0),(312,0,0,1,0,0,0,0,0,0,0,0,0,0,0),(313,0,0,0,0,0,0,0,0,0,1,0,0,0,0),(314,0,0,0,0,0,0,0,0,0,1,0,0,0,0),(315,0,0,0,0,0,0,0,0,0,1,0,0,0,0),(316,0,0,0,0,0,0,0,0,0,1,0,0,0,0),(317,0,0,0,0,0,0,0,0,0,1,0,0,0,0),(318,0,0,0,0,0,0,0,0,0,1,0,0,0,0),(319,0,0,0,0,0,0,0,0,0,1,0,0,0,0),(320,0,0,0,0,0,0,0,0,0,0,0,0,0,0),(321,0,0,0,0,0,0,0,0,0,0,0,0,0,0),(322,0,0,0,0,0,0,0,0,0,0,0,0,0,0),(323,0,0,0,0,0,0,0,0,0,0,0,0,0,0),(324,0,0,0,0,0,0,0,0,0,0,0,0,0,0),(325,0,0,0,0,0,0,0,0,0,0,0,0,0,0),(326,0,0,0,0,0,0,0,0,0,0,0,0,0,0),(327,0,0,0,0,0,0,0,0,0,0,0,0,0,0),(328,0,0,1,0,0,0,0,0,0,0,0,0,0,0),(329,0,0,1,0,0,0,0,0,0,0,0,0,0,0),(330,0,0,1,0,0,0,0,0,0,0,0,0,0,0),(331,0,0,1,0,0,0,0,0,0,0,0,0,0,0),(332,1,1,1,0,0,0,0,0,0,0,0,0,0,0),(333,1,1,1,0,0,0,0,0,0,0,0,0,0,0),(334,0,0,1,0,0,0,0,0,0,0,0,0,0,0),(335,0,0,1,0,0,0,0,0,0,0,0,0,0,0),(336,1,1,1,0,0,0,0,0,0,0,0,0,0,0),(337,1,1,1,0,0,0,0,0,0,0,0,0,1,0),(338,1,1,1,0,0,0,0,0,0,0,0,0,0,0),(339,1,1,1,0,0,0,0,0,0,0,0,0,0,0),(340,1,1,1,0,0,0,0,0,0,0,0,0,0,0),(341,1,1,1,0,0,0,0,0,0,0,0,0,0,0),(342,1,1,1,0,0,0,0,0,0,0,0,0,0,0),(343,0,0,0,0,0,0,0,0,0,1,0,0,0,0),(344,0,0,0,0,0,0,0,0,0,0,1,0,0,0),(345,1,1,1,0,0,0,0,0,0,0,0,0,0,0),(346,0,0,0,0,0,0,0,0,0,1,0,0,0,0),(347,1,1,1,0,0,0,0,0,0,0,0,0,0,0),(348,0,0,0,0,0,0,0,0,0,1,0,0,0,0),(349,1,1,1,0,0,0,0,0,0,0,0,0,0,0),(350,1,1,1,0,0,0,0,0,0,0,0,0,1,0),(351,1,1,1,0,0,0,0,0,0,0,0,0,0,0),(352,1,1,1,0,0,0,0,0,0,0,0,0,0,0),(353,1,1,1,1,0,0,0,0,0,0,0,0,0,0),(379,0,0,0,0,0,0,0,0,0,0,0,0,0,0),(355,1,1,1,1,0,0,0,0,0,0,0,0,0,0),(378,0,0,0,0,0,0,0,0,0,0,0,0,0,0),(377,0,0,0,0,0,0,0,0,0,0,0,0,0,0),(376,0,0,0,0,0,0,0,0,0,0,0,0,0,0),(375,0,0,0,0,0,0,0,0,0,0,0,0,0,0),(374,0,0,0,0,0,0,0,0,0,0,0,0,0,0),(373,0,0,0,0,0,0,0,0,0,0,0,0,0,0),(372,0,0,0,0,0,0,0,0,0,0,0,0,0,0),(371,0,0,0,0,0,0,0,0,0,0,0,0,0,0),(370,1,1,1,0,0,0,0,0,0,0,0,0,0,1),(380,0,0,0,0,0,0,0,0,0,0,0,0,0,0),(381,0,0,0,0,0,0,0,0,0,0,0,0,0,0),(382,0,0,0,0,0,0,0,0,0,0,0,0,0,0),(388,0,0,0,0,0,0,0,0,0,0,0,0,0,0),(389,0,0,0,0,0,0,0,0,0,0,0,0,0,0),(390,0,0,0,0,0,0,0,0,0,0,0,0,0,0),(391,0,0,0,0,0,0,0,0,0,0,0,0,0,0),(392,0,0,0,0,0,0,0,0,0,0,0,0,0,0),(393,0,0,0,0,0,0,0,0,0,0,0,0,0,0),(394,0,0,0,0,0,0,0,0,0,0,0,0,0,0),(395,0,0,0,0,0,0,0,0,0,0,0,0,0,0),(399,0,0,0,0,0,0,0,0,0,1,0,0,0,0),(400,1,1,1,0,0,0,0,0,0,0,0,0,0,0),(401,1,1,1,0,0,0,0,0,0,0,0,0,0,0),(415,0,0,0,0,0,0,0,0,0,1,0,0,0,0),(416,1,1,1,0,0,0,0,0,0,0,0,0,0,0),(417,0,0,0,0,0,0,0,0,0,1,0,0,1,0),(418,1,1,1,0,0,0,0,0,0,0,0,0,0,0),(432,1,1,1,0,0,0,0,0,0,0,0,0,0,0),(434,1,1,1,1,0,0,0,0,0,0,0,0,0,0),(438,0,0,0,0,0,0,0,0,0,1,0,0,0,0),(439,1,1,1,0,0,0,0,0,0,0,0,0,0,0),(441,1,1,1,0,0,0,0,0,0,0,0,0,0,0),(442,0,0,0,0,0,0,0,0,0,1,0,0,0,0),(443,0,0,1,0,0,0,0,0,0,0,0,0,0,0),(444,0,0,1,0,0,0,0,0,0,0,0,0,0,0),(445,0,0,1,0,0,0,0,0,0,0,0,0,0,0),(446,0,0,1,0,0,0,0,0,0,0,0,0,0,0),(447,0,0,1,0,0,0,0,0,0,0,0,0,0,0),(448,0,0,1,0,0,0,0,0,0,0,0,0,0,0),(449,0,0,1,0,0,0,0,0,0,0,0,0,0,0),(450,0,0,1,0,0,0,0,0,0,0,0,0,0,0),(451,0,0,1,0,0,0,0,0,0,0,0,0,0,0),(452,0,0,1,0,0,0,0,0,0,0,0,0,0,0),(453,0,0,1,0,0,0,0,0,0,0,0,0,0,0),(454,0,0,1,0,0,0,0,0,0,0,0,0,0,0),(455,0,0,1,0,0,0,0,0,0,0,0,0,0,0),(456,0,0,1,0,0,0,0,0,0,0,0,0,0,0),(459,0,0,0,0,0,0,0,0,0,1,0,0,0,0),(460,1,1,1,0,0,0,0,0,0,0,0,0,0,0),(462,1,1,1,0,0,0,0,0,0,0,0,0,0,0),(463,1,1,1,0,0,0,0,0,0,0,0,0,0,0),(464,1,1,1,0,0,0,0,0,0,0,0,0,0,0),(465,1,1,1,0,0,0,0,0,0,0,0,0,0,0),(466,1,1,1,0,0,0,0,0,0,0,0,0,0,0),(467,1,1,1,0,0,0,0,0,0,0,0,0,0,0),(468,1,1,1,0,0,0,0,0,0,0,0,0,0,0),(469,1,1,1,0,0,0,0,0,0,0,0,0,0,0),(470,0,0,0,0,0,0,0,0,0,1,0,0,0,0),(471,0,0,0,0,0,0,0,0,0,1,0,0,0,0),(472,1,1,1,0,0,0,0,0,0,0,0,0,0,0),(473,1,1,1,0,0,0,0,0,0,0,0,0,0,0),(474,1,1,1,0,0,0,0,0,0,0,0,0,0,1),(475,1,1,1,0,0,0,0,0,0,0,0,0,0,0),(476,1,1,1,0,0,0,0,0,0,0,0,0,0,0),(477,1,1,1,0,0,0,0,0,0,0,0,0,0,0),(478,1,1,1,0,0,0,0,0,0,0,0,0,0,0),(479,0,0,0,0,0,0,0,0,0,0,0,0,0,0),(480,1,1,1,0,0,0,0,0,0,0,0,0,0,0),(481,1,1,1,0,0,0,0,0,0,0,0,0,0,0),(482,1,1,1,0,0,0,0,0,0,1,0,0,0,0),(483,1,1,1,0,0,0,0,0,0,0,0,0,0,0),(486,1,1,1,0,0,0,0,0,0,1,0,0,0,0),(487,1,1,1,0,0,0,0,0,0,0,0,0,0,0),(488,0,0,0,0,0,0,0,0,0,1,0,0,0,0),(489,1,1,1,0,0,0,0,0,0,0,0,0,0,0),(490,1,1,1,0,0,0,0,0,0,0,0,0,0,0),(491,1,1,1,0,0,0,0,0,0,0,0,0,0,0),(492,1,1,1,0,0,0,0,0,0,0,0,0,0,0),(493,1,1,1,1,0,0,0,0,0,0,0,0,0,0),(494,0,0,0,0,0,0,0,0,0,0,0,0,0,0),(495,0,0,0,0,0,0,0,0,0,0,0,0,0,0),(496,0,0,0,0,0,0,0,0,0,0,0,0,0,0),(497,1,1,1,0,0,0,0,0,0,0,0,0,0,0),(498,1,1,1,0,0,0,0,0,0,0,0,0,0,0),(499,0,0,0,0,0,0,0,0,0,1,0,0,0,0),(500,1,1,1,0,0,0,0,0,0,0,0,0,0,0),(501,1,1,1,0,0,0,0,0,0,0,0,0,0,0),(502,1,1,1,0,0,0,0,0,0,0,0,0,0,0),(503,0,0,0,0,0,0,0,0,0,0,0,0,0,0),(504,0,0,0,0,0,0,0,0,0,0,0,0,0,0),(505,1,1,1,0,0,0,0,0,0,0,0,0,0,0),(506,0,0,0,0,0,0,0,0,0,1,0,0,0,0),(507,0,0,0,0,0,0,0,0,0,0,0,0,0,0),(508,0,0,0,0,0,0,0,0,0,0,0,0,0,0),(509,0,0,0,0,0,0,0,0,0,0,0,0,0,0),(510,0,0,0,0,0,0,0,0,0,0,0,0,0,0),(511,0,0,0,0,0,0,0,0,0,0,0,0,0,0),(512,0,0,0,0,0,0,0,0,0,0,0,0,0,0),(513,0,0,0,0,0,0,0,0,0,0,0,0,0,0),(514,0,0,0,0,0,0,0,0,0,0,0,0,0,0),(515,0,0,0,0,0,0,0,0,0,0,0,0,0,0),(516,0,0,0,0,0,0,0,0,0,0,0,0,0,0),(517,0,0,0,0,0,0,0,0,0,0,0,0,0,0),(518,0,0,0,0,0,0,0,0,0,0,0,0,0,0),(519,0,0,0,0,0,0,0,0,0,0,0,0,0,0),(520,0,0,0,0,0,0,0,0,0,0,0,0,0,0),(521,0,0,0,0,0,0,0,0,0,0,0,0,0,0),(522,0,0,0,0,0,0,0,0,0,0,0,0,0,0),(523,0,0,0,0,0,0,0,0,0,0,0,0,0,0),(524,1,1,1,0,0,0,0,0,0,0,0,0,0,0),(525,1,1,1,0,0,0,0,0,0,0,0,0,0,0),(526,1,1,1,0,0,0,0,0,0,0,0,0,0,0),(527,1,1,1,0,0,0,0,0,0,0,0,0,0,0),(528,0,0,0,0,0,0,0,0,0,0,0,0,0,0),(529,1,1,1,0,0,0,0,0,0,0,0,0,0,0),(530,0,0,0,0,0,0,0,0,0,0,0,0,0,0),(531,1,1,1,0,0,0,0,0,0,0,0,0,0,0),(532,1,1,1,0,0,0,0,0,0,0,0,0,0,0),(533,0,0,0,0,0,0,0,0,0,0,0,0,0,0),(534,0,0,0,0,0,0,0,0,0,0,0,0,0,0),(535,1,1,1,0,0,0,0,0,0,0,0,0,0,0),(536,0,0,0,0,0,0,0,0,0,0,0,0,0,0),(537,0,0,0,0,0,0,0,0,0,0,0,0,0,0),(538,1,1,1,0,0,0,0,0,0,0,0,0,0,0),(539,0,0,0,0,0,0,0,0,0,0,0,0,0,0),(540,0,0,0,0,0,0,0,0,0,0,0,0,0,0),(541,1,1,1,1,0,0,0,0,0,0,0,0,0,0),(542,1,1,1,1,0,0,0,0,0,0,0,0,0,0),(543,1,1,1,1,0,0,0,0,0,0,0,0,0,0),(544,0,0,0,0,0,0,0,0,0,0,0,0,0,0),(545,1,1,1,0,0,0,0,0,0,0,0,0,0,0),(546,1,1,1,0,0,0,0,0,0,0,0,0,0,0),(547,1,1,1,0,0,0,0,0,0,0,0,0,0,0),(548,1,1,1,0,0,0,0,0,0,0,0,0,0,0),(549,1,1,1,0,0,0,0,0,0,0,0,0,0,0),(550,1,1,1,0,0,0,0,0,0,0,0,0,0,0),(551,1,1,1,0,0,0,0,0,0,0,0,0,0,0),(552,1,1,1,0,0,0,0,0,0,0,0,0,0,0),(553,1,1,1,0,0,0,0,0,0,0,0,0,0,0),(554,1,1,1,0,0,0,0,0,0,0,0,0,0,0),(555,0,0,0,0,0,0,0,0,0,0,0,0,0,0),(556,1,1,1,0,0,0,0,0,0,0,0,0,0,0);
UNLOCK TABLES;
/*!40000 ALTER TABLE `Members_Martial` ENABLE KEYS */;

--
-- Table structure for table `Members_Portrait`
--

DROP TABLE IF EXISTS `Members_Portrait`;
CREATE TABLE `Members_Portrait` (
  `ID` int(10) unsigned NOT NULL auto_increment,
  `Member_ID` int(10) unsigned NOT NULL default '0',
  `Date` date default NULL,
  `Description` varchar(255) default NULL,
  `Image` blob,
  PRIMARY KEY  (`ID`)
) ENGINE=MyISAM DEFAULT CHARSET=latin1;

--
-- Dumping data for table `Members_Portrait`
--


/*!40000 ALTER TABLE `Members_Portrait` DISABLE KEYS */;
LOCK TABLES `Members_Portrait` WRITE;
UNLOCK TABLES;
/*!40000 ALTER TABLE `Members_Portrait` ENABLE KEYS */;

--
-- Table structure for table `Members_Rank`
--

DROP TABLE IF EXISTS `Members_Rank`;
CREATE TABLE `Members_Rank` (
  `People_ID` int(10) unsigned NOT NULL default '0',
  `Rank_ID` int(10) unsigned NOT NULL default '0',
  `Date` date default NULL,
  `Location` varchar(64) default NULL,
  `Notes` varchar(255) default NULL,
  KEY `Rank_ID` (`Rank_ID`),
  KEY `People_ID` (`People_ID`)
) ENGINE=MyISAM DEFAULT CHARSET=latin1;

--
-- Dumping data for table `Members_Rank`
--


/*!40000 ALTER TABLE `Members_Rank` DISABLE KEYS */;
LOCK TABLES `Members_Rank` WRITE;
INSERT INTO `Members_Rank` (`People_ID`, `Rank_ID`, `Date`, `Location`, `Notes`) VALUES (3,1,'2000-11-27','Innes Park','\r'),(4,1,'2001-05-01','Regent Park','\r'),(6,1,'2000-08-20','','\r'),(7,1,'2001-12-08','Regent Park','\r'),(10,1,'2002-08-25','','\r'),(4,2,'2000-01-15','Innes Park',''),(1,2,'1999-05-15','Innes Park',''),(13,1,'0000-00-00','','\r'),(14,1,'2002-09-22','','\r'),(15,1,'2000-07-16','','\r'),(16,1,'0000-00-00','','\r'),(17,1,'0000-00-00','','\r'),(18,1,'2002-11-27','','\r'),(19,1,'0000-00-00','','\r'),(21,1,'2000-07-15','','\r'),(22,1,'0000-00-00','','\r'),(23,1,'2001-06-17','','\r'),(24,1,'0000-00-00','','\r'),(25,1,'0000-00-00','','\r'),(26,1,'2002-03-18','','\r'),(29,1,'0000-00-00','','\r'),(30,1,'0000-00-00','','\r'),(32,1,'0000-00-00','','\r'),(33,1,'0000-00-00','','\r'),(2,2,'2000-01-15','Innes Park',''),(35,1,'2000-11-26','','\r'),(3,1,'2000-07-16','Innes Park',''),(37,1,'2002-03-11','','\r'),(38,1,'2001-01-14','','\r'),(40,1,'2001-09-15','','\r'),(41,1,'0000-00-00','','\r'),(42,1,'2001-11-19','','\r'),(43,1,'2000-12-03','','\r'),(44,1,'0000-00-00','','\r'),(45,1,'2002-06-26','','\r'),(46,1,'2002-10-08','','\r'),(47,1,'2002-10-06','','\r'),(48,1,'0000-00-00','','\r'),(49,1,'2002-09-16','','\r'),(60,1,'0000-00-00','','\r'),(51,1,'2002-08-19','St.Clair','\r'),(52,1,'0000-00-00','','\r'),(12,3,'2000-10-15','Innes Park','\r'),(34,3,'2001-10-14','Innes Park','\r'),(36,2,'2000-11-05','Innes Park','\r'),(36,3,'2003-04-13','St.Clair','\r'),(3,2,'2001-05-27','Regent Park','\r'),(21,2,'2001-05-27','Regent Park','\r'),(23,2,'2002-02-17','Regent Park','\r'),(40,2,'2002-04-07','Regent Park','\r'),(38,2,'2002-04-21','Regent Park','\r'),(52,2,'2002-05-05','St.Clair','\r'),(53,2,'2002-05-08','St.Clair','\r'),(42,2,'2003-03-02','St.Clair','\r'),(7,2,'2003-06-15','St.Clair','\r'),(41,2,'2003-07-20','St.Clair','\r'),(12,6,'2000-10-15','Innes Park','\r'),(34,6,'2001-10-14','Innes Park','\r'),(2,1,'2004-01-18','St.Clair','\r'),(97,1,'2004-03-01','Ossington','\r'),(98,1,'2004-03-07','Ossington','\r'),(99,1,'2004-03-07','Ossington','\r'),(100,1,'2004-04-27','Ossington','\r'),(101,1,'2004-05-23','Ossington','\r'),(102,1,'2004-05-16','Ossington','\r'),(103,1,'2004-05-10','Ossington','\r'),(18,2,'2004-02-08','Ossington','\r'),(17,2,'2004-03-28','Ossington','\r'),(104,1,'2004-05-10','Ossington','\r'),(105,1,'2003-11-23','St.Clair','\r'),(106,1,'2003-12-08','St.Clair','\r'),(107,1,'2004-03-29','Ossington','\r'),(108,1,'2004-04-26','Ossington','\r'),(109,1,'2004-05-10','Ossington','\r'),(110,1,'2004-06-27','Ossington','\r'),(111,1,'2004-06-28','Ossington','\r'),(112,1,'2004-09-17','Ossington','\r'),(113,1,'2004-09-22','Ossington','\r'),(114,1,'2004-09-22','Ossington','\r'),(115,1,'2004-09-22','Ossington','\r'),(116,1,'2004-09-13','Ossington','\r'),(117,1,'2004-10-17','Ossington','\r'),(118,1,'2004-10-31','Ossington',''),(119,1,'2004-11-10','Ossington','\r'),(27,1,'2003-10-29','St.Clair','\r'),(51,2,'2004-11-14','Ossington','\r'),(120,1,'2004-11-10','Ossington','\r'),(121,1,'2004-11-17','Ossington','\r'),(122,1,'2003-05-13','Guelph','\r'),(123,1,'2004-01-12','Guelph','\r'),(124,1,'2004-01-12','Guelph','\r'),(125,1,'2004-09-15','Guelph','\r'),(126,1,'2004-09-15','Guelph','\r'),(127,1,'2004-10-18','Guelph','\r'),(128,1,'2004-10-18','Guelph','\r'),(129,1,'2002-07-25','Guelph','\r'),(130,1,'2002-09-15','Guelph','\r'),(131,1,'2003-04-08','Guelph','\r'),(132,1,'2004-01-15','Guelph','\r'),(133,1,'2004-01-03','Guelph','\r'),(134,1,'2004-11-21','Ossington','\r'),(135,1,'2004-11-22','Ossington','\r'),(136,1,'2004-11-24','Ossington','\r'),(137,1,'2004-11-28','Ossington','\r'),(138,1,'2004-12-06','Ossington','\r'),(139,1,'2004-12-08','Ossington','\r'),(140,1,'2005-01-03','Ossington','\r'),(141,1,'2005-01-05','Ossington','\r'),(142,1,'2005-01-05','Ossington','\r'),(123,2,'2005-01-09','Ossington','\r'),(143,1,'2005-01-12','Ossington','\r'),(144,1,'2004-09-14','Ossington','\r'),(145,1,'2005-01-10','Ossington','\r'),(146,1,'2005-01-10','Ossington','\r'),(147,1,'2005-01-10','Ossington','\r'),(148,1,'2005-01-26','Ossington','\r'),(122,2,'2005-02-20','Ossington','\r'),(149,1,'2005-01-17','Ossington','\r'),(150,7,'2005-02-18','Ossington','\r'),(151,7,'2005-02-12','Ossington','\r'),(152,1,'2005-02-23','Ossington','\r'),(27,2,'2005-03-06','Ossington','\r'),(153,1,'2005-03-21','Ossington','\r'),(154,1,'2005-04-03','Ossington','\r'),(155,1,'2005-05-04','Ossington','\r'),(156,1,'2005-04-30','Ossington','\r'),(157,1,'2005-05-01','Ossington','\r'),(158,1,'2005-05-11','Ossington','\r'),(107,2,'2005-05-29','Ossington','\r'),(159,1,'2005-06-12','Ossington','\r'),(160,1,'2006-01-18','Ossington','\r'),(161,1,'2006-01-09','Ossington','\r'),(162,1,'2006-01-08','Ossington','\r'),(163,1,'2006-01-16','Ossington','\r'),(164,1,'2006-02-02','Ossington','\r'),(165,1,'2006-02-06','Ossington','\r'),(166,1,'2006-01-08','Ossington','\r'),(167,1,'2006-01-25','Ossington','\r'),(168,1,'2005-11-13','Ossington','\r'),(169,1,'2005-10-30','Ossington','\r'),(170,1,'2005-10-22','Ossington','\r'),(171,1,'2005-10-05','Ossington','\r'),(172,1,'2005-09-25','Ossington','\r'),(173,1,'2005-09-11','Ossington','\r'),(174,1,'2005-08-24','Ossington','\r'),(175,1,'2005-08-21','Ossington','\r'),(176,1,'2005-08-17','Ossington','\r'),(177,1,'2005-07-25','Ossington','\r'),(178,1,'2005-06-30','Ossington','\r'),(179,1,'2005-07-04','Ossington','\r'),(180,1,'2005-06-01','Ossington','\r'),(181,1,'2005-06-01','Ossington','\r'),(182,1,'2005-05-28','Ossington','\r'),(183,1,'2005-03-06','Ossington','\r'),(184,1,'0000-00-00','Ossington','\r'),(185,1,'2005-05-25','Ossington','\r'),(186,1,'2006-02-13','Ossington','\r'),(187,1,'2006-01-08','Ossington','\r'),(28,1,'2003-11-09','St. Clair',NULL),(28,2,'2006-04-02','Ossington',NULL),(118,2,'2005-10-23','Ossington',NULL),(51,2,'2004-11-14',NULL,NULL);
UNLOCK TABLES;
/*!40000 ALTER TABLE `Members_Rank` ENABLE KEYS */;

--
-- Table structure for table `PayMethod`
--

DROP TABLE IF EXISTS `PayMethod`;
CREATE TABLE `PayMethod` (
  `ID` int(10) unsigned NOT NULL auto_increment,
  `Description` varchar(20) default NULL,
  PRIMARY KEY  (`ID`),
  KEY `PayMethod_Desc` (`Description`)
) ENGINE=MyISAM AUTO_INCREMENT=14 DEFAULT CHARSET=latin1;

--
-- Dumping data for table `PayMethod`
--


/*!40000 ALTER TABLE `PayMethod` DISABLE KEYS */;
LOCK TABLES `PayMethod` WRITE;
INSERT INTO `PayMethod` (`ID`, `Description`) VALUES (1,'NA'),(2,'Cash'),(3,'Cheque'),(6,'Debit Card'),(7,'Money Order'),(8,'Online Payment'),(9,'VISA'),(10,'MasterCard'),(11,'American Express'),(12,'Diner\'s Club'),(4,'6 post-dated cheques'),(5,'3 post-dated cheques'),(13,'Online Subscription');
UNLOCK TABLES;
/*!40000 ALTER TABLE `PayMethod` ENABLE KEYS */;

--
-- Table structure for table `People`
--

DROP TABLE IF EXISTS `People`;
CREATE TABLE `People` (
  `ID` int(10) unsigned NOT NULL auto_increment,
  `MemberStatus_ID` int(10) unsigned NOT NULL default '1',
  `MemberType_ID` int(10) unsigned NOT NULL default '1',
  `PayMethod_ID` int(10) unsigned NOT NULL default '1',
  `School` varchar(6) default NULL,
  `FirstName` varchar(25) default NULL,
  `MiddleInitial` varchar(20) default NULL,
  `LastName` varchar(45) NOT NULL default '',
  `Salutation` varchar(12) default NULL,
  `AddressProtocol` varchar(64) default NULL,
  `Address1` varchar(64) default NULL,
  `Address2` varchar(64) default NULL,
  `Address3` varchar(64) default NULL,
  `City` varchar(32) default NULL,
  `ProvState` char(2) default 'ON',
  `PCZip` varchar(12) default NULL,
  `Country` varchar(32) default 'Canada',
  `NumHome` varchar(20) default NULL,
  `NumOffice` varchar(20) default NULL,
  `NumFax` varchar(20) default NULL,
  `NumMobile` varchar(20) default NULL,
  `EMail` varchar(50) default NULL,
  `EmergContactName` varchar(64) default NULL,
  `EmergContactPhone` varchar(20) default NULL,
  `portrait_URL` varchar(128) default 'http://www.aemma.org/images/bio_photos/bio_noPhotoDbase.jpg',
  `arms_URL` varchar(128) default 'http://www.aemma.org/arms/a/aemma_80.jpg',
  `Occupation` varchar(32) default NULL,
  `Gender` char(1) NOT NULL default 'M',
  `TransportationMode` tinyint(4) default NULL,
  `PreviousMartial` tinyint(1) default '0',
  `Spouse` varchar(32) default NULL,
  `BirthDate` date default NULL,
  `Deceased` tinyint(1) default '0',
  `DeceasedDate` date default NULL,
  `Interests` varchar(64) default NULL,
  `Armigerous` tinyint(1) default '0',
  `ArmsSource` varchar(64) default NULL,
  `Blazon` longtext,
  `PostNominals` varchar(64) default NULL,
  `OtherPNs` varchar(64) default NULL,
  `AcademicDegree` varchar(64) default NULL,
  `AcademicInstitution` varchar(64) default NULL,
  `FirstAidTraining` tinyint(1) default '0',
  `Injury` tinyint(1) default '0',
  `InjuryReport` longtext,
  `EnrolledElist` tinyint(1) default '0',
  `DateJoined` date default NULL,
  `free_month` tinyint(1) default '0',
  `HeardFrom` varchar(32) default NULL,
  `FeesGoodTillDate` date default NULL,
  `PaymentReceived` date default NULL,
  `Medical` longtext,
  `ArmouredHarness` tinyint(1) default '0',
  `ArmouredHarnessDescription` longtext,
  `UnarmouredHarnessDescription` longtext,
  `TrainingComments` longtext,
  `Rank` tinyint(4) NOT NULL default '1',
  `RankDate` date default NULL,
  `RankLoc` varchar(32) default NULL,
  `scholar_comments` longtext,
  `scholar_grap_dag_comments` longtext,
  `scholar_sword_buck_comments` longtext,
  `scholar_longsword_comments` longtext,
  `scholar_poleweapons_comments` longtext,
  `scholar_armoured_comments` longtext,
  `PeriodGarments` longtext,
  `ArcheryDescription` longtext,
  `TTAC3Description` longtext,
  `Comments` longtext,
  PRIMARY KEY  (`ID`),
  KEY `People_LastName` (`LastName`),
  KEY `Payment_ID` (`PayMethod_ID`),
  KEY `MemberType_ID` (`MemberType_ID`),
  KEY `MemberStatus_ID` (`MemberStatus_ID`),
  KEY `ID` (`ID`)
) ENGINE=MyISAM AUTO_INCREMENT=557 DEFAULT CHARSET=latin1;

--
-- Dumping data for table `People`
--


/*!40000 ALTER TABLE `People` DISABLE KEYS */;
LOCK TABLES `People` WRITE;
INSERT INTO `People` (`ID`, `MemberStatus_ID`, `MemberType_ID`, `PayMethod_ID`, `School`, `FirstName`, `MiddleInitial`, `LastName`, `Salutation`, `AddressProtocol`, `Address1`, `Address2`, `Address3`, `City`, `ProvState`, `PCZip`, `Country`, `NumHome`, `NumOffice`, `NumFax`, `NumMobile`, `EMail`, `EmergContactName`, `EmergContactPhone`, `portrait_URL`, `arms_URL`, `Occupation`, `Gender`, `TransportationMode`, `PreviousMartial`, `Spouse`, `BirthDate`, `Deceased`, `DeceasedDate`, `Interests`, `Armigerous`, `ArmsSource`, `Blazon`, `PostNominals`, `OtherPNs`, `AcademicDegree`, `AcademicInstitution`, `FirstAidTraining`, `Injury`, `InjuryReport`, `EnrolledElist`, `DateJoined`, `free_month`, `HeardFrom`, `FeesGoodTillDate`, `PaymentReceived`, `Medical`, `ArmouredHarness`, `ArmouredHarnessDescription`, `UnarmouredHarnessDescription`, `TrainingComments`, `Rank`, `RankDate`, `RankLoc`, `scholar_comments`, `scholar_grap_dag_comments`, `scholar_sword_buck_comments`, `scholar_longsword_comments`, `scholar_poleweapons_comments`, `scholar_armoured_comments`, `PeriodGarments`, `ArcheryDescription`, `TTAC3Description`, `Comments`) VALUES (1,2,7,1,'AEMMA','David','Michael','Cvet','Mr.','Mr. David M. Cvet','822 - 18 Concorde Place',NULL,NULL,'North York','ON','M3C 3T9','Canada','416-391-5260','902-245-5108 (NS)',NULL,'416-726-8314','david.cvet@aemma.org','Dr. Natasha Grell','(416) 488-1455','http://www.aemma.org/images/bio_photos/bio_dcvet.jpg','http://www.aemma.org/arms/c/cvet_dm_80.jpg','IT Professional (retired)','M',2,1,'Gail J. Smith','1955-06-26',0,NULL,'heraldry, scuba, cycling',1,'Canadian Heraldic Authority, Ottawa','Arms:  	Quarterly, Argent and Sable an eagle displayed Azure beaked and membered Gules charged on the breast with a rose Argent and wearing a coronet of pearls Gules.\r\nCrest: 	A demi catamount Azure holding in its dexter paw a sword Argent and resting its sinister paw upon a closed book Gules.\r\nMotto: 	PRUDENTIA AUDATIA CELERITAS FORTITUDO (Prudence, daring, swiftness, strength)\r\nBadge:    On a plate within a belt Azure edged, buckled and inscribed with the Motto in letters Argent, an eagles head erased Azure beaked Gules.\r\nFlag: 	A banner of the Arms.\r\nStandard: 	The Arms in hoist, the fly per fess Argent and Sable charged with the Crest and the Badge.\r\nSource:  	Grant, Canadian Heraldic Authority, October 15, 2004.\r\nArtist: 	Ilona Jurkiewicz\r\nCalligrapher: 	Shirley Mangione','B.Sc.',NULL,'B.Sc.','University of Toronto',1,1,'Received a horizontal cut to the bridge of the nose from Brians kettle helm at a demonstration bout in Kitchener. No stitches were required. (2000)<br><br>\r\n\r\nIncurred an injury during an armoured bout, by a sword stab to the right hand between the index finger and thumb.  David was taken to Mount Sinai emergency where he received 5 stitches to close the wound. (2004)',1,'1998-05-18',1,NULL,NULL,NULL,'- problem knees (developed late 2005).',1,'14th century transitional harness, segmented breast plate, rivited mail shirt, hounskul helm with rivited mail aventail, metal uppers and vambraces, metal & leather gorget, segmented metal solarets, full leg armour including full metal greeves, metal hour-glass finger gauntlets.','Black gambeson, leather gorget, fencing mask, leather gauntlets augmented with metal demi-gauntlets, and leather & metal vambraces with cops.',NULL,4,'2005-05-01','Ossington',NULL,NULL,NULL,NULL,NULL,NULL,'14th century garment with black long cotehardie, silver buttons front and sleeves, burgundy hood (nockert type), burgundy leather belt, French dagger and Towton arming sword, burgundy leggings and period footwear.','English longbow (65 lb) purchased from Quicks, 31in. bows, quiver, finger & forearm protection.',NULL,'David is the founder of AEMMA.\r\n\r\nEarned the National Coaching Certification Program (NCCP) Level 1 theory, a national coaching certification program part of the Coaching Association of Canada (2005).\r\n\r\nBasic First Aid & CPR (Feb 2006)'),(2,2,7,1,'AEMMA','Brian','A','McIlmoyle','Mr.','Mr. Brian McIlmoyle','1187 Roselawn Ave.','',NULL,'Toronto','ON','M6B 1C6','Canada','(416) 789-3515',NULL,NULL,'(416) 434-6482','brian.mcilmoyle@aemma.org',NULL,NULL,'http://www.aemma.org/images/bio_photos/bio_bmcilmoyle.jpg','http://www.aemma.org/arms/m/mcilmoyle_80.jpg','Ontario Trustee','M',2,0,'Betty (Spike) Cavasan','1965-07-28',0,NULL,NULL,1,'Assumed','Purpure, on a saltire Argent a 8-pointed compass Sable, on a chief of the second, two 8-pointed compasses of the third.\r\nCrest: 	NA\r\nMotto: 	POSTREMO HONOR (The last thing is honor)\r\nBadge: 	On a plate within a belt Purpure edged, buckled and inscribed with the Motto in letters Argent, a 8-pointed compass Sable.',NULL,NULL,NULL,NULL,0,1,'Received a horizontal cut to the bridge of the nose from Davids kettle helm. No stitches were required. (2000)',1,'1999-01-09',0,'David M. Cvet',NULL,NULL,'- bad knees - have been rebuilt at least once',1,'A complete harness, with variations in the armour, a klapenvisor helm, metal gauntlets, metal breastplate, leather and metal arms, metal cuises and greeves, metal hour-glass finger gauntlets.','Salmon coloured gambeson, metal elbow cops, fencing mask, gorget.',NULL,4,'2006-01-01','Ossington',NULL,NULL,NULL,NULL,NULL,NULL,'Possesses a variety of period garments, both for men and women. ',NULL,NULL,'Brian is co-Founder of AEMMA and is its Principle Instructor.'),(4,2,7,1,'AEMMA','Anton','J','Cvet','Mr.','Mr. Anton J. Cvet','23 St. Remy Dr.',NULL,NULL,'Ottawa','ON','K2J 1A7','Canada','(613) 552-1528',NULL,NULL,'(613) 552-1528','ajcvet@aemma.org',NULL,NULL,'http://www.aemma.org/images/bio_photos/bio_ajcvet.jpg','http://www.aemma.org/arms/c/cvet_aj_80.jpg','frieght aircraft pilot','M',2,0,'Wendy Smith','1960-01-07',0,NULL,NULL,1,'Assumed, November 2004','Arms:  	Quarterly, Argent and Sable an eagle displayed Azure beaked and membered Gules charged on the breast with a crescent Or and rose Argent and wearing a coronet of pearls Gules.',NULL,NULL,NULL,NULL,0,0,NULL,1,'2000-01-15',0,'David M. Cvet',NULL,NULL,NULL,1,'early 14th century transitional harness, with leather-plate breast plate, hounskul helm with butted mail aventail, mail shirt provides defenses under the leather and plate, leather cuises and full metal greeves and segment metal solarets, metal hour-glass finger gauntlets.','brown gambeson, metal gauntlets, gorget, fencing helm.\r\n',NULL,4,'2009-08-03','OMSG Camping Weekend',NULL,NULL,NULL,NULL,NULL,NULL,NULL,NULL,NULL,'Anton founded the Ottawa Sword Guild in 2001, an Associate Group of AEMMA. (Dec 2001)\r\nAnton was conveyed the rank of free sholler due to his effort and promotion of medieval martial arts, and the fact that he has been involved with AEMMA since its inception.  It was felt that this honorary rank we befitting of Anton, given that the OMSG will soon have their own free schollers as a result of their free scholler challenge. His rank was back-dated to January 15, 2002. (Jun 2005).\r\nAnton was conveyed the title of Provost at the OMSG camping weekend, Aug 3, 2009. He was titled as such, given Chris Penney successfully achieved his Free Scholler rank the same day. '),(6,2,5,2,'TTAC3','Paul','R.','Cobham','Mr.','Mr. Paul R. Cobham','2 Huntingwood Cres',NULL,NULL,'Brampton','ON','L6S 1S6','Canada','905.789.8247','905.789.8247',NULL,'905.866.1711','redshoes2000@sympatico.ca','Dr. Burgess','905.793.7077','http://www.factoronto.com/images/bio_photos/bio_nophoto.jpg','http://www.aemma.org/arms/a/aemma_80.jpg','plumber','M',0,0,NULL,'1962-06-21',0,NULL,NULL,0,NULL,NULL,NULL,NULL,'B.Ecc',NULL,0,0,NULL,0,'2000-08-20',0,NULL,'2007-09-17',NULL,NULL,0,NULL,NULL,'Paul, due to shoulder problems, has shifted his interest from medieval martial arts to TTAC3.',1,'2000-08-20','Innes Park',NULL,NULL,NULL,NULL,NULL,NULL,NULL,NULL,'guns','Paul and his son, Luke had trained religiously for a while.  Paul was in the process of starting his own plumbing business.  Paul showed definite fighting experience, having served in the British military, and who had apparently fought in the Falkland\\\\\\\'s war, dropping out of a helicopter via rope on their invasion of the islands.'),(8,2,2,1,'AEMMA','Nicolas',NULL,'Facundo-Rico',NULL,NULL,'930 Bathurst St. Apt. B',NULL,NULL,'Toronto','ON','M5R 3G5','Canada','(416) 652 3739',NULL,NULL,'(416) 652 3739','nico@nic-objects.com','Santiago','416.652.3739','http://www.aemma.org/images/bio_photos/bio_nfecundo-rico.jpg','http://www.aemma.org/arms/a/aemma_80.jpg','jeweler','M',0,0,NULL,'1976-03-31',0,NULL,NULL,0,NULL,NULL,NULL,NULL,NULL,NULL,0,0,NULL,1,'2003-07-23',0,'web - visit request','2010-07-30','2008-06-11',NULL,0,NULL,NULL,'Nicolas has a very small frame, almost feminine in structure, however, he does show relatively good skill with arming sword, but needs more work on the grappling and dagger. (Sep 2005) New job leaves little time for training. Casual as of June07 (Kel)',1,'2003-07-23','St. Clair',NULL,NULL,NULL,NULL,NULL,NULL,NULL,NULL,NULL,'alternate email: nicolasfacundo@rogers.com\r\nNicolas will train rapier Jan - end of July in exchange for his creating the dozen belt tips.  (dcvet Jan 2010)'),(10,3,1,1,'AEMMA','Miguel',NULL,'Cura','Mr.','Mr. Miguel Cura','11 Hagersville Court ',NULL,NULL,'Etobicoke','ON','M9C 4A2','Canada',NULL,'416.207.0892',NULL,NULL,'mcura@sympatico.ca','Tirso Cura','416.236.7099','http://www.aemma.org/images/bio_photos/bio_mcura.jpg','http://www.aemma.org/arms/a/aemma_80.jpg','computer animator','M',0,0,NULL,'1972-08-30',0,NULL,NULL,0,NULL,NULL,NULL,NULL,NULL,NULL,0,0,NULL,1,'2002-08-25',0,NULL,'2006-11-15',NULL,NULL,0,NULL,NULL,NULL,1,'2002-08-25','Ossington',NULL,NULL,NULL,NULL,NULL,NULL,NULL,NULL,NULL,'Miguel trains with some regularity, except when he has some big projects at work. He also cross-trains with JKD.\r\n- his website: http://www.learncartoon.com/'),(12,3,1,1,'AEMMA','Alex',NULL,'Altshuller','Mr.','Mr. Alex Altshuller','19 Jarvis Ave.',NULL,NULL,'Aurora','ON','L4G 6W8','Canada',NULL,'905.841.1127',NULL,'(416) 841-8330','alexey@aci.on.ca','Irina Belyaeva','905.841.1127','http://www.aemma.org/images/bio_photos/bio_noPhotoDbase.jpg','http://www.aemma.org/arms/a/aemma_80.jpg',NULL,'M',0,0,NULL,NULL,0,NULL,NULL,0,NULL,NULL,NULL,NULL,NULL,NULL,0,0,NULL,0,'2003-04-07',0,'web - visit request','0000-00-00',NULL,NULL,0,NULL,NULL,NULL,1,'2003-04-07','St. Clair',NULL,NULL,NULL,NULL,NULL,NULL,NULL,NULL,NULL,NULL),(14,2,20,13,'AEMMA','Terry',NULL,'DeCoste','Mr.','Mr. Terry DeCoste','160 Mutual Street',NULL,NULL,'Toronto','ON','M5B 2M1','Canada',NULL,'416.979.5000 x3271',NULL,NULL,'terrydecoste@hotmail.com','Lorna DeCoste','902.396.4320','http://www.aemma.org/images/bio_photos/bio_tdecoste.jpg','http://www.aemma.org/arms/d/decoste_80.jpg','student','M',2,0,NULL,'1982-03-25',0,NULL,NULL,1,'assumed, November 2007','arms: Per bend sinister wavy Sable and Argent, dexter chief\r\na mullet Or.\r\nsource: assumed, Nov 12, 2007\r\ndesign: Terry DeCoste',NULL,NULL,NULL,'Ryerson',0,0,NULL,1,'2002-09-22',0,NULL,'2010-01-21','2009-07-21',NULL,0,NULL,'black gambeson, fencing mask, lacrosse gloves, leather gorget.','Terrys style of fighting is deliberate, in that he is very careful when fighting (defensively), and therefore, is relatively successful at reducing the chances of error. (Nov 2005).',2,'2005-11-06','Ossington',NULL,NULL,NULL,NULL,NULL,NULL,NULL,NULL,NULL,'Due to work commitments, Terry is unable to train with any regularity. He continues to support AEMMA as a contributing member. (Jul 21, 2009)\r\nArms designed and submitted by Terry himself (Nov 12, 2007)'),(16,3,1,1,'AEMMA','Jim',NULL,'Dunk','Mr.','Mr. Jim Dunk','300 Wright Ave.',NULL,NULL,'Toronto','ON','M6R 1L9','Canada','416.536.1511','416.536.1511',NULL,NULL,'jim@simmsimaging.com','Holly Cadieux','416.536.1511','http://www.aemma.org/images/bio_photos/bio_noPhotoDbase.jpg','http://www.aemma.org/arms/a/aemma_80.jpg','computer graphics artist','M',0,0,NULL,'1971-03-23',0,NULL,NULL,0,NULL,NULL,NULL,NULL,NULL,NULL,0,0,NULL,0,'2003-02-05',0,NULL,'0000-00-00',NULL,NULL,0,NULL,NULL,NULL,1,'2003-02-05','St. Clair',NULL,NULL,NULL,NULL,NULL,NULL,NULL,NULL,NULL,'Jim works with Brett Simms, doing computer graphics.  His training was regular until he and his wife had their first child.  He\\\'s disappeared since then, due to time and financial constraints with the birth of their child.'),(18,2,1,3,'AEMMA','Matthew',NULL,'Fisher','Mr.','Mr. Matthew Fisher','4615 106A St. ','Apt #409',NULL,'Edmonton','AB','T6H 5H2','Canada','(780) 757-7868',NULL,NULL,NULL,'matt.fisher@sympatico.ca','Katherine Bellefontane','416.532.7312','http://www.aemma.org/images/bio_photos/bio_mfisher.jpg','http://www.aemma.org/arms/f/fisher_80.jpg','student','M',0,0,NULL,'1983-05-29',0,NULL,NULL,1,'Assumed','Arms: Quarterly, 1st Azure a Kingfishers head couped Argent, 2nd Argent, three goutt de larmes, 3rd and 4th Argent and Azure a chevron counterchanged.',NULL,NULL,NULL,'UofT',0,1,'Injury to the hands.',0,'2002-11-27',0,'web - visit request','2009-12-31','2007-07-24','allergies : dust, mold',1,'Good, clean lines of late 14th century harness, hounskul helm with rivited mail aventail, solarets, full legs including full greeves, fully plated arms, German style, metal finger gauntlets.','black gambeson, modified black lacrosse gloves, flat-soled KF boots, metal gorget, fencing mask.','His fencing technique is technically good.  He still needs to work on his distance and timing, but otherwise, an excellent fencer. (Jan 2006)',2,'2004-02-08','Ossington',NULL,NULL,NULL,NULL,NULL,NULL,NULL,NULL,NULL,'Matt following his graduation from UofT had obtained gainful employment with Bioware, a tech company in Edmonton started Jan 2008.  He plans to continue his WMA training by engaging with AES in Edmonton. (Dec 2007 - dcvet)\r\n\r\nMatt shows promise in being a future instructor.  He is very knowledgeable of Liberi, the principles and the techniques, and is always willing to point out subtleties as a result of his intense interest and study of the art.  \r\n'),(21,3,1,1,'AEMMA','Phil',NULL,'Groff',NULL,NULL,'139 Westwood Ave.',NULL,NULL,'Toronto','ON','M4K 2A9','Canada','(416)429-3831','416.596.2718',NULL,NULL,'pgroff@aemma.org','Dr. D. Leanoff','416.466.6699','http://www.aemma.org/images/bio_photos/bio_pgroff.jpg','http://www.aemma.org/arms/a/aemma_80.jpg','Risk Manager','M',0,0,'Mary Derocher','1966-03-11',0,NULL,NULL,0,NULL,NULL,NULL,NULL,'Ph.D',NULL,0,0,NULL,0,'2000-07-15',0,NULL,'0000-00-00',NULL,NULL,0,NULL,NULL,NULL,2,'2001-05-27','Regent Park',NULL,NULL,NULL,NULL,NULL,NULL,'Phil has appropriate 14th century garments. See his photo for what he wore at the Yonge Street Festival.',NULL,NULL,'Phil achieved his Ph.D. while training at AEMMA. He has since taken on a risk management job, which takes most of his free time. He has periodically volunteered at AEMMA events. He has a great voice, and knows the language of the medieval period.'),(23,3,3,1,'AEMMA','James',NULL,'Hobson',NULL,NULL,'95 DeCarle Circle','Unit #7',NULL,'Etobicoke','ON','M9B 3J5','Canada','416.622.7788','905.792.5064',NULL,'416.722.5152','jhobson@aemma.org',NULL,NULL,'http://www.aemma.org/images/bio_photos/bio_jhobson.jpg','http://www.aemma.org/arms/a/aemma_80.jpg','wharehouse manager','M',0,0,NULL,'1968-11-30',0,NULL,NULL,0,NULL,NULL,NULL,NULL,'high school',NULL,0,0,NULL,0,'2001-06-17',0,NULL,'0000-00-00',NULL,NULL,0,NULL,NULL,NULL,2,'2002-02-17','Regent Park',NULL,NULL,NULL,NULL,NULL,NULL,NULL,NULL,NULL,'James has had job problems in the past, working as a warehouse manager.  He had gone through a period of depression in 2005-early 2006.'),(25,3,1,1,'AEMMA','Jason','','Kendall','','','131 DArcy St.','','','Toronto','ON','','Canada','416.598.1663','416.598.1663','','','jason.kendall@haggarcanada.com','Wayne Kendall','905.337.0201','http://www.aemma.org/images/bio_photos/bio_noPhotoDbase.jpg','http://www.aemma.org/arms/a/aemma_80.jpg','','M',0,0,'','1973-10-02',0,NULL,'',0,'',NULL,'','','','',0,0,NULL,0,NULL,0,'','0000-00-00',NULL,NULL,0,'',NULL,NULL,1,NULL,NULL,NULL,NULL,NULL,NULL,NULL,NULL,NULL,NULL,NULL,''),(27,3,2,8,'AEMMA','Larry',NULL,'Brydon','Mr.','Mr. Larry Brydon','297 Hamilton St.',NULL,NULL,'Newmarket','ON','L3Y 3R5','Canada',NULL,'905.895.4899',NULL,NULL,'lbrydon@rogers.com','Kirsteen Brydon','905.895.4899','http://www.aemma.org/images/bio_photos/bio_lbrydon.jpg','http://www.aemma.org/arms/b/brydon_80.jpg','executive, Reliance Home Comfort','M',2,0,NULL,'1960-10-06',0,NULL,NULL,0,NULL,NULL,NULL,NULL,NULL,NULL,0,0,NULL,1,'2003-10-29',0,'Toronto Star newspaper article','2009-03-01','2009-02-09',NULL,1,'Late 14th or early 15th century, full plate harness, full legs and arms including metal segmented solarets, breastplate, mail underlying defense, hounskul helm, metal gorget, German style metal finger gauntlets.','black gambeson, metal gorget, fencing mask, period footwear (Revival), metal finger gauntlets.','Larry is an aggressive fencer and fighter, periodically, over-powering his opponents with brute strength. Through continuous training, and encouragement through instruction, his intensity has decreased a bit, but more work is needed.  His strikes will often cause injury, and bruising on his opponent.  He has good basic fencing skill, and is very fast. (Nov 2005)',2,'2005-03-06','Ossington',NULL,NULL,NULL,NULL,NULL,NULL,NULL,NULL,NULL,'Larry had lost approximately 40 lbs during training with AEMMA sometime in 2005, however, has put the poundage back on in 2006.  He used to play football at university (Mar 2006).\r\nReturned to Training Oct 2008, taking the Rapier program'),(29,3,3,1,'AEMMA','Mike','','Larsh','','','415 Scottsdale Dr.','','','Guelph','ON','N1G 2W6','Canada','','(519) 837-8796','','','mrlarsh@hotmail.com','','','http://www.aemma.org/images/bio_photos/bio_noPhotoDbase.jpg','http://www.aemma.org/arms/a/aemma_80.jpg','','M',0,0,'','1980-12-07',0,NULL,'',0,'',NULL,'','','','',0,0,NULL,0,'2002-05-27',0,'','0000-00-00',NULL,NULL,0,'',NULL,NULL,1,NULL,NULL,NULL,NULL,NULL,NULL,NULL,NULL,NULL,NULL,NULL,''),(31,3,1,1,'AEMMA','Bryan','A.','Comyn','Mr.','Mr. Bryan A. Comyn','21 Vaughan Road','Apt#1204',NULL,'Toronto','ON','M6G 2N2','Canada',NULL,'416.651.5427',NULL,NULL,'bcomyn@rogers.com','Linda Comyn','705.671.1681','http://www.aemma.org/images/bio_photos/bio_noPhotoDbase.jpg','http://www.aemma.org/arms/a/aemma_80.jpg',NULL,'M',0,0,NULL,'1974-05-18',0,NULL,NULL,0,NULL,NULL,NULL,NULL,NULL,NULL,0,0,NULL,0,'2003-11-17',0,NULL,'0000-00-00',NULL,NULL,0,NULL,NULL,NULL,1,NULL,NULL,NULL,NULL,NULL,NULL,NULL,NULL,NULL,NULL,NULL,NULL),(34,3,1,1,'AEMMA','Richard','J','Gallant',NULL,NULL,'28 Winston Ave.',NULL,NULL,'Scarborough','ON','M1N 1W3','Canada','416.690.1299','416.690.1299',NULL,NULL,'ricgallant@hotmail.com',NULL,NULL,'http://www.aemma.org/images/bio_photos/bio_noPhotoDbase.jpg','http://www.aemma.org/arms/a/aemma_80.jpg','millwright','M',0,0,NULL,'1955-05-16',0,NULL,NULL,0,NULL,NULL,NULL,NULL,'grade 12',NULL,0,0,NULL,0,'2004-01-18',0,'referred to by Matt Brundle','0000-00-00',NULL,NULL,0,NULL,NULL,NULL,1,'2004-01-18','St. Clair',NULL,NULL,NULL,NULL,NULL,NULL,NULL,NULL,NULL,'AEMMA: long-term absence survey - Apr 4, 2008\r\nHey David, Brian, Kel, Frank, Steve\r\n\r\nIt is too sad that I\\\\\\\'ve not kept with your wonderful training.\r\nI would like to first apologize on the fact I have forgotten some names of the AEMMA training staff.\r\n \r\nActually my intro was moving your last old school to your present school on Dupont??, but if you have moved again, Congratulations.\r\n \r\nI was introduced by Mat Brundle, who did try to keep me in the fold. I was training less than 1 year.\r\nIf only I were younger. LOL. I\\\\\\\'ll be 53 this year. Was I training about 3 years back. :(\r\n \r\nDavid, I could do it but a hand injury during hand to hand with Aldo was the true reason I stopped training. I left thinking to be back when it healed. I am a millwright mechanic and my hands are my work mates. The healing didn\\\\\\\'t happen fully for six months. By that time, being 50 and never had anything happen but a broken toe one bad sprain and a hernia, so I passed.\r\n.\r\n \r\nALL of the staff including the other disciplines training are top notch. Their help is in keeping classes with training and, well, I guess what I might be trying to say is that Oh boy Lets try,\r\nThe instructors did not approach me to train me, They wished for me to train with them.\r\nThey would freely give info and insight just by asking. Classes ran smoothly and on topic.\r\nTrainers always showed comradery, which is what drew me the most and miss the most.\r\nStudents were not allowed \\\\\\\"out of bounds nor overboard\\\\\\\" Easy to do with sword in hand :)\r\n \r\nYour rates at the time were ok with me. Now time is my problem and my Better Half says it\\\\\\\'s money.\r\nThere is nothing in memory that I would have changed.\r\n \r\nThanks for the Mail David.\r\nLets hope we meet again.\r\nRichard Gallant\r\n*********************************************\r\nhe was brought in via Matt Brundle (a neighbour of his).'),(36,3,1,1,'AEMMA','Chris','R.','Armstrong','Mr.','Mr. Chris R. Armstrong','415 Manor Road East',NULL,NULL,'Toronto','ON','M4S 1T1','Canada','(416) 488 8439','(416) 654-2513',NULL,'416 893 4598','carmstrong@interbrand.ca',NULL,NULL,'http://www.aemma.org/images/bio_photos/bio_carmstrong.jpg','http://www.aemma.org/arms/a/aemma_80.jpg',NULL,'',0,0,'Dana','1967-06-01',0,NULL,NULL,0,NULL,NULL,NULL,NULL,'diploma','Alberta College of Art & Design',0,0,NULL,0,'2000-11-27',0,NULL,'0000-00-00',NULL,NULL,1,'Early 13th century harness which includes a great helm, period surcoat, butted mail shirt, leggings and footwear, kite shield.  He also has a hounskul built by Peter Fuller in Calgary.',NULL,NULL,2,'2001-05-27','Regent Park',NULL,NULL,NULL,NULL,NULL,NULL,NULL,NULL,NULL,'Chris originally came from Calgary, and was a friend of Peter Fuller (Medieval Reproductions). Peter had started a small group, 12th-13th century, sword & shield which Chris was originally part of, till he moved to Toronto, and found AEMMA. (Feb 2001).\r\n\r\nChris went and got himself married to Danna that had a child, bought a house, and disappeared from AEMMA.  He periodically visits.  Now has three kids.  Plans on returning to practice once the youngest requires less of his time. (Oct 2006)'),(38,2,20,2,'AEMMA','Luis',NULL,'Pereira','Mr.','Mr. Luis Pereira','30 Connorvale Ave',NULL,NULL,'Etobicoke','ON','M8W 4A1','Canada','416-660-0315','416-660-0315',NULL,NULL,'ktullu@gmail.com','http://www.aemma.org/images/bio_photos/bio_lpereira.jpg','416.259.5904','http://www.aemma.org/images/bio_photos/bio_lpereira.jpg','http://www.aemma.org/arms/a/aemma_80.jpg',NULL,'M',1,0,NULL,'1965-12-31',0,NULL,NULL,0,NULL,NULL,NULL,NULL,'SSGD',NULL,0,0,NULL,1,'2001-01-14',0,NULL,'2009-09-01','2009-03-01',NULL,0,'A partial harness, has been working on it for a couple of years. Black gambeson, riveted mail shirt, metal finger gauntlets of the hour-glass style, metal & leather gorget, some arm plate, legs are not complete, no helm.','black gambeson, fencing mask, metal finger gauntlets, flat-soled footwear.',NULL,2,'2002-04-21','Regent Park',NULL,NULL,NULL,NULL,NULL,NULL,'A bluish tunic, period leather belt, pouch, rondel dagger, leggings and flat-footwear.',NULL,NULL,'Luis trains with regularity, except during periods of life changes, such as education or job changes.  He also has a propensity to become heavily engaged with the latest computer game.  He is also a high-ranking member of the OTO.  Luis still maintains his Portuguese passport, not having a Canadian passport.'),(40,2,5,1,'AEMMA','Kelly',NULL,'Rekuta','Mr.','Mr. Kelly Rekuta','849 Bem Ave.',NULL,NULL,'Pickering','ON','L1W 1X2','Canada','(905) 839.8578','(416) 784.5888',NULL,'(905) 391-9807','krekuta@sympatico.ca','Mary Anne Rekuta',NULL,'http://www.aemma.org/images/bio_photos/bio_krekuta.jpg','http://www.aemma.org/arms/r/rekuta_80.jpg','partner - Capital Findings','M',2,1,'Mary Anne','1961-01-16',0,NULL,'brewing, leatherwork, woodwork',1,'Assumed, August 1979','Arms: Sable, three dexter arms armoured conjoined and flexed in triangle, hands clenching a battle axe all proper all within a bordure embattled Or.',NULL,NULL,'B.Comm (Hons)','Uof Windsor',1,1,'May 2007. Headbutted Aldo while s&b fencing. Fencing mask imprinted forehead and broke the skin badly. No stitches.',1,'2001-09-15',0,NULL,NULL,NULL,'- bad knees, requires braces while wearing his armoured harness',1,'Late 14th century plate harness, leather cuisses, metal knee cops, splint greaves, period footwear (his own creation), plate gauntlets, wisby style pair of plates, klappvisor bascinet, leather and steel gorget.','green gambeson, leather gorget, leather gauntlets, fencing mask, period footwear.',NULL,3,'2005-12-04','Ossington',NULL,NULL,NULL,NULL,NULL,NULL,'Kelly has period garments for men and women.... Far too many.','55lb Bear takedown recurve. Arrow fletching in red and green.',NULL,'Kel is partners with Capital Findings, a source of leather goods and accessories. He also makes living history presentations to schools, etc. He reproduces medieval artifacts for display and demonstration.'),(42,2,1,4,'AEMMA','Darren','G.','Smith','Mr.','Mr. Darren Smith','3 Savalon Crt.',NULL,NULL,'Etobicoke','ON','M9B 2P3','Canada','416.793.5427','(416) 626-3324',NULL,'416.793.5427','darren.g.smith@gmail.com','Dr. Bob Molkovsky',NULL,'http://www.aemma.org/images/bio_photos/bio_dsmith.jpg','http://www.aemma.org/arms/a/aemma_80.jpg','Medieval Times squire','M',2,0,NULL,'1978-01-26',0,NULL,NULL,0,NULL,NULL,NULL,NULL,'BA.A','Ryerson',0,0,NULL,1,'2001-11-19',0,NULL,'2009-07-01','2008-12-29',NULL,0,'riveted mail shirt, leather gorget, klappvisor bascinet, brown leather pair of plates, splint leather arms, cuir boille legs, Wisby gauntlets','black gambeson, fencing mask, black coloured lacrosse/hockey gloves, leather gorget.','His fighting style needs more work, as his footwork is not so good.  He telegraphs his intentions too obviously, however, improvement does materialize when his training is regular.',2,'2003-03-02','St. Clair',NULL,NULL,NULL,NULL,NULL,NULL,NULL,NULL,NULL,'Darrens original degree was in audio production, however, he couldnt find a job in his field of interest. Darren got a job at Medieval Times in 2003, and is now the falconer at MT.\r\n'),(44,3,1,1,'AEMMA','Andrew','','Snowball','','','225 William Rex Cres','','','Erin','ON','N0B 1T0','Canada','','519.833.9773','','','andrewsnowball@hotmail.com','','','http://www.aemma.org/images/bio_photos/bio_noPhotoDbase.jpg','http://www.aemma.org/arms/a/aemma_80.jpg','','M',0,0,'','1984-11-11',0,NULL,'',0,'',NULL,'','','','',0,0,NULL,0,'2002-07-25',0,'','0000-00-00',NULL,NULL,0,'',NULL,NULL,1,NULL,NULL,NULL,NULL,NULL,NULL,NULL,NULL,NULL,NULL,NULL,''),(46,3,1,1,'AEMMA','Sophia','H.','Touloumis','Ms.','Ms. Sophia H. Touloumis','108 Cadosna Ave.',NULL,NULL,'Toronto','ON',NULL,'Canada',NULL,'416.423.6072',NULL,NULL,'immortaldreams@hotmail.com','Lucie Hamelin','416.567.7419','http://www.aemma.org/images/bio_photos/bio_stouloumis.jpg','http://www.aemma.org/arms/a/aemma_80.jpg','student','F',0,0,NULL,'1985-05-16',0,NULL,NULL,0,NULL,NULL,NULL,NULL,NULL,NULL,0,0,NULL,1,'2002-10-08',0,'web - visit request','2007-07-15','2007-04-25',NULL,0,NULL,NULL,'Sophia was the youngest girl to start training at AEMMA (17 years).  She was very shy and quiet, but through training, she had developed good skill.  Her training was initially based on longsword, before AEMMA made the program change.',1,'2002-10-08','St. Clair',NULL,NULL,NULL,NULL,NULL,NULL,NULL,NULL,NULL,'Sophia had started as a committed member, training with regularity.  Once she finished secondary school, she continued her education at the University of Newfoundland, specializing in Norse/Viking archeology.  When she is in town, she would attend practices. Her mother (Lucie Hamelin) does archery.'),(48,3,1,1,'AEMMA','Michael',NULL,'Varey',NULL,NULL,'50 Jerome Crescent','Apt#1610',NULL,'Hamilton','ON','L8E 1K6','Canada',NULL,'905.578.2912',NULL,NULL,'jvarey1@cogeco.ca','Jessica Varey','905.578.2912','http://www.aemma.org/images/bio_photos/bio_noPhotoDbase.jpg','http://www.aemma.org/arms/a/aemma_80.jpg',NULL,'M',0,0,NULL,'1975-01-12',0,NULL,NULL,0,NULL,NULL,NULL,NULL,NULL,NULL,0,0,NULL,0,'2002-10-06',0,NULL,'0000-00-00',NULL,NULL,0,NULL,NULL,NULL,1,NULL,NULL,NULL,NULL,NULL,NULL,NULL,NULL,NULL,NULL,NULL,'Michael is 6ft 4in and a relatively big guy. Michael responded to the termination survey of Feb 2006 (see membership==>termination Survey-feb2006 email folder)'),(50,3,1,1,'AEMMA','Aaron',NULL,'Wieland','Mr.','Mr. Aaron Wieland','125 Lawton Blvd.','Apt#110',NULL,'Toronto','ON','M4V 2A1','Canada',NULL,'416.322.5201',NULL,NULL,'adwieland@rogers.com','David Wieland','613.692.1571','http://www.aemma.org/images/bio_photos/bio_awieland.jpg','http://www.aemma.org/arms/a/aemma_80.jpg','software engineer','M',0,0,NULL,'1973-08-06',0,NULL,NULL,0,NULL,NULL,NULL,NULL,NULL,NULL,0,0,NULL,0,'2003-03-09',0,NULL,'0000-00-00',NULL,'- diabetic, and food allergies',0,NULL,NULL,NULL,1,'2003-03-09','St. Clair',NULL,NULL,NULL,NULL,NULL,NULL,NULL,NULL,NULL,'Aaron is an extremely methodological student, periodically, over-analyzing the techniques.  His progress is slow, but steadily improving.  He left due to job issues, and his inability to afford the training dues.'),(52,2,7,1,'AEMMA','Frank','T.','Williams','Mr.','Mr. Frank T. Williams','720 Spadina Ave.','Apt# 812',NULL,'Toronto','ON','M5S 2T9','Canada','416.877.5537','416.877.5537',NULL,'416.877.5537','ftwilliams@aemma.org','Kim Graham','416.274.1557','http://www.aemma.org/images/bio_photos/bio_ftwilliams.jpg','http://www.aemma.org/arms/w/williams_80.jpg','web developer - programmer','M',1,0,NULL,'1968-02-07',0,NULL,'PC gaming, movies',1,'Assumed, January 2006','arms:  Or, a great helm proper, on a chief indented Azure three bezels.\r\nsource: assumed, 2006\r\nartist/herald: David M. Cvet',NULL,NULL,NULL,NULL,0,0,NULL,1,'2001-12-02',0,'ROM',NULL,NULL,NULL,0,'black gambeson, leather gorget, riveted mail shirt, hour-glass styled metal finger gauntlets.','black gambeson fitted with metal elbow cops, fencing mask, metal plate gauntlets, leather gorget.','Frank had challenged for the rank of free scholler, and successfully achieved the rank on April 17, 2005.  All existing free schollers were present (David M. Cvet, Brian McIlmoyle, David B. Murphy), as well as most of the student body.  Frank executed the test with confidence and skill, and was gladly accepted as a peer. (Apr 2005)',3,'2005-04-17','Ossington',NULL,NULL,NULL,NULL,NULL,NULL,NULL,NULL,NULL,'Frank was invited to participate in the AEMMA exec in 2003.\r\nFor about a year or so (2002-2003), he was engaged in mounted training and jousting.  He has a horse by the name of Chrisbin.  However, due to some financial issues, he had to drop out of mounted training, and the lease of the horse. (Mar 2004)\r\nFrank is an excellent instructor. This is confirmed by the testimonials received from the ROM students.  He has taken care of much of the operations of AEMMA, and therefore, relieving some of the load on David, and in particular, Brians time for instructing.  Frank explains the technical details of Liberi very well, and students appear to enjoy his instruction. (Feb 2006)'),(540,1,1,2,'AEMMA','David',NULL,'Guiler','Mr.',NULL,'23 Christman Court',NULL,NULL,'Markham','ON',NULL,'Canada',NULL,NULL,NULL,'647 224 8903','guiler.david@gmail.com',NULL,NULL,'http://www.aemma.org/images/bio_photos/bio_noPhotoDbase.jpg','http://www.aemma.org/arms/a/aemma_80.jpg','Commercial Diver','M',2,0,NULL,'1990-06-10',0,NULL,NULL,0,NULL,NULL,NULL,NULL,'college',NULL,1,0,NULL,0,'2009-09-23',0,NULL,'2009-11-01','2009-09-23',NULL,0,NULL,NULL,NULL,1,NULL,NULL,NULL,NULL,NULL,NULL,NULL,NULL,NULL,NULL,NULL,NULL),(54,3,1,1,'AEMMA','Jakov',NULL,'Dunat',NULL,NULL,'66 Broadway Ave.','Apt#1112',NULL,'Toronto','ON','M4P 1T6','Canada',NULL,'416.322.9061',NULL,NULL,'darko@epilink.com','Mr. David Lee','416.937.5622','http://www.aemma.org/images/bio_photos/bio_noPhotoDbase.jpg','http://www.aemma.org/arms/a/aemma_80.jpg','student','M',0,0,NULL,'1980-03-13',0,NULL,NULL,0,NULL,NULL,NULL,NULL,'high school',NULL,0,0,NULL,0,'2000-02-13',0,NULL,'0000-00-00',NULL,NULL,0,NULL,NULL,NULL,1,NULL,NULL,NULL,NULL,NULL,NULL,NULL,NULL,NULL,NULL,NULL,'AEMMA: long-term absence from training; survey questionnaire...Apr 4, 2008 - invalid email address.'),(56,3,2,1,'AEMMA','Elizabeth','E.','Chapman','Ms.','Ms. Elizabeth E. Chapman','6 Park Vista Drive','Apt#909',NULL,'Toronto','ON',NULL,'Canada','416.752.6790',NULL,NULL,'416.995.4912','elizabethec@sympatico.ca','Evelyn Chapman','416.752.6790','http://www.aemma.org/images/bio_photos/bio_noPhotoDbase.jpg','http://www.aemma.org/arms/a/aemma_80.jpg','computer operator','F',0,0,NULL,'1963-05-30',0,NULL,NULL,0,NULL,NULL,NULL,NULL,'grade 12',NULL,0,0,NULL,0,'2000-01-29',0,NULL,'2006-11-15','2006-06-15',NULL,0,NULL,NULL,'Elizabeth was a slow starter, not having any martial experience.  However, practicing at home, in about 4 months, she demonstrated extremely clean and well executed drills, including footwork.  Aparently, she had practiced in front of a full-length mirror to get the movements down.',1,'2000-01-29','Innes Park',NULL,NULL,NULL,NULL,NULL,NULL,NULL,NULL,NULL,'Elizabeth left AEMMA to take up training driving tandem trucks and got a job in that field.  She had shown great promise, having trained on her own (homework) for months, and demonstrating excellent form.\r\nElizabeths email <elizabethec@sympatico.ca> no longer works. (DC - Feb 2007)'),(58,3,1,1,'AEMMA','Luke','A','Cobham',NULL,NULL,'2 Huntingwood Crs.',NULL,NULL,'Brampton','ON','L6S 1S6','Canada','905.789.8247','905.789.8247',NULL,NULL,NULL,'Dr. Burgess','905.793.7077','http://www.aemma.org/images/bio_photos/bio_noPhotoDbase.jpg','http://www.aemma.org/arms/a/aemma_80.jpg','student','M',0,0,NULL,'1990-12-10',0,NULL,NULL,0,NULL,NULL,NULL,NULL,NULL,NULL,0,0,NULL,0,'2000-08-20',0,NULL,'0000-00-00',NULL,NULL,0,NULL,NULL,NULL,1,'2000-08-20','Innes Park',NULL,NULL,NULL,NULL,NULL,NULL,NULL,NULL,NULL,'Luke is the son of Paul Cobham'),(60,3,1,1,'AEMMA','Shawn','M','Hickey','','','240 Wellesley St. East','Apt#512','','Toronto','ON','M4X 1G5','Canada','416.944.2162','416.944.2162','','','shawnhickey@sprint.ca','','','http://www.aemma.org/images/bio_photos/bio_noPhotoDbase.jpg','http://www.aemma.org/arms/a/aemma_80.jpg','security officer','M',0,0,'','1969-09-03',0,NULL,'',0,'',NULL,'','','grade 12','',0,0,NULL,0,'2000-08-20',0,'','0000-00-00',NULL,NULL,0,'',NULL,NULL,1,NULL,NULL,NULL,NULL,NULL,NULL,NULL,NULL,NULL,NULL,NULL,''),(62,3,1,1,'AEMMA','Evangelia',NULL,'Stathakos','Ms.','Ms. Evangelia Strathakos','1645 A St.Clair Ave. W',NULL,NULL,'Toronto','ON','M6N 1H7','Canada','416.652.2260','416.967.1773 x219',NULL,'416.319.3169','evangelia@sympatico.ca',NULL,NULL,'http://www.aemma.org/images/bio_photos/bio_noPhotoDbase.jpg','http://www.aemma.org/arms/a/aemma_80.jpg','youth/community worker','F',0,0,NULL,'1968-05-28',0,NULL,NULL,0,NULL,NULL,NULL,NULL,'BA',NULL,0,0,NULL,0,'2000-08-20',0,NULL,'0000-00-00',NULL,NULL,0,NULL,NULL,NULL,1,'2000-08-20','Innes Park',NULL,NULL,NULL,NULL,NULL,NULL,NULL,NULL,NULL,'Evangelia was participating on the exec for a while, she took the binders for the funding programs we acquired from the gov, and she never returned them. Attempted email contact, Feb 14, 2006 - survey questionnaire on suggestions, reasons for leaving - email failed.'),(64,3,1,1,'AEMMA','Scott',NULL,'Walman','Mr.','Mr. Scott Walman','9-41 Rose Avenue',NULL,NULL,'Toronto','ON','M4X 1N9','Canada',NULL,NULL,NULL,NULL,'scottwalman@hotmail.com','Sherryl Reed','250.768.3081','http://www.aemma.org/images/bio_photos/bio_noPhotoDbase.jpg','http://www.aemma.org/arms/a/aemma_80.jpg','labourer','M',0,1,NULL,'1973-03-03',0,NULL,NULL,0,NULL,NULL,NULL,NULL,'grade school',NULL,0,0,NULL,0,'2000-08-20',0,NULL,'0000-00-00',NULL,NULL,0,NULL,NULL,NULL,1,'2000-08-20','Innes Park',NULL,NULL,NULL,NULL,NULL,NULL,NULL,NULL,NULL,'Scott has previous martial arts experience (Kendo). His attendance was regular, however, the job situation changed not in his favour, and had left AEMMA due to his inability to afford the training dues.'),(66,3,1,1,'AEMMA','Michael',NULL,'Sloan',NULL,NULL,'220 Snowdon Ave.',NULL,NULL,'Toronto','ON','M4N 2B3','Canada','416.481.2534','416.481.2534',NULL,'416.995.4687','msloan@idirect.com','Heather Hartley','416.481.2534','http://www.aemma.org/images/bio_photos/bio_noPhotoDbase.jpg','http://www.aemma.org/arms/a/aemma_80.jpg','engineer','M',0,0,NULL,'1954-04-30',0,NULL,NULL,0,NULL,NULL,NULL,NULL,'B.Sc.','UofT',0,0,NULL,0,'2000-11-05',0,NULL,'0000-00-00',NULL,NULL,0,NULL,NULL,NULL,1,NULL,NULL,NULL,NULL,NULL,NULL,NULL,NULL,NULL,NULL,NULL,'AEMMA: long-term absence from training; survey questionnaire...Apr 4, 2008 - invalid email address.'),(68,1,8,1,'AEMMA','Lorraine',NULL,'Hall',NULL,NULL,'43 Kingsgate Cres.',NULL,NULL,'Weston','ON','M9P 3E2','Canada','416.249.0956','416.393.7088',NULL,NULL,'lhall100@hotmail.com',NULL,NULL,'http://www.aemma.org/images/bio_photos/bio_lhall.jpg','http://www.aemma.org/arms/a/aemma_80.jpg','library assistant','F',0,0,NULL,'1962-11-24',0,NULL,NULL,0,NULL,NULL,NULL,NULL,'college',NULL,0,0,NULL,0,'2000-10-01',0,NULL,'0000-00-00',NULL,NULL,0,NULL,NULL,'Lori looked promising, showing good skills development. However, she had some issues with the grappling portion of the training, and during one practice, had her wrist wrenched. I suspect that she realized at that point that she could incur an injury training, and left.',1,NULL,NULL,NULL,NULL,NULL,NULL,NULL,NULL,NULL,NULL,NULL,'Lori originally joined as a recruit in Oct 2000.  After she left AEMMA, she had reappeared to take the ROM swordsmanship class in 2006, ROM Medieval Swordsmanship Course - Sep 16 - Oct 28, 2006.'),(70,3,1,1,'AEMMA','Ryan',NULL,'Henderson','Mr.','Mr. Ryan Henderson','27 Wascana Ave.',NULL,NULL,'Toronto','ON','M5A 1V6','Canada','416.203.9397','416.544.8891',NULL,'416.803.7517','ryanhenderson1@hotmail.com','Rob & Ruth Henderson','613.539.0445','http://www.aemma.org/images/bio_photos/bio_noPhotoDbase.jpg','http://www.aemma.org/arms/a/aemma_80.jpg','event coordinator','M',0,0,NULL,'1975-02-25',0,NULL,NULL,0,NULL,NULL,NULL,NULL,'BA',NULL,0,0,NULL,0,'2000-11-18',0,NULL,'0000-00-00',NULL,NULL,0,NULL,NULL,NULL,1,'2000-11-18','Innes Park',NULL,NULL,NULL,NULL,NULL,NULL,NULL,NULL,NULL,'AEMMA: long-term absence from training; survey questionnaire...Apr 4, 2008 - invalid email address.'),(72,3,1,1,'AEMMA','Gregory','D','Whyte','','','317 King St. N','','','Waterloo','ON','N2J 2Z9','Canada','519.725.4622','519.725.4622','','','whyt1740@mach1.wlu.ca','','','http://www.aemma.org/images/bio_photos/bio_noPhotoDbase.jpg','http://www.aemma.org/arms/a/aemma_80.jpg','student','M',0,0,'','1978-10-05',0,NULL,'',0,'',NULL,'','','B.BA','Wilfrid Laurier University',0,0,NULL,0,'2001-01-13',0,'','0000-00-00',NULL,NULL,0,'',NULL,NULL,1,NULL,NULL,NULL,NULL,NULL,NULL,NULL,NULL,NULL,NULL,NULL,''),(74,3,3,1,'AEMMA','David',NULL,'Carlson','Mr.','Mr. David Carlson','24 Wellesly St. W','Suite 1705',NULL,'Toronto','ON','M4X 2X6','Canada','416.924.4284','416.490.6101',NULL,'416.949.8507','davecarlson@technologist.com',NULL,NULL,'http://www.aemma.org/images/bio_photos/bio_noPhotoDbase.jpg','http://www.aemma.org/arms/a/aemma_80.jpg','network manager','M',0,0,NULL,'1969-02-20',0,NULL,NULL,0,NULL,NULL,NULL,NULL,'3yr college','Cambrian College',0,0,NULL,0,'2001-03-04',0,NULL,'0000-00-00',NULL,NULL,0,NULL,NULL,NULL,0,NULL,NULL,NULL,NULL,NULL,NULL,NULL,NULL,NULL,NULL,NULL,'David knew Lilith. He\\\'s handicapped and gets around in a wheel-chair. However, he did volunteer his time to some of the events AEMMA, including some technical help in the early days of the web.'),(76,3,1,1,'AEMMA','Dave',NULL,'Meeham',NULL,NULL,'101 Carter Farm',NULL,NULL,'Carp','ON','K0A 1L0','Canada','613.256.8527','613.596.0350',NULL,NULL,'davemyyz@hotmail.com','Isabelle Meehan','613.256.8527','http://www.aemma.org/images/bio_photos/bio_noPhotoDbase.jpg','http://www.aemma.org/arms/a/aemma_80.jpg','retail customer service','M',0,0,NULL,'1972-04-20',0,NULL,NULL,0,NULL,NULL,NULL,NULL,'college',NULL,0,0,NULL,0,'2001-03-21',0,NULL,'0000-00-00',NULL,NULL,0,NULL,NULL,NULL,1,NULL,NULL,NULL,NULL,NULL,NULL,NULL,NULL,NULL,NULL,NULL,'AEMMA: long-term absence from training; survey questionnaire...Apr 4, 2008 - invalid email address.'),(78,3,1,1,'AEMMA','Victor',NULL,'Petrovykh',NULL,NULL,'745 Bloor St. W','Apt#5',NULL,'Toronto','ON','M6G 1L6','Canada','416.532.3805','416.532.3805',NULL,NULL,'vyp13@yesic.com',NULL,NULL,'http://www.aemma.org/images/bio_photos/bio_noPhotoDbase.jpg','http://www.aemma.org/arms/a/aemma_80.jpg','student','M',0,0,NULL,'1980-05-13',0,NULL,NULL,0,NULL,NULL,NULL,NULL,'OSSD','UofT',0,0,NULL,0,'2001-04-29',0,NULL,'0000-00-00',NULL,NULL,0,NULL,NULL,NULL,1,NULL,NULL,NULL,NULL,NULL,NULL,NULL,NULL,NULL,NULL,NULL,'AEMMA: long-term absence from training; survey questionnaire...Apr 4, 2008 - invalid email address.'),(80,3,1,1,'AEMMA','Perry',NULL,'Campbell',NULL,NULL,'P.O.Box 41','37 Kathleen St.',NULL,'Naughton','ON','P0M 2M0','Canada','705.692.0737','705.692.0737',NULL,NULL,'jaginosh@yahoo.com',NULL,NULL,'http://www.aemma.org/images/bio_photos/bio_noPhotoDbase.jpg','http://www.aemma.org/arms/a/aemma_80.jpg','INCO - first aid','M',0,0,NULL,'1961-05-31',0,NULL,NULL,0,NULL,NULL,NULL,NULL,'college',NULL,0,0,NULL,0,'2001-05-31',0,NULL,'2007-10-16',NULL,NULL,0,NULL,NULL,NULL,1,NULL,NULL,NULL,NULL,NULL,NULL,NULL,NULL,NULL,NULL,NULL,NULL),(82,3,1,1,'AEMMA','Michael','','Capizzano','','','231 Rusholme Rd.','','','Toronto','ON','M6H 2Y9','Canada','416.588.5859','416.360.5315','','','mcapizzano@look.ca','Tony Capizzano','416.203.0551','http://www.aemma.org/images/bio_photos/bio_noPhotoDbase.jpg','http://www.aemma.org/arms/a/aemma_80.jpg','corporate financial assistant','M',0,0,'','1973-05-09',0,NULL,'',0,'',NULL,'','','B.Sc.','Babson College',0,0,NULL,0,'2001-06-10',0,'','0000-00-00',NULL,NULL,0,'',NULL,NULL,1,NULL,NULL,NULL,NULL,NULL,NULL,NULL,NULL,NULL,NULL,NULL,'Termination survey of Feb 2006 (see membership==>terminationSurvey-feb2006 email folder) failed to be received by the email address provided.'),(84,3,1,1,'AEMMA','Ena','','MacKenzie-Kleefeld','','','11-1008 Falgarwood Dr.','','','Oakville','ON','L6H 2P5','Canada','905.844.9246','905.844.9246','','905.330.0686','bodywork@total.net','Dr. Ku','','http://www.aemma.org/images/bio_photos/bio_noPhotoDbase.jpg','http://www.aemma.org/arms/a/aemma_80.jpg','therapist','M',0,0,'','1945-01-04',0,NULL,'',0,'',NULL,'','','H.B.A.','',0,0,NULL,0,'2001-09-09',0,'','0000-00-00',NULL,NULL,0,'',NULL,NULL,1,NULL,NULL,NULL,NULL,NULL,NULL,NULL,NULL,NULL,NULL,NULL,''),(86,3,1,1,'AEMMA','Allen','J','Spears','','','113 Clements Road East','','','Ajax','ON','L1S 1L3','Canada','905.683.6040','905.683.6040','','','aj.spears@utoronto.ca','Dr. Stein','905.686.3900','http://www.aemma.org/images/bio_photos/bio_noPhotoDbase.jpg','http://www.aemma.org/arms/a/aemma_80.jpg','student','M',0,0,'','1981-09-18',0,NULL,'',0,'',NULL,'','','OSSD','UofT',0,0,NULL,0,'2001-10-14',0,'','0000-00-00',NULL,NULL,0,'',NULL,NULL,1,NULL,NULL,NULL,NULL,NULL,NULL,NULL,NULL,NULL,NULL,NULL,''),(88,3,1,1,'AEMMA','Vanessa','','Long','','','G4-1276 Islington Ave.','','','Etobicoke','ON','','Canada','416.234.9525','416.234.9525','','','schroeder_inc@yahoo.com','Susan Cheshire','905.895.3058','http://www.aemma.org/images/bio_photos/bio_noPhotoDbase.jpg','http://www.aemma.org/arms/a/aemma_80.jpg','teacher/personal trainer','M',0,0,'','1974-03-27',0,NULL,'',0,'',NULL,'','','B.Sc. B.Sc.E','',0,0,NULL,0,'2002-02-03',0,'','0000-00-00',NULL,NULL,0,'',NULL,NULL,1,NULL,NULL,NULL,NULL,NULL,NULL,NULL,NULL,NULL,NULL,NULL,''),(90,3,1,1,'AEMMA','Maxym','','Pryetipol','','','169 Berry Road','Apt#3','','Toronto','ON','M8Y 1W6','Canada','416.252.0256','416.252.0256','','','','','','http://www.aemma.org/images/bio_photos/bio_noPhotoDbase.jpg','http://www.aemma.org/arms/a/aemma_80.jpg','student','M',0,0,'','1984-09-03',0,NULL,'',0,'',NULL,'','','','',0,0,NULL,0,'2002-03-10',0,'','0000-00-00',NULL,NULL,0,'',NULL,NULL,1,NULL,NULL,NULL,NULL,NULL,NULL,NULL,NULL,NULL,NULL,NULL,''),(92,3,2,1,'AEMMA','Angelo',NULL,'Niklis',NULL,NULL,'3 Babcock Road',NULL,NULL,'Toronto','ON','M1R 1Z5','Canada',NULL,'416.285.9139',NULL,NULL,'niklis@rogers.com','Paul Niklis','416.285.9139','http://www.aemma.org/images/bio_photos/bio_noPhotoDbase.jpg','http://www.aemma.org/arms/a/aemma_80.jpg',NULL,'M',0,0,NULL,'1976-01-03',0,NULL,NULL,0,NULL,NULL,NULL,NULL,NULL,NULL,0,0,NULL,0,'2002-05-22',0,NULL,'0000-00-00',NULL,NULL,0,NULL,NULL,NULL,1,NULL,NULL,NULL,NULL,NULL,NULL,NULL,NULL,NULL,NULL,NULL,'AEMMA: long-term absence from training; survey questionnaire...Apr 4, 2008 - invalid email address.'),(94,3,1,1,'AEMMA','Adam','E','Birch',NULL,NULL,'70 Scarborough Road','Apt#3',NULL,'Toronto','ON','M4E 3M5','Canada',NULL,'416.696.6000x231',NULL,NULL,'abirch1974@aol.com','Barrie Birch','204.268.1529','http://www.aemma.org/images/bio_photos/bio_noPhotoDbase.jpg','http://www.aemma.org/arms/a/aemma_80.jpg',NULL,'M',0,0,NULL,'1974-01-04',0,NULL,NULL,0,NULL,NULL,NULL,NULL,NULL,NULL,0,0,NULL,0,'2002-08-24',0,NULL,'0000-00-00',NULL,NULL,0,NULL,NULL,NULL,1,NULL,NULL,NULL,NULL,NULL,NULL,NULL,NULL,NULL,NULL,NULL,'AEMMA: long-term absence from training; survey questionnaire...Apr 4, 2008 - invalid email address.'),(96,3,1,1,'AEMMA','Johanna','','Hillary','','','137 Longboat Ave.','','','Toronto','ON','M5A 4C6','Canada','','416.363.9341','','','hillary@the-wire.com','Rosemary Hillary','416.363.8736','http://www.aemma.org/images/bio_photos/bio_noPhotoDbase.jpg','http://www.aemma.org/arms/a/aemma_80.jpg','student','F',0,0,'','1982-08-14',0,NULL,'',0,'',NULL,'','','','',0,0,NULL,0,'2002-11-20',0,'','0000-00-00',NULL,NULL,0,'',NULL,NULL,1,NULL,NULL,NULL,NULL,NULL,NULL,NULL,NULL,NULL,NULL,NULL,''),(98,2,3,1,'AEMMA','Les',NULL,'Brown','Mr.','Mr. Les Brown','530 Poplar Ave.',NULL,NULL,'Ajax','ON','L1S 1G1','Canada','905.428.3897','416.393.3227',NULL,'647-236-2882','locksmithles@yahoo.ca','brownlessherry@aol.com','locksmith','http://www.aemma.org/images/bio_photos/bio_lbrown.jpg','http://www.aemma.org/arms/a/aemma_80.jpg','TTC maintenance worker','M',0,0,NULL,'1953-06-20',0,NULL,NULL,0,NULL,NULL,NULL,NULL,NULL,NULL,0,0,NULL,1,'2004-03-07',0,'web - visit request','2006-06-15',NULL,NULL,0,NULL,NULL,NULL,1,'2004-03-07','Ossington',NULL,NULL,NULL,NULL,NULL,NULL,NULL,NULL,NULL,'Les came to St.Clair in the fall of 2003 and mentioned that he would be back in March with a friend, which he did (Stephen Martin).\r\n\r\nLes has been working on building armour, and has improved significantly over the last year, with commissions on building gauntlets - which are very nicely done. (May 2006)'),(100,3,1,1,'AEMMA','Mateuzs','','Krepicz','','','30 Edith Dr.','#509','','Toronto','ON','M4K 1Y8','Canada','','416.392.3143','','','krypter@hotmail.com','Dr. Levy','416.222.6154','http://www.aemma.org/images/bio_photos/bio_noPhotoDbase.jpg','http://www.aemma.org/arms/a/aemma_80.jpg','sr. programmer','M',0,0,'','1975-03-05',0,NULL,'',0,'',NULL,'','','B.A.','',0,0,NULL,0,'2004-04-27',0,'','0000-00-00',NULL,NULL,0,'',NULL,NULL,1,NULL,NULL,NULL,NULL,NULL,NULL,NULL,NULL,NULL,NULL,NULL,'has done some fencing in his past'),(102,3,2,1,'AEMMA','Milagritos','Z.','Guzman','Ms.','Ms. Milagritos Z. Guzman','56 Brownville Ave.',NULL,NULL,'Toronto','ON','M6N 4L3','Canada','416.769.4859',NULL,NULL,'416.835.4859','mily_guzman@yahoo.com','Bertha Guzman','416.763.5454','http://www.aemma.org/images/bio_photos/bio_noPhotoDbase.jpg','http://www.aemma.org/arms/a/aemma_80.jpg','E.C.E.','F',0,0,NULL,'1980-12-07',0,NULL,NULL,0,NULL,NULL,NULL,NULL,NULL,NULL,0,0,NULL,0,'2004-05-16',0,'web - visit request form','2006-01-01',NULL,NULL,0,NULL,NULL,NULL,1,'2004-05-16','Ossington',NULL,NULL,NULL,NULL,NULL,NULL,NULL,NULL,NULL,NULL),(105,3,1,1,'AEMMA','James',NULL,'Gaston','Mr.','Mr. James Gaston','33 Wyan Rd.',NULL,NULL,'Toronto','ON','M2R 1S8','Canada',NULL,'416.820.5740',NULL,NULL,'jgaston@ec.ryerson.ca','Susan Gaston','416.224.0327','http://www.aemma.org/images/bio_photos/bio_noPhotoDbase.jpg','http://www.aemma.org/arms/a/aemma_80.jpg','student','M',0,0,NULL,'1980-11-28',0,NULL,NULL,0,NULL,NULL,NULL,NULL,NULL,'Ryerson',0,0,NULL,0,'2003-11-23',0,'web - visit request','0000-00-00',NULL,NULL,0,NULL,NULL,NULL,1,'2003-11-23','St. Clair',NULL,NULL,NULL,NULL,NULL,NULL,NULL,NULL,NULL,'Termination survey of Feb 2006 (see membership==>terminationSurvey-feb2006 email folder) failed to be received by the email address provided.'),(107,2,5,3,'AEMMA','Aldo',NULL,'Valente','Mr.','Mr. Aldo Valente','46 N. Queen St.',NULL,NULL,'Toronto','ON','M8Z 2C4','Canada','416.875.1814','416.239.4772',NULL,NULL,'jvd@bellnet.ca','Dr. Michael Kates',NULL,'http://www.aemma.org/images/bio_photos/bio_avalente.jpg','http://www.aemma.org/arms/v/valente_80.jpg','property management -rentals','M',0,0,NULL,'1962-10-17',0,NULL,NULL,1,'assumed, November 2007','Arms:  	Per pale bendy of 11 Argent and Sable, Argent four Roman lightning bolts conjoined terminating in arrowheads Or.\r\n\r\nCrest: 	Upon a helmet mantled Or doubled Argent a torse of the same, a demi Roman legionnaire proper gripping a spear in the dexter hand, and round shield in the sinister hand.',NULL,NULL,NULL,NULL,0,0,NULL,1,'2004-03-29',0,NULL,'2009-06-15','2009-01-04',NULL,1,'KoH gambeson, metal gorget, period footwear (Revival), metal finger gauntlets, rivetted mail shirt, generic early 15thC whyte harness, Forth Armoury hounskull bbascinet.','black gambeson, fencing mask, metal gorget, period footwear (Revival).','His fighting style is aggressive, but has great footwork (used to train in boxing). \r\nScheduled for Free Scholar test March 1 2009\r\nAldo successfully achieved his free scholler rank on Mar 1, 2009.  Free schollers and Provosts present included: David M. Cvet, Brian McIlmoyle, David Murphy, Anton Cvet, Kelly Rekuta, Frank Williams.\r\n',3,'2009-03-01','Ossington','Aldo successfully achieved his scholler rank on 2005-05-29.\r\n',NULL,NULL,NULL,NULL,NULL,NULL,NULL,NULL,'Aldo paid with a single cheque, 6-months training, good till the end of June (dcvet jan 7, 2008)\r\n\r\nAldo has taken a great interest in medieval Italian, having volunteered to translate a commercial publication of Liberi into English.\r\nArms designed with basis from Aldo, and final design by David Cvet (dcvet, Nov 9, 2007)\r\n\r\nPaid 6 months by Cheque Jan 2009.\r\n'),(109,3,1,1,'AEMMA','Glenn',NULL,'Hauck','Mr','Mr. Glenn Hauk','2819A Bathurst St.',NULL,NULL,'North York','ON','M6B 3A4','Canada','416.782.8673','416.963.3363',NULL,'416.909.5213','glenn.hauck@utoronto.ca','Stephen Hauck','416.284.6715','http://www.aemma.org/images/bio_photos/bio_noPhotoDbase.jpg','http://www.aemma.org/arms/a/aemma_80.jpg','engineer','M',0,0,NULL,'1978-11-08',0,NULL,NULL,0,NULL,NULL,NULL,NULL,'BA.Sc.','UofT',0,0,NULL,0,'2004-05-10',0,'web - visit request','0000-00-00',NULL,NULL,0,NULL,NULL,NULL,1,'2004-05-10','Ossington',NULL,NULL,NULL,NULL,NULL,NULL,NULL,NULL,NULL,'Glen responded to the termination survey of Feb 2006 (see membership==>terminationSurvey-feb2006 email folder)'),(111,3,1,1,'AEMMA','Nestor','','Manera','','','1025 Dupont St. W','','','Toronto','ON','','Canada','','416.533.8945','','','','Dr. Gonzalez','','http://www.aemma.org/images/bio_photos/bio_noPhotoDbase.jpg','http://www.aemma.org/arms/a/aemma_80.jpg','visual artist','M',0,0,'','1966-05-22',0,NULL,'',0,'',NULL,'','','','',0,0,NULL,0,'2004-06-28',0,'','0000-00-00',NULL,NULL,0,'',NULL,NULL,1,NULL,NULL,NULL,NULL,NULL,NULL,NULL,NULL,NULL,NULL,NULL,''),(113,3,1,1,'AEMMA','Loralee',NULL,'Buther',NULL,NULL,'57 Niagara St.',NULL,NULL,'Toronto','ON',NULL,'Canada','416.364.3224','416.364.6002x241',NULL,NULL,'loraleeb@spinmaster.com','Aaron Hutchungs','416.804.2640','http://www.aemma.org/images/bio_photos/bio_noPhotoDbase.jpg','http://www.aemma.org/arms/a/aemma_80.jpg','multimedia & sales designer','M',0,0,NULL,'1975-07-12',0,NULL,NULL,0,NULL,NULL,NULL,NULL,NULL,NULL,0,0,NULL,0,'2004-09-22',0,NULL,'0000-00-00',NULL,NULL,0,NULL,NULL,NULL,1,NULL,NULL,NULL,NULL,NULL,NULL,NULL,NULL,NULL,NULL,NULL,NULL),(115,3,1,1,'AEMMA','Michael',NULL,'Arnott',NULL,NULL,'1029 King St. W','Apt#423',NULL,'Toronto','ON','M6K 3M9','Canada','416.596.0636','416.364.6002x261',NULL,NULL,'miked@spinmaster.com',NULL,NULL,'http://www.aemma.org/images/bio_photos/bio_noPhotoDbase.jpg','http://www.aemma.org/arms/a/aemma_80.jpg','art director','M',0,0,NULL,NULL,0,NULL,NULL,0,NULL,NULL,NULL,NULL,NULL,NULL,0,0,NULL,0,'2004-09-22',0,NULL,'0000-00-00',NULL,NULL,0,NULL,NULL,NULL,1,NULL,NULL,NULL,NULL,NULL,NULL,NULL,NULL,NULL,NULL,NULL,'attempted to contact via email, Feb 14, 2006, a questionnaire on suggestions, why he left, etc. - email failed.'),(117,3,1,1,'AEMMA','Olena',NULL,'Cheznysheva','Ms.','Ms. Olena Cheznysheva','80 Fisherville Rd.','Apt#307',NULL,'Toronto','ON','M2R 3J9','Canada','416.739.1941',NULL,NULL,NULL,'yu242877@yorku.ca','Drana','416.739.1941','http://www.aemma.org/images/bio_photos/bio_noPhotoDbase.jpg','http://www.aemma.org/arms/a/aemma_80.jpg','student','F',0,0,NULL,'1979-11-06',0,NULL,NULL,0,NULL,NULL,NULL,NULL,'M.Sc.','York University',0,0,NULL,0,'2004-10-17',0,'web - visit request','0000-00-00',NULL,'She has experienced a previous knee injury.',0,NULL,NULL,NULL,1,'2004-10-17','Ossington',NULL,NULL,NULL,NULL,NULL,NULL,NULL,NULL,NULL,'AEMMA: long-term absence from training; survey questionnaire...Apr 4, 2008 - invalid email address.'),(119,2,1,8,'AEMMA','Gennadiy',NULL,'Shlayer','Mr.','Mr. Gennadiy Shlayer','25 Cedarcroft Blvd.','#403',NULL,'Toronto','ON','M2R 2Z3','Canada','416.661.7669',NULL,NULL,'416.618.0741','gennadiy_shlayer@rogers.com','Dr. Zubkov','416.636.5050','http://www.aemma.org/images/bio_photos/bio_gshlayer.jpg','http://www.aemma.org/arms/a/aemma_80.jpg','programmer','M',0,0,NULL,'1974-04-22',0,NULL,NULL,0,NULL,NULL,NULL,NULL,'M.Sc.',NULL,0,0,NULL,1,'2004-10-24',0,'web - visit request','2010-01-01','2009-10-07',NULL,0,NULL,NULL,NULL,1,'2004-10-24','Ossington',NULL,NULL,NULL,NULL,NULL,NULL,NULL,NULL,NULL,'Jul 31, 2007: Gennadiy indicated in an email that he is about to be a father, and felt that he could not afford the time to practice, or at least, felt badly of the rather sporadic practices of late. He may return at some future date.\r\n\r\nGennadiy returned to after a 2 year absence'),(121,3,1,2,'AEMMA','Allan',NULL,'MacDonald','Mr.','Mr. Allan MacDonald','51 Gamble Ave.','#409',NULL,'Toronto','ON','M4K 2H4','Canada','416.423.3875',NULL,NULL,NULL,'allanmac40@hotmail.com',NULL,NULL,'http://www.aemma.org/images/bio_photos/bio_amacdonald.jpg','http://www.aemma.org/arms/a/aemma_80.jpg','high school teacher','',0,0,NULL,'1968-01-16',0,NULL,NULL,0,NULL,NULL,NULL,NULL,'B.A.',NULL,0,0,NULL,0,'2004-11-17',0,NULL,'2006-10-31','2006-10-04',NULL,0,NULL,NULL,'Allen had challenged for scholler test.  He had been working on his footwork and timing issues, with the schollers and myself (David).  He did the test on March 12, 2006, but failed.  He knew his historical stuff (more or less), and the techniques were OK, but did not do so well during the fencing bouts, falling back to his old habits.  He will be re-scheduling his test.\r\n\r\nAllen successfully achieved his scholler rank, Oct 22, 2006. He displayed some of the best fencing I\\\\\\\'ve ever seen coming out of Allan. ',2,'2006-10-22','Ossington',NULL,NULL,NULL,NULL,NULL,NULL,NULL,NULL,NULL,'Allen\\\\\\\'s fighting style, in particular his footwork needs work. He appears to want to deliver a strike without regard for his own safety. Although there is improvement in this area, and the desire to challenge for the scholler\\\\\\\'s test, he needs more work on his fighting technique. (Jan 2006)\r\n\r\n***Moved to England Fall 2006****\r\n'),(123,6,1,1,'AEMMA','Matt',NULL,'Weingartner','Mr.','Mr. Matt Weingartner','423 Mountbatten Dr.',NULL,NULL,'Hamilton','ON','L9C 3V2','Canada','905.37.3517',NULL,NULL,NULL,'mweingartner1@cogeco.ca',NULL,NULL,'http://www.aemma.org/images/bio_photos/bio_weingartner.jpg','http://www.aemma.org/arms/w/weingartner_80.jpg','teacher','M',2,0,NULL,'1980-08-13',0,NULL,NULL,1,'assumed','Arms: Chap-ploy inverted Argent and Gules, between two bunches of grapes Or, in chief an eagle displayed Sable. ',NULL,NULL,NULL,NULL,0,0,NULL,0,'2004-01-12',0,NULL,'2007-01-15',NULL,NULL,0,NULL,NULL,NULL,2,'2005-01-09','Guelph',NULL,NULL,NULL,NULL,NULL,NULL,NULL,NULL,NULL,'Matt, due to having new kids, will be unable to train for an undefined period of time. (Sep 2009)\r\nMatt was Guelphs second successful scholler on January 9, 2005.  A testament to David Murphys instructive capabilities in creating skilled and knowledgeable scholler candidates.  \r\nalternative email (not used often): whyground@hotmail.com'),(125,3,1,1,'AEMMA','Mark',NULL,'Zander','Mr.','Mr. Mark Zander','11 Aberdeen St.',NULL,NULL,'Guelph','ON','N1H 2','Canada','905.767.6704',NULL,NULL,NULL,'mark_zander@canada.com',NULL,NULL,'http://www.aemma.org/images/bio_photos/bio_noPhotoDbase.jpg','http://www.aemma.org/arms/a/aemma_80.jpg',NULL,'M',0,0,NULL,'1969-06-01',0,NULL,NULL,0,NULL,NULL,NULL,NULL,NULL,NULL,0,0,NULL,0,'2004-09-15',0,NULL,'2007-01-15',NULL,NULL,0,NULL,NULL,NULL,1,'2004-09-15','Guelph',NULL,NULL,NULL,NULL,NULL,NULL,NULL,NULL,NULL,NULL),(127,4,1,1,'AEMMA','Peter',NULL,'Gross',NULL,NULL,NULL,NULL,NULL,'Toronto','ON',NULL,'Canada',NULL,NULL,NULL,NULL,NULL,NULL,NULL,'http://www.aemma.org/images/bio_photos/bio_noPhotoDbase.jpg','http://www.aemma.org/arms/a/aemma_80.jpg',NULL,'M',0,0,NULL,NULL,0,NULL,NULL,0,NULL,NULL,NULL,NULL,NULL,NULL,0,0,NULL,0,'2004-10-18',0,NULL,NULL,NULL,NULL,0,NULL,NULL,NULL,1,NULL,NULL,NULL,NULL,NULL,NULL,NULL,NULL,NULL,NULL,NULL,NULL),(129,3,1,1,'AEMMA','Shane','','Laros','','','856 5th Line','','','Hillsburgh','ON','N0B 1T0','Canada','519.855.4159','','','','shaftaronius@hotmail.com','','','http://www.aemma.org/images/bio_photos/bio_noPhotoDbase.jpg','http://www.aemma.org/arms/a/aemma_80.jpg','','M',0,0,'','1984-01-19',0,NULL,'',0,'',NULL,'','','','',0,0,NULL,0,'2002-07-25',0,'','0000-00-00',NULL,NULL,0,'',NULL,NULL,1,NULL,NULL,NULL,NULL,NULL,NULL,NULL,NULL,NULL,NULL,NULL,''),(131,3,1,1,'AEMMA','Ian','','Wright','','','20 Waterford Drive','','','Waterford','ON','N0B 1T0','Canada','519.833.0399','','','','valerie.wright@sympatico.ca','','','http://www.aemma.org/images/bio_photos/bio_noPhotoDbase.jpg','http://www.aemma.org/arms/a/aemma_80.jpg','','M',0,0,'','1984-11-11',0,NULL,'',0,'',NULL,'','','','',0,0,NULL,0,'2003-04-08',0,'','0000-00-00',NULL,NULL,0,'',NULL,NULL,1,NULL,NULL,NULL,NULL,NULL,NULL,NULL,NULL,NULL,NULL,NULL,''),(133,3,1,1,'AEMMA','Geoff',NULL,'Obbard',NULL,NULL,'715 Laurelwood Dr.',NULL,NULL,'Waterloo','ON',NULL,'Canada','519.885.1752',NULL,NULL,NULL,'gobbard@hotmail.com',NULL,NULL,'http://www.aemma.org/images/bio_photos/bio_noPhotoDbase.jpg','http://www.aemma.org/arms/a/aemma_80.jpg',NULL,'M',0,0,NULL,'1975-07-22',0,NULL,NULL,0,NULL,NULL,NULL,NULL,NULL,NULL,0,0,NULL,0,'2004-01-03',0,NULL,'0000-00-00',NULL,NULL,0,NULL,NULL,NULL,1,NULL,NULL,NULL,NULL,NULL,NULL,NULL,NULL,NULL,NULL,NULL,NULL),(135,3,1,1,'AEMMA','Carson','R.','Hirner','Mr.','Mr. Carson R. Hirner','404 Pineview Lane',NULL,NULL,'Pickering','ON','L1V 6X4','Canada','905.420.8288','416.489.8100',NULL,'416.618.3287','crh@ksk.ca','Dr. Jonathan Carr',NULL,'http://www.aemma.org/images/bio_photos/bio_noPhotoDbase.jpg','http://www.aemma.org/arms/a/aemma_80.jpg','accountant, C.A.','M',0,0,NULL,'1963-07-10',0,NULL,'heraldry',0,NULL,NULL,NULL,NULL,'BA.','Ryerson',0,0,NULL,1,'2004-11-22',0,'web - visit request','2007-01-15',NULL,NULL,0,NULL,NULL,NULL,1,'2004-11-22','Ossington',NULL,NULL,NULL,NULL,NULL,NULL,NULL,NULL,NULL,'Carson has definite martial capabilities, although somewhat too intense.  Through regular training, he may turn out to be a good fighter.'),(137,3,1,1,'AEMMA','Vladislave',NULL,'Inanov','Mr.','Mr. Vladislave Inanov','111 Pacific Ave.','#1712',NULL,'Toronto','ON','M6P 2P2','Canada','416.604.8675',NULL,NULL,NULL,'ivanov@rogers.com','Lana Ivanova','416.605.3953','http://www.aemma.org/images/bio_photos/bio_noPhotoDbase.jpg','http://www.aemma.org/arms/a/aemma_80.jpg','programmer','M',0,0,NULL,'1971-09-18',0,NULL,NULL,0,NULL,NULL,NULL,NULL,'M.Sc.',NULL,0,0,NULL,0,'2004-11-28',0,'ROM','2007-01-15',NULL,NULL,0,NULL,NULL,NULL,1,'2004-11-28','Ossington',NULL,NULL,NULL,NULL,NULL,NULL,NULL,NULL,NULL,'Vladimir had taken the ROM 6-week medieval swordsmanship course (Oct 16 - Nov 20, 2004), and is taking advantage of 1 month of free training. He had also purchased his own arming sword from Charles.'),(139,3,2,2,'AEMMA','Di',NULL,'Qui','Mr.','Mr. Di Qui','10 Grenoble Dr.','Apt#1118',NULL,'Toronto','ON','M3C 1C7','Canada','416.429.7434',NULL,NULL,NULL,'abdullah_qiu@hotmail.com',NULL,NULL,'http://www.aemma.org/images/bio_photos/bio_noPhotoDbase.jpg','http://www.aemma.org/arms/a/aemma_80.jpg','student','M',0,0,NULL,'1986-09-28',0,NULL,NULL,0,NULL,NULL,NULL,NULL,NULL,'Middle School',0,0,NULL,1,'2004-12-08',0,'web - visit request','2007-08-15','2007-07-30',NULL,0,NULL,NULL,NULL,1,'2004-12-08','Ossington',NULL,NULL,NULL,NULL,NULL,NULL,NULL,NULL,NULL,'Di immigrated from China in 2003.  He wanted to learn how to fight as opposed to exercise as is the case with Chinese martial arts in China (martial arts training to fight is illegal there). He also responded to the free month of training in Dec -  Christmas special.\r\n\r\nDi has returned, first practice Jun 3, 2007.  He\\\\\\\\\\\\\\\\\\\\\\\\\\\\\\\'s going to be casual on Sunday\\\\\\\\\\\\\\\\\\\\\\\\\\\\\\\'s only for the foreseeable future. (dcvet - Jun 3)'),(141,3,1,1,'AEMMA','Susan','','Netterfield','Ms.','Ms. Susan Netterfield','17 Birchleaf Crescent','','','Toronto','ON','M9R 2L5','Canada','416.243.9930','416.243.9930','','416.845.5064','sue_netterfield@yahoo.ca','','','http://www.aemma.org/images/bio_photos/bio_noPhotoDbase.jpg','http://www.aemma.org/arms/a/aemma_80.jpg','mother of 3','F',0,0,'','1967-12-06',0,NULL,'',0,'',NULL,'','','M.Ed.','',0,0,NULL,0,'2005-01-05',0,'','0000-00-00',NULL,NULL,0,'',NULL,NULL,1,NULL,NULL,NULL,NULL,NULL,NULL,NULL,NULL,NULL,NULL,NULL,'Susan took advantage of the January free month training special.   She is a housewife and mother of 3 children, and needed this as a distraction from her rather busy life.  She is short (about 5ft) and a bit overweight, however, her martial skills showed improvement over time.  It is unlikely that she will continue to scholler level.\r\n\r\nSusan responded to the termination survey of Feb 2006 (see membership==>terminationSurvey-feb2006 email folder)'),(143,3,1,1,'AEMMA','Daniel',NULL,'Porter','Mr.','Mr. Daniel Porter','50 Stephanie St.','Apt#2304',NULL,'Toronto','ON','M5T 1B3','Canada','416.598.3518','416.204.5531',NULL,NULL,'porter@allstream.net','Peter Porter','519.395.9293','http://www.aemma.org/images/bio_photos/bio_noPhotoDbase.jpg','http://www.aemma.org/arms/a/aemma_80.jpg','network specialist','M',0,0,NULL,'1977-07-30',0,NULL,NULL,0,NULL,NULL,NULL,NULL,'H.S.',NULL,0,0,NULL,0,'2005-01-12',0,'web - visit request','0000-00-00',NULL,NULL,0,NULL,NULL,NULL,1,'2005-01-12','Ossington',NULL,NULL,NULL,NULL,NULL,NULL,NULL,NULL,NULL,NULL),(145,3,1,1,'AEMMA','Brandy',NULL,'Demille','Ms.','Ms. Brandy Demille','552A Annette St.',NULL,NULL,'Toronto','ON','M6S 2C2','Canada','416.766.3666','416.766.3666',NULL,'416.729.5664','oak_willow@yahoo.ca','Geoff Demille','416.766.3666','http://www.aemma.org/images/bio_photos/bio_bdemille.jpg','http://www.aemma.org/arms/a/aemma_80.jpg','personal finance, RB','M',0,0,NULL,'1976-07-02',0,NULL,NULL,0,NULL,NULL,NULL,NULL,'college',NULL,0,0,NULL,0,'2005-01-10',0,'referred to by Ross Goodfellow','0000-00-00',NULL,NULL,0,NULL,NULL,NULL,1,'2005-01-10','Ossington',NULL,NULL,NULL,NULL,NULL,NULL,NULL,NULL,NULL,'Brandy and common-law husband, Geoff took advantage of the free January training, were brought in by Ross Goodfellow.  She periodically had made sandwiches for the post-practice on Wednesday\\\\\\\'s of tuna fish and ham!  She was originally born in Moncton or Saint John, NB. Her maiden name was \\\\\\\"Demille\\\\\\\".'),(147,3,3,5,'AEMMA','Jaye','E.','Marsh','Ms.','Ms. Jaye E. Marsh','1023 Greenwood Ave.',NULL,NULL,'Toronto','ON','M4J 4C9','Canada',NULL,'416.827.6510',NULL,NULL,'missjayemarsh@yahoo.ca','Ken Marsh','416.921.6623','http://www.aemma.org/images/bio_photos/bio_jmarsh.jpg','http://www.aemma.org/arms/a/aemma_80.jpg','musician,filmaker','F',2,0,NULL,'1970-08-09',0,NULL,NULL,0,NULL,NULL,NULL,NULL,'B.A.','UofT',1,0,NULL,1,'2005-01-10',0,NULL,'2007-06-15','2007-04-18','She is on ventolin, allergic to Penicillin and environ.',0,NULL,NULL,'Jaye has potential as a fighter, but is very concerned about personal injury to herself and to her training partner.  Although her training is sporadic, she did purchase her own arming sword, despite have financial challenges.  She does pickup on new techniques, however, shows great impatience when working with a recruit that has less skill than her.\r\n',1,'2005-01-10','Ossington',NULL,NULL,NULL,NULL,NULL,NULL,NULL,NULL,NULL,'First Aid certification good till Sep 2006.\r\nAEMMA offered a waiving of her training fees if she took on a custodian role at the salle. This worked only for a few weeks, after which she neglected her duties, and ultimately, AEMMA had to remove her from that role. Occupied with job and impending wedding through 2007. May return occasionally after. (Kel)'),(149,3,1,1,'AEMMA','Steven',NULL,'Entsch','Mr.','Mr. Steven Entsch','2356 Bloor St. W',NULL,NULL,'Toronto','ON',NULL,'Canada',NULL,'416.762.8016',NULL,NULL,'quollcat@hotmail.com',NULL,NULL,'http://www.aemma.org/images/bio_photos/bio_noPhotoDbase.jpg','http://www.aemma.org/arms/a/aemma_80.jpg','film/theatre production','M',0,0,NULL,'1969-12-08',0,NULL,NULL,0,NULL,NULL,NULL,NULL,'Asc/Dc.','Kelvin Grove (Australia)',0,0,NULL,0,'2005-01-17',0,'referred to by Darren Smith','0000-00-00',NULL,NULL,0,NULL,NULL,NULL,1,'2005-01-17','Ossington',NULL,NULL,NULL,NULL,NULL,NULL,NULL,NULL,NULL,'A referral from Darren Smith, Steven works at Medieval Times Restaurant'),(151,3,4,1,'AEMMA','Philip',NULL,'Lai','Mr.','Mr. Philip Lai','#706-28 Pemberton Ave.',NULL,NULL,'North York','ON','M2M4L1','Canada','416.837.7813','416.837.7813',NULL,'416.837.7813','seven_seas1@hotmail.com','Anthony Tse','416.221.8612','http://www.aemma.org/images/bio_photos/bio_noPhotoDbase.jpg','http://www.aemma.org/arms/a/aemma_80.jpg','Investment consultant','M',0,0,NULL,'1981-01-11',0,NULL,NULL,0,NULL,NULL,NULL,NULL,'3rd yr','York University',0,0,NULL,0,'2005-02-12',0,NULL,'2007-01-15',NULL,NULL,0,NULL,NULL,NULL,0,NULL,NULL,NULL,NULL,NULL,NULL,NULL,NULL,NULL,NULL,NULL,'archery only'),(153,3,1,1,'AEMMA','Peter',NULL,'Bevin',NULL,NULL,'65 Empire Ave.',NULL,NULL,'Toronto','ON','M4M 2L3','Canada',NULL,'416.801.5871',NULL,NULL,'pete@petebevin.com','Rochelle Gross','416.921.3126','http://www.aemma.org/images/bio_photos/bio_noPhotoDbase.jpg','http://www.aemma.org/arms/a/aemma_80.jpg','IT manager','M',0,0,NULL,'1969-12-30',0,NULL,NULL,0,NULL,NULL,NULL,NULL,NULL,NULL,0,0,NULL,0,'2005-03-21',0,NULL,'0000-00-00',NULL,NULL,0,NULL,NULL,NULL,1,'2005-03-21','Ossington',NULL,NULL,NULL,NULL,NULL,NULL,NULL,NULL,NULL,'a referral from Ross Goodfellow'),(155,3,1,2,'AEMMA','Daniel',NULL,'Chamberlain',NULL,NULL,'150 Leyton Ave.',NULL,NULL,'Scarborough','ON','M1L 3V2','Canada','416-686-9564','416.493.0669',NULL,'416.493.0669','chamberlaindan@hotmail.com',NULL,'416.230.9490','http://www.aemma.org/images/bio_photos/bio_dchamberlain.jpg','http://www.aemma.org/arms/a/aemma_80.jpg','cameraman','M',0,0,NULL,'1980-11-10',0,NULL,NULL,0,NULL,NULL,NULL,NULL,NULL,NULL,0,0,NULL,1,'2005-05-04',0,'web - visit request','2008-04-15','2007-09-17',NULL,0,NULL,NULL,NULL,1,'2005-05-04','Ossington',NULL,NULL,NULL,NULL,NULL,NULL,NULL,NULL,NULL,NULL),(157,3,1,1,'AEMMA','Jeff',NULL,'Pearson',NULL,NULL,'2-68 Glasgow St. N',NULL,NULL,'Guelph','ON','N1H 4V9','Canada','519.341.9139','519.341.9139',NULL,NULL,'jpeara901@rogers.com','Jo Anne Kew','519.275.2110','http://www.aemma.org/images/bio_photos/bio_noPhotoDbase.jpg','http://www.aemma.org/arms/a/aemma_80.jpg','web designer','M',0,0,NULL,'1968-05-17',0,NULL,NULL,0,NULL,NULL,NULL,NULL,NULL,NULL,0,0,NULL,0,'2005-05-01',0,NULL,'2006-07-15',NULL,NULL,0,NULL,NULL,NULL,1,NULL,NULL,NULL,NULL,NULL,NULL,NULL,NULL,NULL,NULL,NULL,NULL),(159,3,1,1,'AEMMA','David',NULL,'Collins',NULL,NULL,'312 Indian Road Crs.',NULL,NULL,'Toronto','ON','M6P 2G7','Canada','416.767.3506',NULL,NULL,NULL,'erlkonig@yorku.ca',NULL,NULL,'http://www.aemma.org/images/bio_photos/bio_noPhotoDbase.jpg','http://www.aemma.org/arms/a/aemma_80.jpg','college instructor/filmmaker','M',0,0,NULL,'1980-03-27',0,NULL,NULL,0,NULL,NULL,NULL,NULL,'M.F.A.',NULL,0,0,NULL,0,'2005-06-12',0,NULL,'2007-04-15','2007-01-03',NULL,0,NULL,NULL,NULL,1,NULL,NULL,NULL,NULL,NULL,NULL,NULL,NULL,NULL,NULL,NULL,'Sent an email to erlkonig@yorku.ca, regarding lapse in payments, but his email addy bounced. Left a message on his phone to clarify both email & payments (Apr 17, 2007 - dcvet)'),(161,3,1,1,'AEMMA','Jeremy','Evan Buchanan Serbor','Large','Mr.','Mr. Jeremy L.E.B. Serbor','240 Rusholme Rd.',NULL,NULL,'Toronto','ON','M6M 2Y8','Canada','416.536.3029','416.536.3029',NULL,'416.536.3029','kangtheconqueror2@gmail.com','Dr. Roe Lake','416.971.7601','http://www.aemma.org/images/bio_photos/bio_noPhotoDbase.jpg','http://www.aemma.org/arms/a/aemma_80.jpg','student','M',0,0,NULL,'1989-02-21',0,NULL,NULL,0,NULL,NULL,NULL,NULL,'gr.10','Western Technical-Commercial School',0,0,NULL,0,'2006-01-09',0,NULL,'2007-01-15',NULL,NULL,0,NULL,NULL,NULL,1,'2006-01-09','Ossington',NULL,NULL,NULL,NULL,NULL,NULL,NULL,NULL,NULL,'I regret to say I am no longer going to be training at AEMMA. Though I enjoyed my learning there immensely, I fear I will not be able to balance my time there and my other commitments. That is why I left the school. Thanks for checking in,\r\nJeremy Large (DC - Feb 22, 2007)'),(163,3,1,1,'AEMMA','Victor',NULL,'Cruzeiro','Mr.','Mr. Victor Cruzeiro','111 Raglan Ave.','Suite 1004',NULL,'Toronto','ON','M6C 2K9','Canada','416.652.0287','416.863.7650',NULL,NULL,'victor_c@sympatico.ca',NULL,NULL,'http://www.aemma.org/images/bio_photos/bio_noPhotoDbase.jpg','http://www.aemma.org/arms/a/aemma_80.jpg','financial analyst','M',0,0,NULL,NULL,0,NULL,NULL,0,NULL,NULL,NULL,NULL,NULL,NULL,0,0,NULL,0,'2006-01-16',0,NULL,'2006-06-15',NULL,NULL,0,NULL,NULL,NULL,1,'2006-01-16','Ossington',NULL,NULL,NULL,NULL,NULL,NULL,NULL,NULL,NULL,'AEMMA: long-term absence from training; survey questionnaire...Apr 4, 2008 - invalid email address.\r\n\r\nOct 1 2006: Marked inactive. FTW'),(165,2,1,1,'AEMMA','Adam',NULL,'Trumpour','Mr.','Mr. Adam Trumpour','2 Lakehill Cres.',NULL,NULL,'Toronto','ON','M1M 1E6','Canada','416.261.6598','416.261.6598',NULL,'416.909.2499','atrumpour@gmail.com','Mark Trumpour','416.261.6598','http://www.aemma.org/images/bio_photos/bio_atrumpour.jpg','http://www.aemma.org/arms/a/aemma_80.jpg','aerospace engineer','M',0,0,NULL,'1981-11-10',0,NULL,NULL,0,NULL,NULL,NULL,NULL,'B.Asc.',NULL,0,0,NULL,1,'2006-02-06',0,'ROM','2010-08-01','2009-11-15',NULL,0,NULL,NULL,NULL,1,'2006-02-06','Ossington',NULL,NULL,NULL,NULL,NULL,NULL,NULL,NULL,NULL,'3 post-dated cheques, May 15, Jun 15, Jul 15 (dcvet - May 2009)\r\n\r\nMoved to EFT for Nov 15'),(167,2,1,8,'AEMMA','Romeo',NULL,'Vitelli','Dr.','Dr. Romeo Vitelli','1101-190 Graydon Hall Drive',NULL,NULL,'Toronto','ON','M3A 3B2','Canada','416.999.5411','416.999.5411',NULL,NULL,'rvitelli@msn.com','Dr. H. Brandwitz',NULL,'http://www.aemma.org/images/bio_photos/bio_rvitelli.jpg','http://www.aemma.org/arms/a/aemma_80.jpg','psychologist','M',0,1,NULL,'1958-10-22',0,NULL,NULL,0,NULL,NULL,NULL,NULL,'Ph.D.',NULL,0,0,NULL,1,'2006-01-25',0,'ROM','2009-12-01','2009-02-09',NULL,0,NULL,NULL,'Romeo needs to focus on his footwork and coordination. Excellent shot with longbow.',1,'2006-01-25','Ossington',NULL,NULL,NULL,NULL,NULL,NULL,NULL,NULL,NULL,'ROM 6-week medieval swordsmanship graduate (Nov 5 - Dec 10 2005).  '),(169,3,1,1,'AEMMA','Dave',NULL,'Crichton','Mr.','Mr. Dave Crichton','19 Craiglee Drive',NULL,NULL,'Toronto','ON',NULL,'Canada',NULL,'416.266.5708',NULL,NULL,'outcast_beast@hotmail.com','Sam Crichton','416.266.5708','http://www.aemma.org/images/bio_photos/bio_noPhotoDbase.jpg','http://www.aemma.org/arms/a/aemma_80.jpg','machine operator','M',0,0,NULL,'1980-10-03',0,NULL,NULL,0,NULL,NULL,NULL,NULL,'gr.12',NULL,0,0,NULL,0,'2005-10-30',0,NULL,'2007-01-15',NULL,NULL,0,NULL,NULL,NULL,1,'2005-10-30','Ossington',NULL,NULL,NULL,NULL,NULL,NULL,NULL,NULL,NULL,NULL),(171,3,1,1,'AEMMA','Marc',NULL,'Kroesen','Mr.','Mr. Marc Kroesen','969A Eglinton Ave. W','Apt#2',NULL,'Toronto','ON','M6C 2C4','Canada','416.789.5177','416.789.5177',NULL,NULL,'gonetripping@hotmail.com','Mr. Roberts','416.481.8111','http://www.aemma.org/images/bio_photos/bio_noPhotoDbase.jpg','http://www.aemma.org/arms/a/aemma_80.jpg','self-employed','M',0,0,NULL,'1974-03-27',0,NULL,NULL,0,NULL,NULL,NULL,NULL,'University',NULL,0,0,NULL,0,'2005-10-05',0,NULL,'2007-01-15',NULL,NULL,0,NULL,NULL,NULL,1,'2005-10-05','Ossington',NULL,NULL,NULL,NULL,NULL,NULL,NULL,NULL,NULL,'AEMMA: long-term absence survey - Apr 4, 2008\r\n   1. Why did you visit AEMMA in the first place?\r\ninterested in learning about medieval martial arts - the website covered everything we were looking for.\r\n   2. Did the training at AEMMA meet your expectations while training? If not, what was missing?\r\nMet expectations - mostly yes.\r\n   3. What recommendations would you suggest to improve AEMMA, its training facilities, training program, its people?\r\nNone\r\n   4. What do you/did you think of the instructors? Offer a brief explanation.\r\nExcellent - enjoyed time with the instructors\r\n   5. Did you feel that the monthly training fees mapped well with the services offered?  How do the fees compare to other martial arts schools you know of?\r\nNot a problem\r\n   6. How long did you train at AEMMA before leaving the Academy?\r\nWe appeared for individual (or one off) lessons to see if we were interested in continuing\r\n   7. What caused your long-term absence (no details, just high level description)?\r\nInstructors were great - but above that, the people we dealt with were a little too heavy/serious/stuffy for our comfortability.\r\n   8. What changes or enhancements to AEMMA would be enough for you to consider returning to practices?\r\nNot sure there are any.  We may return regarding of any enchanments or changes.\r\n   9. Would you have any general comments or opinions about AEMMA?\r\nExcellent facility - great concepts - just wasn\\\'t right at the time - and since then have become busy with work to the point that I am not as active as I would like to be.\r\n*******************************'),(173,3,1,1,'AEMMA','Jesse',NULL,'Lewarne','Mr.','Mr. Jesse Lewame','596 Davenport Rd.',NULL,NULL,'Toronto','ON','M5R 1K9','Canada','416.924.1876','416.924.1876',NULL,NULL,NULL,'Dr. Fred Freedman','416.928.0920','http://www.aemma.org/images/bio_photos/bio_noPhotoDbase.jpg','http://www.aemma.org/arms/a/aemma_80.jpg','student','M',0,0,NULL,'1989-08-22',0,NULL,NULL,0,NULL,NULL,NULL,NULL,'10','Rosedale Heights S.',0,0,NULL,0,'2005-09-11',0,NULL,'2006-01-01',NULL,NULL,0,NULL,NULL,NULL,1,'2005-09-11','Ossington',NULL,NULL,NULL,NULL,NULL,NULL,NULL,NULL,NULL,NULL),(175,3,1,1,'AEMMA','Eldred','T.K.','Weng','','','72 Curzon Street','','','Toronto','ON','','Canada','416.320.4390','416.320.4390','','416.320.4390','eldred.tjie@gmail.com','Shervin Shahidi','647.886.0384','http://www.aemma.org/images/bio_photos/bio_noPhotoDbase.jpg','http://www.aemma.org/arms/a/aemma_80.jpg','computer animation','M',0,0,'','1980-03-13',0,NULL,'',0,'',NULL,'','','post-grad','Sheridan College',0,0,NULL,0,'2005-08-21',0,'','0000-00-00',NULL,NULL,0,'',NULL,NULL,1,NULL,NULL,NULL,NULL,NULL,NULL,NULL,NULL,NULL,NULL,NULL,''),(177,3,1,1,'AEMMA','Larry','','Chan','','','176 Main St. East','','','Milton','ON','L9T 1N8','Canada','905.875.3655','','','416.894.6729','larch@yorku.ca','Wing Wai Chan','905.875.3655','http://www.aemma.org/images/bio_photos/bio_noPhotoDbase.jpg','http://www.aemma.org/arms/a/aemma_80.jpg','student','M',0,0,'','1982-10-07',0,NULL,'',0,'',NULL,'','','OSSD','York University',0,0,NULL,0,'2005-07-25',0,'','0000-00-00',NULL,NULL,0,'',NULL,NULL,1,NULL,NULL,NULL,NULL,NULL,NULL,NULL,NULL,NULL,NULL,NULL,''),(179,3,2,1,'AEMMA','Olga',NULL,'Palmateer','Ms.','Ms. Olga Palmateer','7 Jackes Ave.','Apt#1703',NULL,'Toronto','ON','M4T 1E3','Canada',NULL,'416.920.2261',NULL,NULL,NULL,'Dr. Venis','416.534.4214','http://www.aemma.org/images/bio_photos/bio_noPhotoDbase.jpg','http://www.aemma.org/arms/a/aemma_80.jpg',NULL,'F',0,0,NULL,NULL,0,NULL,NULL,0,NULL,NULL,NULL,NULL,NULL,NULL,0,0,NULL,0,'2005-07-04',0,'ROM','0000-00-00',NULL,NULL,0,NULL,NULL,NULL,1,'2005-07-04','Ossington',NULL,NULL,NULL,NULL,NULL,NULL,NULL,NULL,NULL,'ROM 6-week medieval swordsmanship graduate (Jan 29 - Mar 6, 2005), took her free month.'),(181,2,1,4,'AEMMA','Ariella',NULL,'Elema','Ms.','Ms. Ariella Elema','354 Sunnyside Avenue',NULL,NULL,'Toronto','ON','M6R 2R6','Canada','416.809.3547','416.325.5216',NULL,'416.453.4752','ariella_elema@hotmail.com','Dr. Merrill Smullen','905.857.2356','http://www.aemma.org/images/bio_photos/bio_aelema.jpg','http://www.aemma.org/arms/e/elema_80.jpg',NULL,'',1,1,NULL,'1977-07-02',0,NULL,NULL,1,'assumed - Jan 2009','Arms: Or, four fleur-de-lys, the first, Gules a Canadian pale Argent, second, third and fourth, Sable.',NULL,NULL,'M.A.','UofT',0,0,NULL,1,'2005-06-01',0,NULL,'2010-02-01','2009-10-07',NULL,0,NULL,NULL,'Ariella successfully achieved her scholler rank.  She demonstrated very detailed knowledge of Fiore, his achievements, and a goodly number of historical side notes. She explained the grounds and governors without error.  She had a full complement of schollers on hand, from both Guelph and Toronto, having to face 18 schollers during her free-play fencing bouts.  Her fighting skills improved greatly over the past few months, this inconjunction with her training with JKD.  This was readily apparent with her excellent footwork during the fencing. Her admission to the scholler rank was unanimous. (Nov 13, 2006 - DC)',2,'2006-11-12','Ossington',NULL,NULL,NULL,NULL,NULL,NULL,NULL,NULL,NULL,'Ariella shows promise in fencing. She is dedicated to the art and to AEMMA.  For a while, she had delivered Latin instruction to a number of students (Apr 2006).'),(183,3,3,5,'AEMMA','Amber',NULL,'Stechyshyn','Ms.','Ms. Amber Stechyshyn','970 Dovercourt Rd',NULL,NULL,'Toronto','ON','M6H 2X5','Canada',NULL,'416.538.2089',NULL,NULL,'trinityamber@yahoo.ca',NULL,NULL,'http://www.aemma.org/images/bio_photos/bio_astechyshyn.jpg','http://www.aemma.org/arms/a/aemma_80.jpg','student','F',0,0,NULL,'1981-02-15',0,NULL,NULL,0,NULL,NULL,NULL,NULL,'BFA','Ryerson',0,0,NULL,0,'2005-03-06',0,NULL,'2006-12-15','2006-10-04','condition: low blood pressure, but manages it herself (salt, electrolytes)\r\n- asthma - administers her own puffer',0,NULL,NULL,NULL,1,'2005-03-06','Ossington',NULL,NULL,NULL,NULL,NULL,NULL,NULL,NULL,NULL,'Feb 1, 2007 - due to job issues, now that she has finished her schooling, she will be occassional till her job situation changes.\r\n\r\nAmber is dedicated to the art. She has some natural martial abilities, but needs work on her footwork.  She has purchased her own arming sword thus indicating her commitment to the training.\r\n\r\nAmber has taken training on event management. May be a useful resource in the future.'),(185,3,1,1,'AEMMA','Ricardo','','Higuera','','','1701 Bathurst Ave.','Apt#4','','Toronto','ON','M5P 3K2','Canada','','416.932.8236','','','richiguera@hotmail.com','','','http://www.aemma.org/images/bio_photos/bio_noPhotoDbase.jpg','http://www.aemma.org/arms/a/aemma_80.jpg','','M',0,0,'',NULL,0,NULL,'',0,'',NULL,'','','','',0,0,NULL,0,'2005-05-25',0,'','0000-00-00',NULL,NULL,0,'',NULL,NULL,1,NULL,NULL,NULL,NULL,NULL,NULL,NULL,NULL,NULL,NULL,NULL,'Feb 14, 2006: email successful - responded claiming that he is working out finances, and hopes to return in March.'),(187,3,1,1,'AEMMA','Darren','Seng Kean','Tan','Mr.','Mr. Darren S.K. Tan','65 Spadina Ave.',NULL,NULL,'Toronto','ON','M5R 2T1','Canada',NULL,NULL,NULL,'905.330.2053','wraithdt@yahoo.com',NULL,NULL,'http://www.aemma.org/images/bio_photos/bio_noPhotoDbase.jpg','http://www.aemma.org/arms/a/aemma_80.jpg','3D artist','M',0,0,NULL,'1983-08-21',0,NULL,NULL,0,NULL,NULL,NULL,NULL,'Post Grad Diploma','Sheridan College',0,0,NULL,1,'2006-01-08',0,NULL,'2007-01-15',NULL,NULL,0,NULL,NULL,NULL,1,'2006-01-08','Ossington',NULL,NULL,NULL,NULL,NULL,NULL,NULL,NULL,NULL,NULL),(3,2,7,1,'AEMMA','David','B.','Murphy','Mr.','Mr. David B. Murphy','13 Callander Drive',NULL,NULL,'Guelph','ON','N1H 4E3','Canada','(519) 833.9665','(519) 826-0140',NULL,'519-823-3178','dbmurphy@aemma.org',NULL,NULL,'http://www.aemma.org/images/bio_photos/bio_dbmurphy.jpg','http://www.aemma.org/arms/m/murphy_80.jpg',NULL,'M',2,1,'Jennifer','1969-11-16',0,NULL,NULL,1,'assumed, October 2005','Arms:  	Gyronny Azure and Gules a tyger rampant Or similarly armed and langued, gorged and suspended from the collar of the second therefrom a carpenter\\\\\\\\\\\\\\\'s compass also of the second, holding in its dexter paw a rondel dagger proper point downward.\r\nCrest: 	Upon a helmet mantled Azure doubled Argent a torse of the same a lion rampant Or similarly armed and langued, gorged and suspended from the collar Gules therefrom a maple leaf of the same, holding in its dexter paw a longsword point upward.\r\nMotto: 	SIS AUDAX UI ATAM ANIMO  (\\\\\\\\\\\\\\\"May you be bold in vigour and in mind\\\\\\\\\\\\\\\" - Fiore\\\\\\\\\\\\\\\'s prolog, 1310)\r\nBadge: 	On a plate gyronny Azure and Gules, within a belt Sable edged, buckled and inscribed with the Motto in letters Argent, a tyger rampant Or similarly armed and langued, gorged and suspended from the collar of the second therefrom a carpenter\\\\\\\\\\\\\\\'s compass also of the second, holding in its dexter paw a rondel dagger proper point downward. Click to view a larger image of the badge.',NULL,NULL,'M.A. History','Queen\\\\\\\\\\\\\\\\\\\\\\\\\\\\\\\'s',0,1,'David incurred an injury during a fencing bout, using wooden wasters, from an ARMA member from Boston. The injury turned out to be a broken thumb. (2001)',0,'2000-01-15',0,NULL,NULL,NULL,NULL,1,'Early 15th century, full-plate, armet with riveted mail standard, full plated legs including segment solarets, full plated arms, Italian style mitten gauntlets German-style metal finger gauntlets, metal faulds, rivited mail gussets.','Leather gorget, Revival cotton gambeson, steel elbows and shoulders, best armour gothic gauntlets','Damn,this guys is good!',3,'2003-04-13','St. Clair',NULL,NULL,NULL,NULL,NULL,NULL,'Linen shirts, low boots.',NULL,NULL,'Two kids : Owen Arthur Richard Peter Murphy, at 5:45pm May 13, 2003 @ 7lbs by C-section and Robert Bruce David Marvin Murphy, at 12:56pm, 7.6lbs, July 20, 2006.'),(20,4,5,1,'AEMMA','Michael',NULL,'Rasmusson','Mr.','Mr. Michael Rasmusson','14 Beaconsfield Ave','Apt #1',NULL,'Toronto','ON','M6J 3H9','Canada','(416) 516-2050','(416) 980-8267',NULL,NULL,'mike.rasmusson@sympatico.ca',NULL,NULL,'http://www.aemma.org/images/bio_photos/bio_miker.jpg','http://www.aemma.org/arms/arms_miker.jpg','IT Professional','M',0,0,NULL,'1965-02-08',0,NULL,NULL,1,'inherited',NULL,NULL,NULL,NULL,NULL,0,1,'Incurred a stab between the thumb and index finger of the right hand. Taken to Mount Sinai, where he received stitches. (2004)',0,'1999-06-26',0,NULL,NULL,NULL,NULL,0,NULL,NULL,'Mike was running a German Swordsmanship training group however progression had stagnated and there were several key interpretation errors that he refused to amend. the group was suspended and Mike resigned.',2,NULL,NULL,NULL,NULL,NULL,NULL,NULL,NULL,NULL,NULL,NULL,'Michael was one of the original -students-.  He had trained for a while, then dropped out while working in Bermuda. He has since returned to AEMMA, focusing on German longsword instruction.'),(118,2,1,3,'AEMMA','Ross','V.','Goodfellow','Mr.','Mr. Ross V. Goodfellow','79 Degrassi St.',NULL,NULL,'Toronto','ON','M4M 2K5','Canada','(416) 778-4806','(416) 778-4806',NULL,NULL,'ross.goodfellow@gmail.com','Roben Goodfellow','(416) 778-4806','http://www.aemma.org/images/bio_photos/bio_rgoodfellow.jpg','http://www.aemma.org/arms/g/goodfellow_80.jpg',NULL,'M',2,0,'Roben','1968-02-20',0,NULL,NULL,1,'assumed, January 2008','Arms: Sable, a bend Or between in chief, a lion rampant Or armed and langued Gules holding between the forepaws, a heart Gules and in base, a three-masted square-rigger ancient ship proper with five oars Gules.',NULL,NULL,NULL,NULL,0,0,NULL,1,'2004-10-31',0,NULL,'2009-12-15','2006-12-13',NULL,0,NULL,'black gambeson, leather gauntlets/lacrosse gloves with hardened leather finger buckler, leather gorget, period footwear (Revival), elbow cops, fencing mask.',NULL,2,'2005-10-23','Ossington',NULL,NULL,NULL,NULL,NULL,NULL,NULL,NULL,'guns','An agreement was made with Ross, whereby he can continue his training and in lieu of doing a tremendous amount of work on the DVD, we will exchange the DVD work with training fees for 2009. (dcvet - Jan 2009)'),(5,3,3,1,'AEMMA','Charles',NULL,'Jevons','Mr.','Mr. Charles Jevons','33 Hallam St.',NULL,NULL,'Toronto','ON','M6G 1W1','Canada',NULL,'(416) 516-6725',NULL,NULL,'charlesjevons@sympatico.ca','Deborah Darling','(705) 434-9053','http://www.aemma.org/images/bio_photos/bio_noPhotoDbase.jpg','http://www.aemma.org/arms/a/aemma_80.jpg','metal work, swordsmithy','M',0,0,NULL,'1967-10-24',0,NULL,'Irish/Celtic music',0,NULL,NULL,NULL,NULL,NULL,NULL,0,0,NULL,0,'2003-07-02',0,NULL,'0000-00-00',NULL,NULL,0,NULL,NULL,NULL,1,NULL,NULL,NULL,NULL,NULL,NULL,NULL,NULL,NULL,NULL,NULL,'After joining AEMMA, we discovered that Charles is able to construct aluminum swords. His swords have become the -standard issue- training sword, in particular, arming swords.  His training is sporadic at best, however, continues to associate with AEMMA and builds swords.'),(7,3,1,1,'AEMMA','Joey',NULL,'Coleman','Mr.','Mr. Joe Coleman','2101-411 Duplex Avenue',NULL,NULL,'Toronto','ON','M4R 1V2','Canada','(416) 534-9524','(416) 979-5000x7226',NULL,'(416) 576-2587','joeycoleman@acm.org','Andrea Rimbauly','(416) 803-4565','http://www.aemma.org/images/bio_photos/bio_jcoleman.jpg','http://www.aemma.org/arms/a/aemma_80.jpg',NULL,'',0,0,NULL,'1978-05-23',0,NULL,NULL,0,NULL,NULL,NULL,NULL,'B.Sc.',NULL,0,0,NULL,1,'2001-12-08',0,NULL,'0000-00-00',NULL,NULL,0,NULL,NULL,NULL,2,'2003-06-15','St. Clair',NULL,NULL,NULL,NULL,NULL,NULL,NULL,NULL,NULL,'Joey left for the UK in the summer of 2003 in order to pursue his M.Sc. In computer science.'),(9,3,1,1,'AEMMA','Jonathan',NULL,'Deber','Mr.','Mr. Jonathan Deber','513 St. Clements Ave.',NULL,NULL,'Toronto','ON','M5N 1M3','Canada','(416) 488-8293','(416) 488-8293',NULL,NULL,'jonathan.deber@utoronto.ca','Charles Deber','(416) 813-5924','http://www.aemma.org/images/bio_photos/bio_jdeber.jpg','http://www.aemma.org/arms/a/aemma_80.jpg','university student','M',0,0,NULL,'1981-05-21',0,NULL,NULL,0,NULL,NULL,NULL,NULL,NULL,'University of Toronto',0,0,NULL,1,'2003-08-29',0,'word of mouth','2009-08-01','2009-04-03',NULL,0,NULL,NULL,'Jonathan gets the concepts, but periodically has difficulty in applying them.  He -talks too much- and attempts to over-analyze the techniques.  If he simply relaxes during training, I suspect his training will improve (Jan 2006).',1,'2003-08-29','St. Clair',NULL,NULL,NULL,NULL,NULL,NULL,NULL,NULL,NULL,'Jonathan has enormous feet for his size, however, was able to purchase period footwear through Revival (Aug 2005).'),(11,3,1,1,'AEMMA','John',NULL,'Bartlett','Mr.','Mr. John Bartlett','2920 Keadon Forest Drive #35',NULL,NULL,'Burlington','ON','L7M 4H1','Canada','(905) 336-7076','(905) 632-5778',NULL,NULL,'jbartlett@scottbat.on.ca',NULL,NULL,'http://www.aemma.org/images/bio_photos/bio_noPhotoDbase.jpg','http://www.aemma.org/arms/a/aemma_80.jpg','chartered tax accountant','M',0,0,NULL,'1969-10-02',NULL,NULL,NULL,NULL,NULL,NULL,NULL,NULL,'BBA',NULL,NULL,0,NULL,0,'2001-05-01',0,'web','0000-00-00',NULL,NULL,NULL,NULL,NULL,NULL,1,NULL,NULL,NULL,NULL,NULL,NULL,NULL,NULL,NULL,NULL,NULL,'Termination survey of Feb 2006 (see membership==>terminationSurvey-feb2006 email folder) failed to be received by the email address provided.'),(500,2,3,3,'AEMMA','Scott',NULL,'Cromwell','Mr.','Mr. S. Cromwell','55 Magazine St.','Apt# 810',NULL,'Saint John','NB','E2K 2S5','Canada',NULL,NULL,NULL,NULL,NULL,NULL,NULL,'http://www.aemma.org/images/bio_photos/bio_scromwell.jpg','http://www.aemma.org/arms/a/aemma_80.jpg','Self employed','M',0,0,NULL,'1958-01-02',0,NULL,NULL,0,'web',NULL,NULL,NULL,NULL,NULL,0,0,NULL,0,'2009-04-05',0,NULL,'2009-06-01','2009-05-03',NULL,0,NULL,NULL,NULL,1,NULL,NULL,NULL,NULL,NULL,NULL,NULL,NULL,NULL,NULL,NULL,'He is in Toronto for a couple of months.  He plans on taking the ferry across to train with the group in Digby periodically during the upcoming summer. He had purchased a sword from Charles.'),(15,3,1,1,'AEMMA','Mary',NULL,'Desrocher','Ms.','Ms. M. Desrocher','139 Westwood Ave.',NULL,NULL,'Toronto','ON','M4K 2A9','Canada','(416) 429-3831','(416) 736-5115 x311',NULL,NULL,'mdesroch@yorku.ca','Dr. D. Leanoff','(416) 466-6699','http://www.aemma.org/images/bio_photos/bio_mdesrocher.jpg','http://www.aemma.org/arms/a/aemma_80.jpg','Assistant Professor','M',0,0,'Phil Groff','1968-12-05',0,NULL,NULL,0,NULL,NULL,NULL,'Ph.D.','Ph.D.',NULL,0,0,NULL,0,'2000-07-16',0,NULL,'0000-00-00',NULL,NULL,0,NULL,NULL,NULL,1,'2000-07-16','Innes Park',NULL,NULL,NULL,NULL,NULL,NULL,NULL,NULL,NULL,'Mary is the wife of Phil Groff.  She attends regular training along with Phil.  She had some difficulty handling the longsword, however, she showed interest and continued to pursue her training.'),(17,3,1,1,'AEMMA','Mike',NULL,'Essex','Mr.','Mr. Mike Essex','43 Wimbledon Rd.',NULL,NULL,'Guelph','ON','N1H 7N4','Canada','(519) 821-8984','(519) 763.7609',NULL,NULL,'foocrazy@hotmail.com',NULL,NULL,'http://www.aemma.org/images/bio_photos/bio_messex.jpg','http://www.aemma.org/arms/a/aemma_80.jpg',NULL,'',0,0,NULL,'1981-10-16',0,NULL,NULL,0,NULL,NULL,NULL,NULL,NULL,NULL,0,0,NULL,0,'2002-05-27',0,NULL,'2007-01-15',NULL,NULL,0,NULL,NULL,NULL,2,'2004-03-28','Ossington',NULL,NULL,NULL,NULL,NULL,NULL,NULL,NULL,NULL,'Mike was the first Guelph student to pass the Scholler\\\'s test, March 28, 2004.'),(19,3,3,2,'AEMMA','Simon',NULL,'Forshaw','Mr.','Mr. Simon Forshaw','160 Balmoral Ave.','Apt#1102',NULL,'Toronto','ON','M4V 1J6','Canada',NULL,'416.967.7469',NULL,NULL,'simonforshaw@hotmail.com','Ron Forshaw','905.279.1984','http://www.aemma.org/images/bio_photos/bio_noPhotoDbase.jpg','http://www.aemma.org/arms/a/aemma_80.jpg','financial admin - gov of ON','M',0,0,NULL,'1967-07-04',0,NULL,NULL,0,NULL,NULL,NULL,NULL,NULL,NULL,0,0,NULL,0,'2003-02-22',0,NULL,'0000-00-00',NULL,NULL,0,NULL,NULL,NULL,1,'2003-02-22','St. Clair',NULL,NULL,NULL,NULL,NULL,NULL,NULL,NULL,NULL,'Simon worded for the ON government, and as a result of the change of government (elections), his job was terminated. He had taken on odd jobs including bouncing/doorman at night clubs, but finances limited his access to training.\r\nRecruted to RCMP Nov 2008- may return to training in the future\r\nSimon responded to the termination survey of Feb 2006 (see membership==>terminationSurvey-feb2006 email folder)\r\n\r\nSimon returned to occassional training, Sunday, Oct 15th.  (Oct 16, 2006 - dcvet)'),(24,0,3,0,'AEMMA','Scott','','Jackson','','','95 John St.','','','Toronto','ON','M9N 1J9','Canada','416.242.8734','416.242.8734','','','thravoid@hotmail.com','Margaret Jackson','416.456.0127','http://www.aemma.org/images/bio_photos/bio_noPhotoDbase.jpg','http://www.aemma.org/arms/a/aemma_80.jpg','','',0,0,'1987-10-20',NULL,0,NULL,'0',0,'',NULL,'','','','0',0,0,NULL,0,NULL,0,'',NULL,NULL,NULL,0,'',NULL,NULL,0,NULL,NULL,NULL,NULL,NULL,NULL,NULL,NULL,NULL,NULL,NULL,'A'),(22,3,2,1,'AEMMA','Robert','M.J.','Hillerby','Mr.','Mr. Robert M.J. Hillerby','229 High Park Ave.','Apt#2',NULL,'Toronto','ON','M6P 2S5','Canada','416.769.6732',NULL,NULL,'416.880.2249','robhillerby@hotmail.com','Mr. John Hillerby','416.281.1927','http://www.aemma.org/images/bio_photos/bio_noPhotoDbase.jpg','http://www.aemma.org/arms/a/aemma_80.jpg',NULL,'M',0,0,NULL,'1976-10-01',0,NULL,NULL,0,NULL,NULL,NULL,NULL,NULL,NULL,0,0,NULL,0,NULL,0,NULL,'0000-00-00',NULL,NULL,0,NULL,NULL,NULL,1,NULL,NULL,NULL,NULL,NULL,NULL,NULL,NULL,NULL,NULL,NULL,'AEMMA: long-term absence from training; survey questionnaire...Apr 4, 2008 - invalid email address.'),(28,2,20,13,'AEMMA','Matt',NULL,'Brundle','Mr.','Mr. Matt Brundle','37 Winston Ave.',NULL,NULL,'Toronto','ON','M1W 1W2','Canada','416.691.9363','416.691.9363',NULL,NULL,'mdbrundle@hotmail.com','Isla Brundle','416.691.9363','http://www.aemma.org/images/bio_photos/bio_mbrundle.jpg','http://www.aemma.org/arms/b/brundle_80.jpg','school teacher','M',2,0,'Holly Pennington','1966-06-07',0,NULL,NULL,1,'assumed, November 2007','arms:  Argent,a bend Gules in chief a lion passant guardant Sable, in base, an open book proper\r\nsource: assumed, 2007\r\nartist/herald: David M. Cvet',NULL,NULL,NULL,NULL,0,0,NULL,1,'2003-11-09',0,NULL,'2009-12-15','2008-12-19',NULL,1,'A complete mid 14th century transitional plate harness based on the Stapleton effigy. Splint and leather limb armour. Plate spaudlers, elbows, knees and greaves. Houndskull bascinet (Valentine). Harness elements constructed by Free Scholar Kel Rekuta.',NULL,NULL,2,'2006-04-02','Ossington',NULL,NULL,NULL,NULL,NULL,NULL,NULL,NULL,NULL,'Three children, the latest addition, born Dec 8, 2006, daughter: Trinity Frieda Pennington-Brundle. Their two older children: Emily and Luca.\r\n\r\nArms designed by David Cvet in 2007.\r\n\r\nDue to family pressured Matt is reducing his training frequency; June 2008'),(26,3,1,1,'AEMMA','Edward','A','Kimsa-Rowntree','Mr.','Mr. Edward A. Kimsa-Rowntree','17 Evelyn Cres.',NULL,NULL,'Toronto','ON','M6P 3C8','Canada','416.604.7179','416.763.4487',NULL,'416.856.7017','edward@wayofthewolf.biz','Sol Kimsa','416.835.6909','http://www.aemma.org/images/bio_photos/bio_ekimsa-rowntree.jpg','http://www.aemma.org/arms/a/aemma_80.jpg','business consultant','M',0,0,NULL,'1982-05-10',0,NULL,NULL,0,NULL,NULL,NULL,NULL,'FADT',NULL,0,0,NULL,1,'2002-03-18',0,NULL,'2007-10-15','2007-04-15',NULL,0,NULL,NULL,NULL,1,NULL,NULL,NULL,NULL,NULL,NULL,NULL,NULL,NULL,NULL,NULL,'Edward used to train at the St. Clair Ave. location, and then left.  He returned to the Dupont-Ossington location Apr 15, 2007. (may 2, 2007 - dcvet)'),(30,3,3,1,'AEMMA','Jeffry','C.','Larson','Mr.','Mr. Jeffry C. Larson','207 Wealtha Ave. #662B',NULL,NULL,'Watertown','NY','13601','USA','315.786.3047','315.772.4715',NULL,NULL,'basslars@yahoo.com',NULL,NULL,'http://www.aemma.org/images/bio_photos/bio_jlarson.jpg','http://www.aemma.org/arms/a/aemma_80.jpg',NULL,'',0,0,'Liesl','1969-03-27',0,NULL,NULL,0,NULL,NULL,NULL,NULL,'M.Music',NULL,0,0,NULL,0,'2001-09-21',0,NULL,NULL,NULL,NULL,0,NULL,NULL,'Jeffrey is a conscientious student, and although his visits are far and few between, he takes what he learns, and continues to practice on his own back in Watertown.  His development showed consistent improvement over time. (Jan 2002)',2,'2002-07-13','St. Clair',NULL,NULL,NULL,NULL,NULL,NULL,NULL,NULL,NULL,'Jeffrey was the first -non-Canadian- to achieve Scholler rank. His test was conducted outdoors at the Waterford Jousting Festival, July 13, 2002, on a very hot and sunny day, on one of the horse paddocks. Jeff has 3 boys: Lars(8),  Lief(5),  Alex(3), wifes name is Liesl  sounds like Diesel.'),(32,3,3,1,'AEMMA','David',NULL,'Loewen','Mr.','Mr. David Loewen','914-6 Forest Laneway',NULL,NULL,'North York','ON','M2N 5X9','Canada',NULL,'416.250.6317',NULL,NULL,'djloewen@sympatico.ca','John Loewen','416.756.2290','http://www.aemma.org/images/bio_photos/bio_noPhotoDbase.jpg','http://www.aemma.org/arms/a/aemma_80.jpg',NULL,'M',0,0,NULL,'1981-12-02',0,NULL,NULL,0,NULL,NULL,NULL,NULL,NULL,NULL,0,0,NULL,0,'2003-12-03',0,NULL,'0000-00-00',NULL,NULL,0,NULL,NULL,NULL,1,NULL,NULL,NULL,NULL,NULL,NULL,NULL,NULL,NULL,NULL,NULL,'AEMMA: long-term absence from training; survey questionnaire...Apr 4, 2008 - invalid email address.'),(35,3,3,1,'AEMMA','Lilith','Y.','Muramasa','Ms.','Ms. Lilith Y. Muramasa','580 Yonge St. #3',NULL,NULL,'Toronto','ON','M4Y 1Z3','Canada',NULL,'416.962.4881',NULL,NULL,'lilightu@hotmail.com',NULL,NULL,'http://www.aemma.org/images/bio_photos/bio_lmuramasa.jpg','http://www.aemma.org/arms/a/aemma_80.jpg',NULL,'',0,0,NULL,'1956-07-09',0,NULL,NULL,0,NULL,NULL,NULL,NULL,'high school',NULL,0,0,NULL,0,'2000-11-26',0,NULL,'0000-00-00',NULL,NULL,0,NULL,NULL,NULL,1,'2000-11-26','Ossington',NULL,NULL,NULL,NULL,NULL,NULL,NULL,NULL,NULL,'Lilith is a member of the OTO. She had heard about AEMMA through the Toronto Star article, and visited the WMAW 2000 at Medieval Times, after which she joined AEMMA.  She showed promise, but her life became complicated and moved to Guelph.  \r\n\r\nShe had painted the AEMMA arms tapestry, finishing it in 2005 and presenting to AEMMA at the Renn Festival at Casa Loma.  She had also painted the \\\\\\\\\\\\\\\'sette spada\\\\\\\\\\\\\\\' wall hanging for AEMMA.'),(39,3,3,1,'AEMMA','Karen','','Chimal','Ms.','Ms. Karen Chimal','749 Steeles Ave.','Apt#18','','North York','ON','M2B 2S5','Canada','','416.229.4037','','','','Javier Chimal','416.229.4037','http://www.aemma.org/images/bio_photos/bio_noPhotoDbase.jpg','http://www.aemma.org/arms/a/aemma_80.jpg','','F',0,0,'','1980-02-11',0,NULL,'',0,'',NULL,'','','','',0,0,NULL,0,'2003-11-23',0,'','0000-00-00',NULL,NULL,0,'',NULL,NULL,1,NULL,NULL,NULL,NULL,NULL,NULL,NULL,NULL,NULL,NULL,NULL,''),(41,2,6,8,'JKD','Brett',NULL,'Simms','Mr.','Mr. Brett Simms','412 Delaware Ave.',NULL,NULL,'Toronto','ON','M6H 2T9','Canada','416.535.7225','416.535.7225',NULL,'416.806.1148','mail@simmsimaging.com','Natalie Simms',NULL,'http://www.aemma.org/images/bio_photos/bio_bsimms.jpg','http://www.aemma.org/arms/a/aemma_80.jpg','computer graphics','M',0,0,'Natalie','0000-00-00',0,NULL,NULL,0,NULL,NULL,NULL,NULL,NULL,NULL,0,0,NULL,0,'2003-02-05',0,NULL,'2008-10-15','2007-11-09',NULL,0,NULL,NULL,NULL,2,'2003-07-20','St. Clair',NULL,NULL,NULL,NULL,NULL,NULL,NULL,NULL,NULL,'Brett is very athletic and martially oriented. After he had achieved his scholler rank on July 20, 2003 at the St. Clair salle, he became more interested in JKD training, after a while, focused entirely on JKD training.'),(43,3,2,1,'AEMMA','Tracey','Michael','Snow','Mr.','Mr. Tracey Snow','7116 Justine Drive',NULL,NULL,'Mississauga','ON','L4T 1M3','Canada','905.677.2008','416.215.9249',NULL,'416.295.7978','tsnow@sympatico.ca','Dr. P. Fisch','416.621.2222','http://www.aemma.org/images/bio_photos/bio_noPhotoDbase.jpg','http://www.aemma.org/arms/a/aemma_80.jpg','network administrator','M',0,0,NULL,'1966-10-29',0,NULL,NULL,0,NULL,NULL,NULL,NULL,'OSSH','Ryerson',0,0,NULL,0,'2000-12-03',0,NULL,'0000-00-00',NULL,NULL,0,NULL,NULL,NULL,1,NULL,NULL,NULL,NULL,NULL,NULL,NULL,NULL,NULL,NULL,NULL,'AEMMA: long-term absence survey - Apr 4, 2008\r\n   1.  Why did you visit AEMMA in the first place?\r\nI had always wanted to learn historical sword techniques.\r\n   2. Did the training at AEMMA meet your expectations while training? If not, what was missing?\r\nYes, absolutely!\r\n   3. What recommendations would you suggest to improve AEMMA, its training facilities, training program, its people?\r\nNone that I can think of.  It was so long ago that Im sure much has changed since I was there.\r\n   4. What do you/did you think of the instructors? Offer a brief explanation.\r\nExcellent!  All the instructors were knowledgeable and proficient instructors.\r\n   5. Did you feel that the monthly training fees mapped well with the services offered?  How do the fees compare to other martial arts schools you know of?\r\nAgain, I had no complaints about the fee structure.\r\n   6. How long did you train at AEMMA before leaving the Academy?\r\nI was a member for about 18 months but only really trained for about 3.\r\n   7. What caused your long-term absence (no details, just high level description)?\r\nI left fro personal, family reasons.\r\n   8. What changes or enhancements to AEMMA would be enough for you to consider returning to practices?\r\nNone to AEMMA that I can think of.\r\n   9. Would you have any general comments or opinions about AEMMA?\r\nIts an excellent organization and I continue to refer people to AEMMA (my AEMMA jacket makes me a walking billboard!)\r\n*******************************\r\nTracey has a history of disappearing, and re-appearing at training. His long term disappearances has seriously retarded his martial training.  Periodically, he will show up and claim that he will now be training with regularity, and will show up for one or two practices and disappear once again.'),(45,3,2,1,'AEMMA','Todd',NULL,'Teal','Mr.','Mr. Todd Teal','1031 Bertie St.',NULL,NULL,'Fort Erie','ON','L2A 5R9','Canada',NULL,'416.578.3560',NULL,NULL,'toddteal@globalsensorsystems.com','Shirley Teal','905.871.2271','http://www.aemma.org/images/bio_photos/bio_noPhotoDbase.jpg','http://www.aemma.org/arms/a/aemma_80.jpg','IT professional','M',0,0,NULL,'1971-03-08',0,NULL,NULL,0,NULL,NULL,NULL,NULL,NULL,NULL,0,0,NULL,0,'2002-06-26',0,NULL,'0000-00-00',NULL,NULL,0,NULL,NULL,NULL,1,NULL,NULL,NULL,NULL,NULL,NULL,NULL,NULL,NULL,NULL,NULL,'AEMMA long-term absence survey - Apr 4, 2008\r\nHi David,\r\nIt\\\'s excellent to see that AEMMA is still going, I hope that all is going well with you and the Academy and I pray that you continue to grow and prosper.\r\nI\\\'ll make this real easy, I enjoyed every minute of training at AEMMA, but my personal life and work just got too busy.  The only complaint I ever could have had is that I had to come from Mississauga and the drive was getting very busy. \r\nWhen I left, I left my Aluminum waster there, if you haven\\\'t already use it, my little contibution to AEMMA.\r\nIf I get the urge and the time, I will you look you up in the future.\r\nTake care,\r\nTodd\r\n***************************************\r\nTodd was training regularly for a while, then vanished.  His arming sword remains at the salle and has since been thrown into the common shared equipment pool.'),(47,3,3,1,'AEMMA','James',NULL,'Varey','Mr.','Mr. James Varey','50 Jerome Crescent','Apt# 1002',NULL,'Hamilton','ON','L8E 1K6','Canada',NULL,'905.560.5801',NULL,NULL,'james.varey@sympatico.ca','Hazel Varey','519.672.8999','http://www.aemma.org/images/bio_photos/bio_noPhotoDbase.jpg','http://www.aemma.org/arms/a/aemma_80.jpg','security/corrections officer','M',0,0,'Hazel','1977-03-31',0,NULL,NULL,0,NULL,NULL,NULL,NULL,NULL,NULL,0,0,NULL,0,'2002-10-06',0,'web - visit request','0000-00-00',NULL,NULL,0,NULL,NULL,NULL,1,'2002-10-06','St. Clair',NULL,NULL,NULL,NULL,NULL,NULL,NULL,NULL,NULL,'James was 6ft 9in tall.  Attempted email contact, Feb 14, 2006 - survey questionnaire on suggestions, reasons for leaving - email failed.'),(51,3,1,3,'AEMMA','John',NULL,'Wignall','Mr.','Mr. John Wignall','59 Spadina Rd.','Apt 502',NULL,'Toronto','ON','M5R 2T2','Canada',NULL,'416.967.7420',NULL,NULL,'john-wignall@rogers.com','John Wignall','905.627.3400','http://www.aemma.org/images/bio_photos/bio_jwignall.jpg','http://www.aemma.org/arms/a/aemma_80.jpg',NULL,'',0,0,NULL,'1967-11-19',0,NULL,NULL,0,NULL,NULL,NULL,NULL,NULL,NULL,0,1,'John has incurred a number of hand-related injuries, typically, high-impact injuries, resulting in fractures or at the minimum, severe bruising of the fingers/hand. ',0,'2002-08-19',0,NULL,'2008-08-15','2008-06-09',NULL,0,NULL,'dark purple gambeson, fencing mask, lacrosse gloves, metal elbow cops, purple leather gorget, flat-soled footwear.','His fighting style needs work, as he continuously blocks with his hands, and therefore, has incurred numerous hand injuries over time.',2,'2004-11-14','Ossington',NULL,NULL,NULL,NULL,NULL,NULL,NULL,NULL,NULL,'John has Basic First Aid & CPR.  \r\n\r\nJohn is relatively dedicated to the art, however, his life periodically gets complicated.  '),(55,2,2,1,'AEMMA','Christopher',NULL,'Dunstan','Mr.','Mr. Christopher Dunstan','1017 Parthia Cres.',NULL,NULL,'Mississauga','ON','L4Y 2K9','Canada','416-803-9217','416-803-9217',NULL,'416.456.1543','chris.p.dunstan@gmail.com','Ann Dunstan/Dr. Kocmur','905.270.0494','http://www.aemma.org/images/bio_photos/bio_cdunstan.jpg','http://www.aemma.org/arms/a/aemma_80.jpg','truck driver','M',2,0,NULL,'1980-09-18',0,NULL,NULL,0,NULL,NULL,NULL,NULL,'OSSD',NULL,0,0,NULL,0,'2009-06-01',0,NULL,'0000-00-00',NULL,NULL,0,NULL,NULL,NULL,1,NULL,NULL,NULL,NULL,NULL,NULL,NULL,NULL,NULL,NULL,NULL,'Chris originally joined AEMMA during the Moss Park days, having started training Jun 2, 2000.  After some years absence, he has returned, casual on Mondays only. (dcvet - jun 1, 2009)'),(37,3,3,1,'AEMMA','Rory','B.','O\'Neill','Mr.','Mr. Rory B. O\'Neill','33 Geoffrey St.','','','Toronto','ON','','Canada','416.535.3795','905.814.8000','','','maya.rory@sympatico.ca','Dr. Daphne Williams','','http://www.aemma.org/images/bio_photos/bio_noPhotoDbase.jpg','http://www.aemma.org/arms/a/aemma_80.jpg','salesman','M',0,0,'','1969-10-17',0,NULL,'',0,'',NULL,'','','B.A.','',0,0,NULL,0,'2002-03-11',0,'','0000-00-00',NULL,NULL,0,'',NULL,NULL,1,NULL,NULL,NULL,NULL,NULL,NULL,NULL,NULL,NULL,NULL,NULL,''),(49,3,3,1,'AEMMA','Kurt',NULL,'Wegner','Mr.','Mr. Kurt Wegner','8 Mendel Ave.',NULL,NULL,'Toronto','ON','M4C 1E5','Canada',NULL,'416.686.7363',NULL,NULL,'k.wegner@sympatico.ca','MaryAnn Wegner','416.686.7363','http://www.aemma.org/images/bio_photos/bio_noPhotoDbase.jpg','http://www.aemma.org/arms/a/aemma_80.jpg',NULL,'M',0,0,'MaryAnn','1970-09-01',0,NULL,NULL,0,NULL,NULL,NULL,NULL,NULL,NULL,0,0,NULL,0,'2002-09-16',0,NULL,'0000-00-00',NULL,NULL,0,NULL,NULL,NULL,1,NULL,NULL,NULL,NULL,NULL,NULL,NULL,NULL,NULL,NULL,NULL,'AEMMA: long-term absence from training; survey questionnaire...Apr 4, 2008 - invalid email address.'),(53,3,1,1,'AEMMA','Richard',NULL,'Murdoch','Mr.','Mr. Richard Murdoch','12 Thorpe Rd.',NULL,NULL,'Etobicoke','ON','M9R 2C2','Canada','416.614.0825','416.614.0825',NULL,NULL,'rmurdoch@idirect.com',NULL,NULL,'http://www.aemma.org/images/bio_photos/bio_noPhotoDbase.jpg','http://www.aemma.org/arms/a/aemma_80.jpg','firefighter','M',0,0,NULL,'1973-04-21',0,NULL,NULL,0,NULL,NULL,NULL,NULL,NULL,NULL,0,0,NULL,0,'2001-01-14',0,NULL,'0000-00-00',NULL,NULL,0,NULL,NULL,NULL,2,'2002-05-08','St. Clair',NULL,NULL,NULL,NULL,NULL,NULL,NULL,NULL,NULL,'Shortly after achieving his scholler rank, Richard\\\'s wife had twins, and disappeared after that.  They had bought a new house, had the twins, and as a firefighter in Brampton, his time to train vanished.'),(57,3,1,1,'AEMMA','Filip',NULL,'Gilic','Mr.','Mr. Filip Gilic','88 Redpatn Ave.','Apt#808',NULL,'Toronto','ON','M4S 2J8','Canada','(416) 932.1247','(416) 932.1247',NULL,NULL,'ju212569@yorku.ca',NULL,NULL,'http://www.aemma.org/images/bio_photos/bio_noPhotoDbase.jpg','http://www.aemma.org/arms/a/aemma_80.jpg','student','M',0,0,NULL,'1977-03-18',0,NULL,NULL,0,NULL,NULL,NULL,NULL,'OSSD',NULL,0,0,NULL,0,'2000-02-06',0,NULL,'0000-00-00',NULL,NULL,0,NULL,NULL,NULL,1,NULL,NULL,NULL,NULL,NULL,NULL,NULL,NULL,NULL,NULL,NULL,'AEMMA: long-term absence from training; survey questionnaire...Apr 4, 2008 - invalid email address.'),(59,3,1,1,'AEMMA','Troy',NULL,'Roberts','Mr.','Mr. Troy Roberts','11 Rye Meadoway',NULL,NULL,'Toronto','ON','M2H 2V5','Canada','(416) 499.1552','(416) 499.1552',NULL,NULL,'mnementh@whitestar.net','Brenda Roberts','(416) 499.1552','http://www.aemma.org/images/bio_photos/bio_noPhotoDbase.jpg','http://www.aemma.org/arms/a/aemma_80.jpg','student','M',0,0,NULL,'1981-02-05',0,NULL,NULL,0,NULL,NULL,NULL,NULL,'OAC',NULL,0,0,NULL,0,'2000-08-13',0,NULL,'0000-00-00',NULL,NULL,0,NULL,NULL,NULL,1,NULL,NULL,NULL,NULL,NULL,NULL,NULL,NULL,NULL,NULL,NULL,'Termination survey of Feb 2006 (see membership==>terminationSurvey-feb2006 email folder) failed to be received by the email address provided.'),(63,3,2,1,'AEMMA','Kerry','','Panchoo','Mr.','Mr. Kerry Panchoo','9 MacLennon Ave.','','','Toronto','ON','M4W 2Y4','Canada','416.928.0427','416.587.9412','','416.587.9412','kpanchoo@rogers.com','','1.868.653.9279','http://www.aemma.org/images/bio_photos/bio_noPhotoDbase.jpg','http://www.aemma.org/arms/a/aemma_80.jpg','AI specialist','M',0,0,'','1972-07-20',0,NULL,'',0,'',NULL,'','','','',0,0,NULL,0,'2000-09-24',0,'','0000-00-00',NULL,NULL,0,'',NULL,NULL,1,NULL,NULL,NULL,NULL,NULL,NULL,NULL,NULL,NULL,NULL,NULL,''),(65,3,2,1,'AEMMA','Chris',NULL,'Kerr','Mr.','Mr. Chris Kerr','43 Shaftsbury Avenue',NULL,NULL,'Richmond Hill','ON','L4C 9K3','Canada','647-274-6335',NULL,NULL,NULL,'kerrarmourers@aim.com',NULL,NULL,'http://www.aemma.org/images/bio_photos/bio_ckerr.jpg','http://www.aemma.org/arms/a/aemma_80.jpg','student','M',0,0,NULL,'1973-11-21',0,NULL,NULL,0,NULL,NULL,NULL,NULL,'high school',NULL,0,0,NULL,0,'2000-08-27',0,NULL,'2008-10-05',NULL,NULL,0,NULL,NULL,NULL,1,'2000-08-27','Innes Park',NULL,NULL,NULL,NULL,NULL,NULL,NULL,NULL,NULL,'Sep 9, 2008 - coordinates updated.\r\n\r\nChris is under contract to the Department of National Defence working to provide welfare and morale services to our troops in deployed environments. The specific organization is the Canadian Forces Personnel Support Agency (www.cfpsa.com) till late spring 2008.  He will rejoin AEMMA late spring or early summer. (dcvet - Nov 12, 2007)\r\n\r\n(2001)\r\nChris assisted Gail in the painting of the Majeikowski Tapestry. He later disappeared from training.Chris reappeared in June of 2007, he is still working on developing his armoury and is a rep for Get dressed for battle.\r\n'),(61,3,1,1,'AEMMA','Paul','','Henderson','Mr.','Mr. Paul Henderson','25 Henry Lane Terrace','#576','','Toronto','ON','M5A 4B6','Canada','(416) 365.1591','(416) 392.8070','','','phenders@wwonline.com','Mac Henderson','(416) 244.7895','http://www.aemma.org/images/bio_photos/bio_noPhotoDbase.jpg','http://www.aemma.org/arms/a/aemma_80.jpg','civil servant','M',0,0,'','1967-09-25',0,NULL,'',0,'',NULL,'','','grade 13','',0,0,NULL,0,'2000-08-19',0,'','0000-00-00',NULL,NULL,0,'',NULL,NULL,1,NULL,NULL,NULL,NULL,NULL,NULL,NULL,NULL,NULL,NULL,NULL,''),(67,3,2,1,'AEMMA','Chris','','Thomson','Mr.','Mr. Chris Thomson','28 Oatfield Rd.','','','Brampton','ON','L6R 1X7','Canada','(905) 789.9058','(905) 867.8107','','','','','','http://www.aemma.org/images/bio_photos/bio_noPhotoDbase.jpg','http://www.aemma.org/arms/a/aemma_80.jpg','military','M',0,0,'','1967-08-01',0,NULL,'',0,'',NULL,'','','grade 12','',0,0,NULL,0,'2000-07-31',0,'','0000-00-00',NULL,NULL,0,'',NULL,NULL,1,NULL,NULL,NULL,NULL,NULL,NULL,NULL,NULL,NULL,NULL,NULL,''),(71,3,2,1,'AEMMA','Wade',NULL,'McGhee','Mr.','Mr. Wade McGhee','75 University Ave. W',NULL,NULL,'Waterloo','ON','N2L 3C5','Canada','519.883.9531','519.884.0710 x3746',NULL,'519.573.7808','wmcghee@wlu.ca','Dan McGhee','705.327.1382','http://www.aemma.org/images/bio_photos/bio_noPhotoDbase.jpg','http://www.aemma.org/arms/a/aemma_80.jpg','housing officer/student','M',0,0,NULL,'1973-01-06',0,NULL,NULL,0,NULL,NULL,NULL,NULL,'M.Sc.','Wilfrid Laurier University',0,0,NULL,0,'2001-01-14',0,NULL,'0000-00-00',NULL,'0',0,NULL,NULL,NULL,1,NULL,NULL,NULL,NULL,NULL,NULL,NULL,NULL,NULL,NULL,NULL,NULL),(73,3,3,1,'AEMMA','Steve',NULL,'Kyer','Mr.','Mr. Steve Kyer','42 Harris',NULL,NULL,'Toronto','ON','M4C 1P4','Canada','416.693.5306','416.693.5306',NULL,NULL,'dudsteve@hotmail.com',NULL,NULL,'http://www.aemma.org/images/bio_photos/bio_noPhotoDbase.jpg','http://www.aemma.org/arms/a/aemma_80.jpg','electrician','M',0,0,NULL,'1971-03-07',0,NULL,NULL,0,NULL,NULL,NULL,NULL,'college','Seneca',0,0,NULL,0,'2001-01-14',0,NULL,'0000-00-00',NULL,'0',0,NULL,NULL,NULL,1,NULL,NULL,NULL,NULL,NULL,NULL,NULL,NULL,NULL,NULL,NULL,'Steve would periodically show up for a few practice sessions, and then disappear for months on end, returning once again, claiming that this time, he\\\'s in for good.  However, he would continue to disappear.  I believe he was a member of the SCA.\r\n\r\nTermination survey of Feb 2006 (see membership==>terminationSurvey-feb2006 email folder) failed to be received by the email address provided.'),(77,3,2,1,'AEMMA','Martin',NULL,'Field','Mr.','Mr. Martin Field','1134 Somerville Street',NULL,NULL,'Oshawa','ON','L1G 4K5','Canada','905.571.0408','905.571.0408',NULL,'905.626.5544','marfield66@aol.com','Dr.Obney','905.655.3321','http://www.aemma.org/images/bio_photos/bio_noPhotoDbase.jpg','http://www.aemma.org/arms/a/aemma_80.jpg','industrial millwright','M',0,0,NULL,'1955-03-04',0,NULL,NULL,0,NULL,NULL,NULL,NULL,NULL,NULL,0,0,NULL,0,'2001-03-09',0,NULL,'0000-00-00',NULL,'0',0,NULL,NULL,NULL,1,NULL,NULL,NULL,NULL,NULL,NULL,NULL,NULL,NULL,NULL,NULL,'AEMMA: long-term absence from training; survey questionnaire...Apr 4, 2008 - invalid email address.\r\n\r\nMartin is a member of Da Engliscan Gesidas. He trained regularily, but over time, the training time committment began to interfere with his participation in DEG, and therefore left AEMMA.'),(81,3,3,1,'AEMMA','Dan','','Lawrence','Mr.','Mr. Dan Lawrence','1049 College St.','Apt#1','','Toronto','ON','M6H 1B1','Canada','416.538.2593','416.534.6351','','416.835.2593','dan.lawrence@cdnuniforms.org','','','http://www.aemma.org/images/bio_photos/bio_noPhotoDbase.jpg','http://www.aemma.org/arms/a/aemma_80.jpg','production managert','M',0,0,'','1967-10-31',0,NULL,'',0,'',NULL,'','','3rd yr','York U',0,0,NULL,0,'2001-07-14',0,'','0000-00-00',NULL,'0',0,'',NULL,NULL,1,NULL,NULL,NULL,NULL,NULL,NULL,NULL,NULL,NULL,NULL,NULL,NULL),(83,3,3,1,'AEMMA','Helen','','Daniel','Ms.','Ms. Helen Daniel','1395 Lorne Park Rd.','','','Mississauga','ON','L5H 3B2','Canada','905.278.2051','905.855.0394','','905.302.8457','bodywork@total.net','','','http://www.aemma.org/images/bio_photos/bio_noPhotoDbase.jpg','http://www.aemma.org/arms/a/aemma_80.jpg','osteopathy','F',0,0,'','1964-09-19',0,NULL,'',0,'',NULL,'','','','',0,0,NULL,0,'2001-09-09',0,'','0000-00-00',NULL,'',0,'',NULL,NULL,1,NULL,NULL,NULL,NULL,NULL,NULL,NULL,NULL,NULL,NULL,NULL,'She did good work with her osteopathy therapy in a location on Southdown in Mississauga, having had a couple of appointments myself (David). She showed great promise as a fighter, and was dedicated to training while still participating, however, she \'ran off\' with Patrick Patrick, renn faire jouster (an American idiot) in 2002. \r\n\r\nTermination survey of Feb 2006 (see membership==>terminationSurvey-feb2006 email folder) failed to be received by the email address provided.'),(87,3,3,1,'AEMMA','Steve','','Gough','Mr.','Mr. Steve Gough','86 Burns Dr.','Unit #8','','Toronto','ON','N1H 6V9','Canada','519.220.6778','519.824.3714','','416.458.6809','door3creative@hotmail.com','Kelly Latendresse','519.824.3714','http://www.aemma.org/images/bio_photos/bio_noPhotoDbase.jpg','http://www.aemma.org/arms/a/aemma_80.jpg','writer/graphic designer','M',0,0,'','1976-09-05',0,NULL,'',0,'',NULL,'','','college','',0,0,NULL,0,'2002-02-07',0,'','0000-00-00',NULL,'',0,'',NULL,NULL,1,NULL,NULL,NULL,NULL,NULL,NULL,NULL,NULL,NULL,NULL,NULL,NULL),(89,3,3,1,'AEMMA','Brian',NULL,'Pelky','Mr.','Mr. Brian Pelky','1175 Broadview Ave.','Apt#812',NULL,'Toronto','ON','M4K 2S9','Canada','416.421.9506','416.421.9506',NULL,'416.421.9506','brianp110369@yahoo.com','Dr. R.A.Condon','905.683.8171','http://www.aemma.org/images/bio_photos/bio_noPhotoDbase.jpg','http://www.aemma.org/arms/a/aemma_80.jpg','IT network specialist','M',0,0,NULL,'1969-11-03',0,NULL,NULL,0,NULL,NULL,NULL,NULL,NULL,NULL,0,0,NULL,0,'2001-07-14',0,NULL,'0000-00-00',NULL,NULL,0,NULL,NULL,NULL,1,NULL,NULL,NULL,NULL,NULL,NULL,NULL,NULL,NULL,NULL,NULL,'AEMMA: long-term absence survey - Apr 4, 2008\r\nHello David, I would be more than happy to answer your questions.\r\nIn order:\r\n1) I have always been fascinated by the developement and use of medieval weapons.\r\n2) The training I received was wonderful.\r\n3) As it was some time ago that I attended your facility, non of my recommendations would be useful.\r\n4) The instructors I met were great, you all took time to instruct the new students as much as the regulars.\r\n5) The monthly fees were comparable to other martial arts schools from what I remember.\r\n6) I was only able to attend a couple of classes, my intent was to begin regular training but the loss of my job precluded that.\r\n7) As mentioned in #6 the loss of my job was the sole cause of my not attending your school.\r\n8) I am currently living the the Cayman Islands on a work permit, I do intend to return to Canada eventually (no timeline yet) and when I do I will be\r\nattending your school again.\r\n9) I thoroughly enjoyed the time I spent at your school and sincerely hope to see you all again.\r\nBrian Pelky\r\n*********************************'),(75,3,3,1,'AEMMA','Trevor',NULL,'May','Mr.','Mr. Trevor May','438 Ritson Rd. S',NULL,NULL,'Oshawa','ON','L1H 5J7','Canada','905.436.1311','905.436.1311',NULL,NULL,NULL,NULL,NULL,'http://www.aemma.org/images/bio_photos/bio_tmay.jpg','http://www.aemma.org/arms/a/aemma_80.jpg','CAD designer','M',0,0,NULL,'1971-12-16',0,NULL,NULL,0,NULL,NULL,NULL,NULL,'college',NULL,0,0,NULL,0,'2001-03-04',0,NULL,'0000-00-00',NULL,NULL,0,NULL,NULL,NULL,1,NULL,NULL,NULL,NULL,NULL,NULL,NULL,NULL,NULL,NULL,NULL,NULL),(79,3,2,1,'AEMMA','Enzo','C.','Johnson','Mr.','Mr. Enzo C. Johnson','103 Westlodge Ave.',NULL,NULL,'Toronto','ON','M6K 2J7','Canada','416.516.8431','416.516.8431',NULL,NULL,'enzojohnson@hotmail.com',NULL,NULL,'http://www.aemma.org/images/bio_photos/bio_noPhotoDbase.jpg','http://www.aemma.org/arms/a/aemma_80.jpg','student','M',0,0,NULL,'1981-03-24',0,NULL,NULL,0,NULL,NULL,NULL,NULL,'high school',NULL,0,0,NULL,0,'2001-06-03',0,NULL,'0000-00-00',NULL,NULL,0,NULL,NULL,NULL,1,'2001-06-03','Innes Park',NULL,NULL,NULL,NULL,NULL,NULL,NULL,NULL,NULL,'Enzo took a longsword that he \\\'purchased\\\' but never paid for it, and then vanished from sight. Attempts were made to contact him and retrieve the sword.  The bastard had already moved out of his apartment and disappeared.'),(85,3,3,1,'AEMMA','David','','Hahn','Mr.','Mr. David Hahn','23 Snowball Crs.','','','Toronto','ON','M1B 1S5','Canada','416.293.6138','416.754.6319','','','smcoke_ut@yahoo.com','','','http://www.aemma.org/images/bio_photos/bio_noPhotoDbase.jpg','http://www.aemma.org/arms/a/aemma_80.jpg','financial analyst','M',0,0,'','1975-05-16',0,NULL,'',0,'',NULL,'','','B.Comm','UofT',0,0,NULL,0,'2001-10-21',0,'','0000-00-00',NULL,'',0,'',NULL,NULL,1,NULL,NULL,NULL,NULL,NULL,NULL,NULL,NULL,NULL,NULL,NULL,''),(91,3,3,1,'AEMMA','Anatoly',NULL,'Franchuk','Mr.','Mr. Anatoly Franchuk','55 Oakmount Rd','Apt#904',NULL,'Toronto','ON','M6P 2M5','Canada','416.763.5025','416.763.5025',NULL,NULL,'sfran@sprint.ca',NULL,NULL,'http://www.aemma.org/images/bio_photos/bio_noPhotoDbase.jpg','http://www.aemma.org/arms/a/aemma_80.jpg',NULL,'M',0,0,NULL,'1983-09-05',0,NULL,NULL,0,NULL,NULL,NULL,NULL,NULL,NULL,0,0,NULL,0,'2002-02-23',0,NULL,'0000-00-00',NULL,NULL,0,NULL,NULL,NULL,1,NULL,NULL,NULL,NULL,NULL,NULL,NULL,NULL,NULL,NULL,NULL,'Termination survey of Feb 2006 (see membership==>terminationSurvey-feb2006 email folder) failed to be received by the email address provided.'),(95,3,3,1,'AEMMA','Mike','','Pigeon','Mr.','Mr. Mike Pigeon','69 Babcombe Drv','','','Thornhill','ON','L3T 1M9','Canada','','416.738.2421','','','mike@healthinhome.ca','','','http://www.aemma.org/images/bio_photos/bio_noPhotoDbase.jpg','http://www.aemma.org/arms/a/aemma_80.jpg','','M',0,0,'','1975-04-24',0,NULL,'',0,'',NULL,'','','','',0,0,NULL,0,'2002-10-26',0,'','0000-00-00',NULL,'',0,'',NULL,NULL,1,NULL,NULL,NULL,NULL,NULL,NULL,NULL,NULL,NULL,NULL,NULL,''),(97,3,3,1,'AEMMA','Scott',NULL,'Dominey',NULL,NULL,'555 Royal York Rd.','Apt#3',NULL,'Etobicoke','ON','M8Y 2S7','Canada','647.435.6833','647.435.6833',NULL,NULL,'sdominey@rogers.com',NULL,NULL,'http://www.aemma.org/images/bio_photos/bio_noPhotoDbase.jpg','http://www.aemma.org/arms/a/aemma_80.jpg','chef','M',0,0,NULL,'1975-05-30',0,NULL,NULL,0,NULL,NULL,NULL,NULL,'high school',NULL,0,0,NULL,0,'2004-03-01',0,NULL,'0000-00-00',NULL,NULL,0,NULL,NULL,NULL,1,NULL,NULL,NULL,NULL,NULL,NULL,NULL,NULL,NULL,NULL,NULL,'Scott saw us at the Toronto Street Festival in 2003. Termination survey of Feb 2006 (see membership==>terminationSurvey-feb2006 email folder) failed to be received by the email address provided.'),(93,3,2,1,'AEMMA','Joe',NULL,'Lupo','Mr.','Mr. Joe Lupo','87 Dynevor Rd.',NULL,NULL,'Toronto','ON','M6E 3X3','Canada','416.873.8967','416.873.8967',NULL,NULL,NULL,NULL,'416.939.8321','http://www.aemma.org/images/bio_photos/bio_noPhotoDbase.jpg','http://www.aemma.org/arms/a/aemma_80.jpg','chef','M',0,0,NULL,'1952-06-21',0,NULL,NULL,0,NULL,NULL,NULL,NULL,'B.A.',NULL,0,0,NULL,0,'2002-06-01',0,NULL,'0000-00-00',NULL,NULL,0,NULL,NULL,NULL,1,NULL,NULL,NULL,NULL,NULL,NULL,NULL,NULL,NULL,NULL,NULL,'Joe was a fantastic chef at Le Vita Bela on St.Clair, who periodically would cook us free meals.  His pasta was fantastic. Despite his not training with any sort of regularity, Joe did pay membership dues, and was considered an honorary member AEMMA spent many an after practice dinner there. After some time, he had closed down the restaurant, and started a restaurant in Barrie according to rumours.'),(99,3,2,1,'AEMMA','Stephen',NULL,'Martin','Mr.','Mr. Stephen Martin','121 Enderbey Rd',NULL,NULL,'Toronto','ON','M4E 3W5','Canada','416.698.9281','416.922.0628 x212',NULL,'416.708.039','stephenm@sanctuaryministries.on.ca','Crystal Martin','416.706.2385','http://www.aemma.org/images/bio_photos/bio_smartin.jpg','http://www.aemma.org/arms/a/aemma_80.jpg','pastor','M',0,0,NULL,'1966-09-13',0,NULL,NULL,0,NULL,NULL,NULL,NULL,'dip of min',NULL,0,0,NULL,0,'2004-03-07',0,NULL,'0000-00-00',NULL,NULL,0,NULL,NULL,NULL,1,NULL,NULL,NULL,NULL,NULL,NULL,NULL,NULL,NULL,NULL,NULL,'Stephen first saw us at the 2003 London event, and is a friend/colleague of Les Brown.  They both came in together for their first practice, however, Stephens schedule was less than regular, and shows up when he can.\r\n\r\nStephen, after an absence had returned to practice April 7, 2008.  He had incurred a serious injury to his leg, requiring pins longitudinally on both of the leg bones below the knee. He will attempt to train regularly on Mondays. (dcvet - Apr 7, 2008)\r\n\r\nDue to time constraints imposed by his job, in particular, Monday evenings, he will not be able to consider training till Sept 2008 (dcvet - Apr 29. 2008)'),(101,3,3,1,'AEMMA','Ben','','Levi','Mr.','Mr. Ben Levi','67 Matterhorn Rd.','','','Maple','ON','L6A 2VS','Canada','905.886.6874','905.886.6874','','416.458.4095','','James & Miri Chalk','416.221.8472','http://www.aemma.org/images/bio_photos/bio_noPhotoDbase.jpg','http://www.aemma.org/arms/a/aemma_80.jpg','','M',0,0,'','1979-11-01',0,NULL,'',0,'',NULL,'','','','',0,0,NULL,0,'2004-05-23',0,'','0000-00-00',NULL,'',0,'',NULL,NULL,1,NULL,NULL,NULL,NULL,NULL,NULL,NULL,NULL,NULL,NULL,NULL,''),(104,3,2,3,'AEMMA','John',NULL,'Loewen','Mr.','Mr. John Loewen','59 Longdale Rd.',NULL,NULL,'Toronto','ON','M4V 1W4','Canada','416.964.6352','416.964.6352',NULL,NULL,'johncloewen@yahoo.com','Jacoline Loewwen','416.964.6352','http://www.aemma.org/images/bio_photos/bio_jLoewen.jpg','http://www.aemma.org/arms/a/aemma_80.jpg',NULL,'M',0,0,NULL,'1963-08-21',0,NULL,NULL,0,NULL,NULL,NULL,NULL,NULL,NULL,0,0,NULL,1,'2003-05-05',0,NULL,'2009-05-01','2009-01-26',NULL,0,NULL,NULL,NULL,1,NULL,NULL,NULL,NULL,NULL,NULL,NULL,NULL,NULL,NULL,NULL,'John rejoined after a long absence, joined with his 2 sons Roos and Craig'),(106,3,3,1,'AEMMA','Lynn','','Schumacher','Mr.','Mr. Lynn Schumacher','70 Delisle','Apt#1017','','Toronto','ON','','Canada','','416.323.4709','','','lschumacher@hill-schumacher.com','Don Schumacher','416.284.7283','http://www.aemma.org/images/bio_photos/bio_noPhotoDbase.jpg','http://www.aemma.org/arms/a/aemma_80.jpg','','M',0,0,'','1955-03-09',0,NULL,'',0,'',NULL,'','','','',0,0,NULL,0,'2003-12-08',0,'','0000-00-00',NULL,'',0,'',NULL,NULL,1,NULL,NULL,NULL,NULL,NULL,NULL,NULL,NULL,NULL,NULL,NULL,''),(108,3,3,1,'AEMMA','Ethan','','Murchie','Mr.','Mr. Ethan Murchie','14 Prince St.','','','Charlottetown','PE','C1A 4R6','Canada','','902.368.8998','','','ethanmurchie@hotmail.com','Harmony Wagner','902.368.8998','http://www.aemma.org/images/bio_photos/bio_noPhotoDbase.jpg','http://www.aemma.org/arms/a/aemma_80.jpg','Chinese medicine','M',0,0,'','1971-10-17',0,NULL,'',0,'',NULL,'','','','',0,0,NULL,0,'2004-04-26',0,'','0000-00-00',NULL,'',0,'',NULL,NULL,1,NULL,NULL,NULL,NULL,NULL,NULL,NULL,NULL,NULL,NULL,NULL,'He visited Toronto for a couple of weeks, and trained at the salle. He is also a martial arts instructor in Charlottetown, in some form of traditional Chinese martial art.\r\n'),(110,3,3,1,'AEMMA','George',NULL,'McBirnie','Mr.','Mr. George McBirnie','33 Woodgrove Dr.',NULL,NULL,'Scarborough','ON','M1E 3J9','Canada','416.286.1275','416.286.1275',NULL,'519.722.3732','fenris_wolf@hackermail.com','Walfraut McBirnie','416.286.1275','http://www.aemma.org/images/bio_photos/bio_noPhotoDbase.jpg','http://www.aemma.org/arms/a/aemma_80.jpg','student','M',0,0,NULL,'1985-06-14',0,NULL,NULL,0,NULL,NULL,NULL,NULL,'H.S.','UofW',0,0,NULL,0,'2004-06-27',0,'web - visit request','0000-00-00',NULL,NULL,0,NULL,NULL,NULL,1,'2004-06-27','Ossington',NULL,NULL,NULL,NULL,NULL,NULL,NULL,NULL,NULL,NULL),(112,2,4,2,'AEMMA','David',NULL,'Iggulden','Mr.','Mr. David Iggulden','1765 Victoria Park Ave.','Apt#509',NULL,'Toronto','ON','M1R 1S5','Canada','416.752.7803','416.224.2224x6369',NULL,NULL,'mkadoca@yahoo.ca','Dr. D. Kornhauser','416.222.2200','http://www.aemma.org/images/bio_photos/bio_diggulden.jpg','http://www.aemma.org/arms/a/aemma_80.jpg','editor','M',1,0,NULL,'1949-12-08',0,NULL,'calligraphy',0,NULL,NULL,NULL,NULL,'M.L.S.',NULL,0,0,NULL,0,'2004-09-17',0,'web - visit request form','2010-10-24','2010-07-24',NULL,0,NULL,NULL,NULL,1,NULL,NULL,NULL,NULL,NULL,NULL,NULL,NULL,NULL,NULL,NULL,'David is only interested in the archery, and has very good skill at Calligraphy.\r\nAug. 22, 2009: David paid 6 months dues with 6 post-dated cheques dated Sept. 15/09 to Feb.15, 2010. He is paid up to Mar.15, 2010\r\nNov. 21, 2009: David changed his payment to 3 months\\\\\\\' dues paid in cash.\r\nJan. 23, 2010: David paid three months\\\\\\\' archery fees in cash. \r\nAprl 24, 2010: David paid three months\\\\\\\' archery fees in cash.'),(114,3,3,1,'AEMMA','Jason',NULL,'St. Jean','Mr.','Mr. Jason St. Jean','1043 Dupont St.',NULL,NULL,'Toronto','ON','M6H 1Z8','Canada','416.516.5402','416.408.2300',NULL,NULL,'jsj@sympatico.ca',NULL,NULL,'http://www.aemma.org/images/bio_photos/bio_noPhotoDbase.jpg','http://www.aemma.org/arms/a/aemma_80.jpg','sysadmin','M',0,0,NULL,'1975-07-25',0,NULL,NULL,0,NULL,NULL,NULL,NULL,NULL,NULL,0,0,NULL,0,'2004-09-22',0,NULL,'0000-00-00',NULL,NULL,0,NULL,NULL,NULL,1,NULL,NULL,NULL,NULL,NULL,NULL,NULL,NULL,NULL,NULL,NULL,'AEMMA: long-term absence from training; survey questionnaire...Apr 4, 2008 - invalid email address. '),(116,3,3,1,'AEMMA','Graham','M.','Pressey','Mr.','Mr. Graham M. Pressey','26 McClenny Dr.',NULL,NULL,'Aurora','ON','L4G 5P6','Canada',NULL,'905.726.8185',NULL,NULL,'therilon@msn.com','Dr. Hindocha','905.713.6800','http://www.aemma.org/images/bio_photos/bio_noPhotoDbase.jpg','http://www.aemma.org/arms/a/aemma_80.jpg','student','M',0,0,NULL,'1987-08-03',0,NULL,NULL,0,NULL,NULL,NULL,NULL,'Gr.11','Aurora HS',0,0,NULL,0,'2004-09-13',0,'web - visit request','0000-00-00',NULL,NULL,0,NULL,NULL,NULL,1,'2004-09-13','Ossington',NULL,NULL,NULL,NULL,NULL,NULL,NULL,NULL,NULL,'Graham responded to the termination survey of Feb 2006 (see membership==>terminationSurvey-feb2006 email folder)'),(120,3,2,1,'AEMMA','Robert','Scott','Caple','Mr.','Mr. Robert S. Caple','46 Mary St.','','','Brampton','ON','L6W 2R2','Canada','905.457.5580','905.457.5580','','','ssecaple@sympatico.ca','Suza Sarkecki','905.457.5580','http://www.aemma.org/images/bio_photos/bio_noPhotoDbase.jpg','http://www.aemma.org/arms/a/aemma_80.jpg','artist','M',0,0,'','1956-11-14',0,NULL,'',0,'',NULL,'','','','Sheridan',0,0,NULL,0,'2004-11-10',0,'','0000-00-00',NULL,'',0,'',NULL,NULL,1,NULL,NULL,NULL,NULL,NULL,NULL,NULL,NULL,NULL,NULL,NULL,''),(122,3,3,1,'AEMMA','Anthony',NULL,'Salvatore','Mr.','Mr. Anthony Salvatore','340 Albion Falls Blvd.',NULL,NULL,'Hamilton','ON',NULL,'Canada','905.388.0339','905.388.0339',NULL,NULL,'anthonys@quickclic.net',NULL,NULL,'http://www.aemma.org/images/bio_photos/bio_asalvatore.jpg','http://www.aemma.org/arms/a/aemma_80.jpg',NULL,'',0,0,NULL,'1974-10-05',0,NULL,NULL,0,NULL,NULL,NULL,NULL,NULL,NULL,0,0,NULL,0,'2003-05-13',0,NULL,NULL,NULL,NULL,0,NULL,NULL,NULL,2,'2005-02-20',NULL,NULL,NULL,NULL,NULL,NULL,NULL,NULL,NULL,NULL,'Anthony was Guelph\\\\\\\'s third successful scholler, having achieved his rank on February 20, 2005.  This definitely demonstrates the instructor\\\\\\\'s ability (David B. Murphy) in creating well skilled and knowledgeable scholler candidates.'),(124,3,3,1,'AEMMA','Adam',NULL,'Gladhowshi','Mr.','Mr. Adam Gladhowshi','825 Concession St.','Apt#28',NULL,'Hamilton','ON','L8V 1C4','Canada','905.574.1845',NULL,NULL,NULL,'adam_starts-fires@hotmail.com',NULL,NULL,'http://www.aemma.org/images/bio_photos/bio_noPhotoDbase.jpg','http://www.aemma.org/arms/a/aemma_80.jpg',NULL,'M',0,0,NULL,'1984-07-23',0,NULL,NULL,0,NULL,NULL,NULL,NULL,NULL,NULL,0,0,NULL,0,'2004-01-12',0,NULL,NULL,NULL,NULL,0,NULL,NULL,NULL,1,NULL,NULL,NULL,NULL,NULL,NULL,NULL,NULL,NULL,NULL,NULL,NULL),(126,3,1,1,'AEMMA','Charles','H.','Hackney','Dr.','Charles H. Hackney, Ph.D.','43 Herkimer St.','Apt#706',NULL,'Hamilton','ON','L8P 2G4','Canada','905.525.0081',NULL,NULL,NULL,'chackne@redeemer.on.ca',NULL,NULL,'http://www.aemma.org/images/bio_photos/bio_chackney.jpg','http://www.aemma.org/arms/a/aemma_80.jpg',NULL,'',0,0,NULL,'1974-10-30',0,NULL,NULL,0,NULL,NULL,'Ph.D.',NULL,'Ph.D',NULL,0,0,NULL,0,'2004-09-15',0,NULL,'0000-00-00',NULL,NULL,0,NULL,NULL,NULL,2,'2004-09-15','Toronto',NULL,NULL,NULL,NULL,NULL,NULL,NULL,NULL,NULL,NULL),(128,3,3,1,'AEMMA','Victor','','Kulikauskas','Mr.','Mr. Victor Kulikauskas','','','','Toronto','ON','','Canada','','','','','vkulikauskas@rim.com','','','http://www.aemma.org/images/bio_photos/bio_noPhotoDbase.jpg','http://www.aemma.org/arms/a/aemma_80.jpg','','M',0,0,'',NULL,0,NULL,'',0,'',NULL,'','','','',0,0,NULL,0,'2004-10-18',0,'','0000-00-00',NULL,'',0,'',NULL,NULL,1,NULL,NULL,NULL,NULL,NULL,NULL,NULL,NULL,NULL,NULL,NULL,''),(130,3,3,1,'AEMMA','Tyson',NULL,'Joyce','Mr.','Mr. Tyson Joyce','RR#1',NULL,NULL,'Hillsburgh','ON','N0B 1T0','Canada','519.855.3250',NULL,NULL,NULL,'tyson.joyce@hotmail.com',NULL,NULL,'http://www.aemma.org/images/bio_photos/bio_noPhotoDbase.jpg','http://www.aemma.org/arms/a/aemma_80.jpg',NULL,'M',0,0,NULL,'1985-12-24',0,NULL,NULL,0,NULL,NULL,NULL,NULL,NULL,NULL,0,0,NULL,0,'2002-09-15',0,NULL,'0000-00-00',NULL,NULL,0,NULL,NULL,NULL,1,NULL,NULL,NULL,NULL,NULL,NULL,NULL,NULL,NULL,NULL,NULL,NULL),(132,3,3,1,'AEMMA','Tom','','Sweeney','Mr.','Mr. Tom Sweeney','366 Eliot St.','','','Cambridge','ON','N1R 2L5','Canada','519.622.7073','','','','sweeneysbrazil@yahoo.ca','','','http://www.aemma.org/images/bio_photos/bio_noPhotoDbase.jpg','http://www.aemma.org/arms/a/aemma_80.jpg','','M',0,0,'','1973-11-17',0,NULL,'',0,'',NULL,'','','','',0,0,NULL,0,'2004-01-15',0,'','0000-00-00',NULL,'',0,'',NULL,NULL,1,NULL,NULL,NULL,NULL,NULL,NULL,NULL,NULL,NULL,NULL,NULL,''),(140,2,1,3,'AEMMA','Annette',NULL,'Perry','Ms.','Ms. Annette Perry','2-589 Church St.',NULL,NULL,'Toronto','ON','M4Y 2E6','Canada','416.961.9494','416.961.9494',NULL,NULL,'elanda@aei.ca','David Smail','416.961.9494','http://www.aemma.org/images/bio_photos/bio_aperry.jpg','http://www.aemma.org/arms/a/aemma_80.jpg','draftsperson','F',4,0,NULL,'1955-06-10',0,NULL,NULL,0,NULL,NULL,NULL,NULL,NULL,NULL,0,0,NULL,0,'2005-01-03',0,'ROM','2009-09-01','2009-04-05',NULL,0,NULL,NULL,NULL,2,'2010-10-03','Ossington',NULL,NULL,NULL,NULL,NULL,NULL,NULL,NULL,NULL,'Annette is a ROM swordsmanship graduate from the fall of 2004 (Oct 16 - Nov 20, 2004. Her daughter\\\\\\\'s name is Elaine Smail.\r\nAnnette is very dedicated to her training, and shows promise in being a good fighter, provided she sticks with her training.  Although a light build, she sometimes appears to have some lack of confidence in particular, when dealing with abrazare and daga.  Training will help her with this.'),(142,2,1,8,'AEMMA','Russ',NULL,'Howe','Mr.','Mr. Russ Howe','13953 Kennedy Rd.',NULL,NULL,'Stouffville','ON','L4A 7X5','Canada','905.888.5429','905.841.5217',NULL,NULL,'rhowe@bolandhowe.on.ca','Kimberley Howe','905.888.5429','http://www.aemma.org/images/bio_photos/bio_rhowe.jpg','http://www.aemma.org/arms/h/howe_80.jpg','personal injury lawyer','M',2,0,'Kimberley','1965-11-12',0,NULL,'Heraldry, genealogy',1,'assumed, November 2007','arms:  Quarterly, Gules and Argent, 1 and 3, an English saddle proper, 2 and 3, three roses Gules seeded Argent overall an escutcheon Or, a double-headed eagle displayed Sable langued Gules.\r\nsource: assumed, 2007\r\nartist/herald: David M. Cvet\r\n',NULL,NULL,'LLG',NULL,0,0,NULL,1,'2005-01-05',0,NULL,'2010-01-01','2009-01-08',NULL,0,NULL,'a red gambeson, to which is afixed the Austrian coat of arms, metal gorget, metal finger gauntlets, period footwear (Revival), fencing mask.','Paid 2006 fees in full on one cheque',2,'2006-03-19','Ossington',NULL,NULL,NULL,NULL,NULL,NULL,NULL,NULL,NULL,'Russ practice specializes in personal injuries.  He had gratiously reviewed the AEMMA waiver and said that it was OK to use as is. (Feb 2005)\r\nRuss demonstrates relatively good martial skills, although somewhat too intense at times.  This was an issue during his scholler candidacy, and was attempted to be corrected. Although, he successfully achieved his scholler rank, there was still some concern over the intensity of his fencing.\r\n\r\nArms designed with input from Russ by David Cvet, early 2007.'),(136,3,2,1,'AEMMA','Roger',NULL,'Briant','Mr.','Mr. Roger Briant','19 Holland Ave.',NULL,NULL,'Toronto','ON','M4B 2C4','Canada','416.755.9523','416.250.7750',NULL,NULL,'alacrityfizhugh@sympatico.ca','Dr. M. Milgram','416.499.3622','http://www.aemma.org/images/bio_photos/bio_noPhotoDbase.jpg','http://www.aemma.org/arms/a/aemma_80.jpg','production manager, Kwik Copy','M',0,0,NULL,'1966-08-30',0,NULL,NULL,0,NULL,NULL,NULL,NULL,'BA',NULL,0,0,NULL,0,'2004-11-24',0,'ROM','0000-00-00',NULL,NULL,0,NULL,NULL,NULL,1,'2004-11-24','Ossington',NULL,NULL,NULL,NULL,NULL,NULL,NULL,NULL,NULL,'AEMMA: long-term absence from training; survey questionnaire...Apr 4, 2008 - invalid email address.\r\n\r\nRoger had taken the ROM 6-week medieval swordsmanship course (Oct 16 - Nov 20, 2004), and is taking advantage of 1 month of free training.  He is in the process of purchasing a KwikCopy franchise from his father-in-law, and running the shop resulting in no time to devote to training at this time.'),(134,3,2,4,'AEMMA','John','Douglas','Crawford','Mr.','Mr. John D. Crawford, Ph.D.','2269 Lakeshore Blvd. W',NULL,NULL,'Toronto','ON','M8V 3X6','Canada','416.521.6319','416.736.2100x88621',NULL,'416.318.6839','jdc@yorku.ca','Drs. Tang/Cheng','905.883.1599','http://www.aemma.org/images/bio_photos/bio_noPhotoDbase.jpg','http://www.aemma.org/arms/a/aemma_80.jpg','professor','M',0,0,NULL,'1963-08-13',0,NULL,NULL,0,NULL,NULL,NULL,NULL,'PhD','York U',0,0,NULL,0,'2004-11-21',0,NULL,'2007-06-15','2007-01-07','medical: asthma inhalers, allergies to dust, pollen, animals; previous injuries: knees, r.shoulder, hernea, broken fingers',0,NULL,NULL,NULL,1,NULL,NULL,NULL,NULL,NULL,NULL,NULL,NULL,NULL,NULL,NULL,NULL),(138,3,3,1,'AEMMA','Stephen',NULL,'Bartholomew','Mr.','Mr. Stephen Bartholomew','912 Briar Hill Ave.',NULL,NULL,'Toronto','ON','M6B 1M2','Canada','416.784.4088','416.852.3701',NULL,NULL,'bartholope@hotmail.com','Jennifer Bartholomew','416.784.4088','http://www.aemma.org/images/bio_photos/bio_noPhotoDbase.jpg','http://www.aemma.org/arms/a/aemma_80.jpg','project manager','M',0,0,'Jennifer','1973-07-23',0,NULL,NULL,0,NULL,NULL,NULL,NULL,'MBA',NULL,0,0,NULL,0,'2004-12-06',0,'ROM','0000-00-00',NULL,NULL,0,NULL,NULL,NULL,1,'2004-12-06','Ossington',NULL,NULL,NULL,NULL,NULL,NULL,NULL,NULL,NULL,'AEMMA: long-term absence survey - Apr 4, 2008\r\n1. Why did you visit AEMMA in the first place? I heard about AEMMA through my ROM membership, and attended the sessions that were hosted at the ROM out of interest.  When those sessions ended, I began attending weekly training sessions at AEMMAs location.\r\n2. Did the training at AEMMA meet your expectations while training? If not, what was missing?  Yes, my expectations were met.  I was very impressed with the quality of instruction; the instructors were well-versed in their material, patient, and all seemed very interested in the success of the students.  The content of the training was also of great interest to me.\r\n3. What recommendations would you suggest to improve AEMMA, its training facilities, training program, its people?  Given my own schedule, it was at times difficult to attend evening sessions during the week.  Unfortunately, the Sunday morning session was even more difficult because of transit travel times.  However, I recognize that training schedules need to meet numerous demands, and that AEMMA trainers also need to fit sessions within their own schedules.\r\n4. What do you/did you think of the instructors? Offer a brief explanation.  Answered in part above.  In addition, I found the instructors to be helpful and supportive with all students.  They understood the subject matter well, and were frequently able to provide advice and suggestions that benefitted my training.  I was also impressed with the number of trainers that were typically at hand.  I felt this allowed all of the students to benefit from more individual attention.  The trainers were all very approachable, open to questions, and willing to provide explanations and advice as needed.\r\n5. Did you feel that the monthly training fees mapped well with the services offered?  How do the fees compare to other martial arts schools you know of?  I havent attended other martial arts schools, but I felt the training fees were appropriate.\r\n6. How long did you train at AEMMA before leaving the Academy?  I trained at AEMMA (not including at the ROM) for nearly two years.  However, my training was intermittent with several breaks over that time.\r\n7. What caused your long-term absence (no details, just high level description)?  With a young family at home, it became increasingly difficult to train regularly and manage my commitments to my family.  This is not a reflection on AEMMA, but a necessary short-term adjustment for myself.\r\n8. What changes or enhancements to AEMMA would be enough for you to consider returning to practices?  As mentioned above, the reasons for my absence are not related to anything specific to AEMMA.  I am hoping to return to regular training at some point in the next year as my own schedule permits.  It was with considerable regret that I stopped training, but a necessity at the time.\r\n9. Would you have any general comments or opinions about AEMMA?\r\n--------------------------------\r\nStephen was a ROM 6-week medieval swordsmanship graduate - Oct-Nov 2004.'),(144,3,3,1,'AEMMA','Scott',NULL,'Parsons','Mr.','Mr. Scott Parsons','893 Bathurst St.',NULL,NULL,'Toronto','ON','M5R 3G4','Canada','416.537.0604','416.368.9534',NULL,NULL,'eldgrim2000@yahoo.com','Dr. Kaplovitch',NULL,'http://www.aemma.org/images/bio_photos/bio_noPhotoDbase.jpg','http://www.aemma.org/arms/a/aemma_80.jpg','furniture maker/finisher','M',0,0,NULL,'1975-01-24',0,NULL,NULL,0,NULL,NULL,NULL,NULL,'OAC',NULL,0,0,NULL,0,'2004-08-04',0,'web - visit request','0000-00-00',NULL,NULL,0,NULL,NULL,NULL,1,'2004-08-04','Ossington',NULL,NULL,NULL,NULL,NULL,NULL,NULL,NULL,NULL,'Scott demonstrates good potential to developing into a good fencer.  Scott responded to the termination survey of Feb 2006 (see membership==>terminationSurvey-feb2006 email folder).'),(148,2,1,4,'AEMMA','Igal',NULL,'Lelchuk','Mr.','Mr. Igal Lelchuk','43 Jesmond Ave.',NULL,NULL,'Toronto','ON','M6E 2V4','Canada','416.654.0830','416.322.4072',NULL,NULL,'lelchuk@sympatico.ca','Dr. Healey','416.487.7721','http://www.aemma.org/images/bio_photos/bio_ilelchuk.jpg','http://www.aemma.org/arms/l/lelchuk_80.jpg','project manager','M',0,0,'Veronica Barrios','1966-09-28',0,NULL,NULL,0,NULL,'Arms: Per pale Sable and Gules, on a chief Argent, three lozenges of the first, on the dexter a compass Or and on the sinister, a staff of aesculapius Sable.',NULL,NULL,'B.A.Sc.',NULL,0,1,'Igal suffered a near miss to his eyeball in dagger drills Monday night (Aug 14, 2006). A very tiny tear of the skin at the fold of Igals right eyelid and some minor swelling was the very fortunate result. (Aug 16, 2006)',1,'2005-01-26',0,NULL,'2010-01-01','2009-06-17',NULL,0,NULL,NULL,'Ilgal demonstrated confidently his knowledge of the academic and physical aspects of armizare. In fact, the fencing bouts (arming sword only) had some of the best fencing seen in some time. (dcvet - Oct 28)',2,'2007-10-28','Ossington',NULL,NULL,NULL,NULL,NULL,NULL,NULL,NULL,NULL,'A referral from Ross Goodfellow.'),(146,3,1,1,'AEMMA','Geoff',NULL,'Demille','Mr.','Mr. Geoff Demille','552A Annette St.',NULL,NULL,'Toronto','ON','M6S 2C2','Canada','416.766.3666','416.766.3666',NULL,'416.729.5664','oak_willow@yahoo.ca','Brandy Goulding','416.766.3666','http://www.aemma.org/images/bio_photos/bio_gdemille.jpg','http://www.aemma.org/arms/a/aemma_80.jpg','software engineer','M',0,0,NULL,'1975-05-06',0,NULL,NULL,0,NULL,NULL,NULL,NULL,'college',NULL,0,0,NULL,0,'2005-01-10',0,'referred to by Ross Goodfellow','0000-00-00',NULL,'Muscular Dystrophy (MS)',0,NULL,NULL,NULL,1,'2005-01-10','Ossington',NULL,NULL,NULL,NULL,NULL,NULL,NULL,NULL,NULL,'Geoff took advantage of the free January training, were brought in by Ross Goodfellow.  Geoff demonstrated interest and dedication to training, however, he was stricken with muscular dystrophy (MS), and had to terminate his training.\r\n'),(150,3,4,1,'AEMMA','Suzette','M.M.','Kearns','Ms.','Ms. Suzette M.M. Kearns','17 Via Italia',NULL,NULL,'Toronto','ON','M6H 3R3','Canada','416.652.3739',NULL,NULL,'905.767.6567','lily@nic-objects.com',NULL,NULL,'http://www.aemma.org/images/bio_photos/bio_noPhotoDbase.jpg','http://www.aemma.org/arms/a/aemma_80.jpg','student','F',0,0,NULL,'1982-02-15',0,NULL,NULL,0,NULL,NULL,NULL,NULL,'BFA (pending)','Ryerson University',0,0,NULL,0,'2005-02-18',0,NULL,NULL,NULL,NULL,0,NULL,NULL,NULL,1,NULL,NULL,NULL,NULL,NULL,NULL,NULL,NULL,NULL,NULL,NULL,'Family member for Nicolas Fecundo, Suzette is only taking archery and Tai Chi.\r\nOct 1 2006: Pointed out that she isn\\\\\\\'t active anymore. Updated record. FTW'),(154,3,3,1,'AEMMA','KC',NULL,'MacGillivray','Mr.','Mr. KC MacGillivray','115 Royalavon Crescent',NULL,NULL,'Etobicoke','ON','M9A 2G2','Canada','416.236.2675','416.236.2675',NULL,NULL,'shadow123@rogers.com','Dr. Upeniuks',NULL,'http://www.aemma.org/images/bio_photos/bio_noPhotoDbase.jpg','http://www.aemma.org/arms/a/aemma_80.jpg','student','M',0,0,NULL,'1988-06-05',0,NULL,NULL,0,NULL,NULL,NULL,NULL,'gr.11','Etobicoke C.I.',0,0,NULL,0,'2005-04-03',0,'ROM','0000-00-00',NULL,NULL,0,NULL,NULL,NULL,1,'2005-04-03','Ossington',NULL,NULL,NULL,NULL,NULL,NULL,NULL,NULL,NULL,'KC took the ROM swordsmanship class between Jan 29 - Mar 6, 2005.  He picked up on training at AEMMA for the free month.'),(158,3,3,1,'AEMMA','Vadim',NULL,'Elisseer','Mr.','Mr. Vadim Elisseer, Ph.D.','50 Queenbury Ave.',NULL,NULL,'Scarborough','ON','M1N 2K7','Canada','416.690.4425','416.274.2318',NULL,'416.274.2318','velisseev@rogers.com',NULL,NULL,'http://www.aemma.org/images/bio_photos/bio_noPhotoDbase.jpg','http://www.aemma.org/arms/a/aemma_80.jpg','software developer','M',0,0,NULL,'1964-03-16',0,NULL,NULL,0,NULL,NULL,NULL,NULL,'Ph.D.',NULL,0,0,NULL,0,'2005-05-11',0,NULL,'0000-00-00',NULL,NULL,0,NULL,NULL,NULL,1,NULL,NULL,NULL,NULL,NULL,NULL,NULL,NULL,NULL,NULL,NULL,NULL),(152,3,3,1,'AEMMA','Michael',NULL,'Cooper','Mr.','Mr. Michael Cooper','6517C Mississauga Rd.',NULL,NULL,'Mississauga','ON','L5N 1A6','Canada','647.296.5776','905.826.4900',NULL,NULL,'swimbikerun.canada@gmail.com',NULL,NULL,'http://www.aemma.org/images/bio_photos/bio_noPhotoDbase.jpg','http://www.aemma.org/arms/a/aemma_80.jpg','insurance sales','M',0,0,NULL,'1968-11-24',0,NULL,NULL,0,NULL,NULL,NULL,NULL,'OAC',NULL,0,0,NULL,1,'2005-02-23',0,NULL,NULL,NULL,NULL,0,NULL,NULL,NULL,1,'2005-02-23','Ossington',NULL,NULL,NULL,NULL,NULL,NULL,NULL,NULL,NULL,'A referral from Ross Goodfellow, Michael participates in the annual Iron Man competition - cycling, running, swimming and therefore, trains predominantly in the winter at AEMMA, being involved in competition during the spring & summers.'),(156,3,3,1,'AEMMA','Petrina',NULL,'Wilson','Ms.','Ms. Petrina Wilson','299 Glenlake Ave.','Apt#2003',NULL,'Toronto','ON','M6P 4A6','Canada','416.760.7433','416.360.1430',NULL,'416.875.5577','wilson_petrina@hotmail.com','Norma Ilic','905.452.0728','http://www.aemma.org/images/bio_photos/bio_noPhotoDbase.jpg','http://www.aemma.org/arms/a/aemma_80.jpg','admin assistant','F',0,0,NULL,'1972-08-23',0,NULL,NULL,0,NULL,NULL,NULL,NULL,'BA. Hons',NULL,0,0,NULL,0,'2005-04-30',0,NULL,'0000-00-00',NULL,NULL,0,NULL,NULL,NULL,1,NULL,NULL,NULL,NULL,NULL,NULL,NULL,NULL,NULL,NULL,NULL,NULL),(160,3,3,1,'AEMMA','Malcolm',NULL,'Cook','Mr.','Mr. Malcolm Cook','15 Dundonald St.','Apt#708',NULL,'Toronto','ON','M4Y 1K4','Canada','416.419.5164','416.419.5164',NULL,'416.419.5164','malcook@rogers.com','M. Andersons','416.967.4788','http://www.aemma.org/images/bio_photos/bio_noPhotoDbase.jpg','http://www.aemma.org/arms/a/aemma_80.jpg','IT','M',0,0,NULL,'1974-12-06',0,NULL,NULL,0,NULL,NULL,NULL,NULL,'OAC',NULL,0,0,NULL,0,'2006-01-18',0,NULL,'0000-00-00',NULL,NULL,0,NULL,NULL,NULL,1,NULL,NULL,NULL,NULL,NULL,NULL,NULL,NULL,NULL,NULL,NULL,'Malcolm is 6ft 7in tall!'),(164,4,2,1,'AEMMA','Donald',NULL,'Simmons','Mr.','Mr. Donald Simmons','579 Shaw St.',NULL,NULL,'Toronto','ON','M6G 3L5','Canada','416.539.8322','416.674.2144',NULL,NULL,'dfs@istop.com','Dr. Jaanus Marley','416.921.7777','http://www.aemma.org/images/bio_photos/bio_noPhotoDbase.jpg','http://www.aemma.org/arms/a/aemma_80.jpg','rocket scientist','M',0,0,NULL,'1967-10-14',0,NULL,NULL,0,NULL,NULL,NULL,NULL,'M.A.Sc.','UofT',0,0,NULL,0,'2006-02-01',0,NULL,NULL,NULL,NULL,0,NULL,NULL,NULL,1,NULL,NULL,NULL,NULL,NULL,NULL,NULL,NULL,NULL,NULL,NULL,'AEMMA: long-absence survey - Apr 4, 2008\r\n       1.  Why did you visit AEMMA in the first place?\r\nI attended an open house on the suggestion of a friend of mine.\r\n       2. Did the training at AEMMA meet your expectations while training? If not, what was missing?\r\nNo, I thought  the instructors were doing a good job with an absolute beginner.\r\n       3. What recommendations would you suggest to improve AEMMA, its training facilities, training program, its people?\r\nNoting really comes to mind.\r\n       4. What do you/did you think of the instructors? Offer a brief explanation.\r\nI thought they really knew their stuff and were good at teaching it.\r\n       5. Did you feel that the monthly training fees mapped well with the services offered?  How do the fees compare to other martial arts schools you know of?\r\nI didn\\\\\\\'t think the fees were excessive,  but don\\\\\\\'t have any experience with any other martial arts schools.\r\n       6. How long did you train at AEMMA before leaving the Academy?\r\nThree months\r\n       7. What caused your long-term absence (no details, just high level description)?\r\nLife got in the way, and frankly I lacked the discipline to get out of bed on Sunday mornings all the time for classes. I also seriously got back in cycling again.\r\n       8. What changes or enhancements to AEMMA would be enough for you to consider returning to practices?\r\nIt would be more like me learning to be less lazy.  I\r\n       9. Would you have any general comments or opinions about AEMMA?\r\nI thought it was fun, and I may well be back once I disentangle myself from some other classes / committments I have going on.\r\n Donald Simmons\r\n\r\n**************************\r\nDonald is your classic non-martial person.  His training initially will be based on his footwork, and re-connecting his brain with his body.  Although, he may never become a fencer, there has been some notable improvement in his coordination.  He was referred to AEMMA by Ariella Elema.\r\n\r\nalternative email: dfs.engineer@gmail.com\r\n\r\nFTW: He emailed me to say he resigned on November 16, 2006.'),(168,3,8,1,'AEMMA','Matt',NULL,'Narrol','Mr.','Mr. Matt Narrol','138 Cedargrove Rd.',NULL,NULL,'Bolton','ON','L7E 2W9','Canada','905.857.7784','905.857.7784',NULL,'416.460.5170','life@rogers.com','Dianne Narrol','905.857.7784/416.523','http://www.aemma.org/images/bio_photos/bio_noPhotoDbase.jpg','http://www.aemma.org/arms/a/aemma_80.jpg','student','M',0,0,NULL,'1968-05-14',0,NULL,NULL,0,NULL,NULL,NULL,NULL,'M.S.',NULL,0,0,NULL,0,'2005-09-17',0,'ROM','0000-00-00',NULL,NULL,0,NULL,NULL,NULL,1,NULL,NULL,NULL,NULL,NULL,NULL,NULL,NULL,NULL,NULL,NULL,'Matt and his wife Dianne had taken the ROM swordsmanship class between Sep 17 - Oct 29, 2005.  No further activity on her part since the course.'),(162,3,1,2,'AEMMA','Benjamin',NULL,'So','Mr.','Mr. Benjamin So','7825 Bayview Ave.','Suite 804',NULL,'Toronto','ON','L3T 7N2','Canada','905.762.0341','905.458.7111x220',NULL,NULL,'jbenso10@gmail.com','Angela So','905.762.0341','http://www.aemma.org/images/bio_photos/bio_bso.jpg','http://www.aemma.org/arms/a/aemma_80.jpg','marketing assistant','M',0,0,NULL,'1981-02-05',0,NULL,NULL,0,NULL,NULL,NULL,NULL,'B.Sc.','UofW',0,0,NULL,0,'2006-01-08',0,NULL,'2008-04-15','2008-03-23',NULL,0,NULL,NULL,NULL,1,NULL,NULL,NULL,NULL,NULL,NULL,NULL,NULL,NULL,NULL,NULL,'The email addy: jbenso10@hotmail.com  does not work anymore. Need to get his new email addy.'),(166,3,3,1,'AEMMA','Damien',NULL,'Mellin','Mr.','Mr. Damien Mellin','888 Dupont St.',NULL,NULL,'Toronto','ON',NULL,'Canada',NULL,'647.210.3610',NULL,'647.210.3610','daylightz@yahoo.ca','Burk Mellin','416.201.9514','http://www.aemma.org/images/bio_photos/bio_noPhotoDbase.jpg','http://www.aemma.org/arms/a/aemma_80.jpg','designer','M',0,0,NULL,'1978-12-02',0,NULL,NULL,0,NULL,NULL,NULL,NULL,'college',NULL,0,0,NULL,0,'2006-01-08',0,NULL,'2006-08-15',NULL,NULL,0,NULL,NULL,NULL,1,'2006-01-08','Ossington',NULL,NULL,NULL,NULL,NULL,NULL,NULL,NULL,NULL,NULL),(170,3,3,1,'AEMMA','Kevin',NULL,'Farrell','Mr.','Mr. Kevin Farrell','18D1-96 Gerrard St. East',NULL,NULL,'Toronto','ON',NULL,'Canada',NULL,'416.644.5258',NULL,NULL,'fearghul@gmail.com',NULL,NULL,'http://www.aemma.org/images/bio_photos/bio_noPhotoDbase.jpg','http://www.aemma.org/arms/a/aemma_80.jpg','student','M',0,0,NULL,'1982-10-14',0,NULL,NULL,0,NULL,NULL,NULL,NULL,'HNC','Ryerson',0,0,NULL,0,'2005-10-22',0,NULL,'0000-00-00',NULL,NULL,0,NULL,NULL,NULL,1,NULL,NULL,NULL,NULL,NULL,NULL,NULL,NULL,NULL,NULL,NULL,NULL),(172,3,3,1,'AEMMA','Sarah',NULL,'Thorenton','Ms.','Ms. Sarah Thorenton','7149 McCordick Rd.',NULL,NULL,'North Gower','ON','K0A 2T0','Canada','416.992.9790',NULL,NULL,NULL,'saraht15@hotmail.com','parents','613.489.3475','http://www.aemma.org/images/bio_photos/bio_noPhotoDbase.jpg','http://www.aemma.org/arms/a/aemma_80.jpg','student','F',0,0,NULL,'1983-07-14',0,NULL,NULL,0,NULL,NULL,NULL,NULL,'OAC','UofT',0,0,NULL,0,'2005-09-25',0,NULL,'0000-00-00',NULL,NULL,0,NULL,NULL,NULL,1,NULL,NULL,NULL,NULL,NULL,NULL,NULL,NULL,NULL,NULL,NULL,NULL),(174,3,3,1,'AEMMA','Blair',NULL,'Yakimovich','Mr.','Mr. Blair Yakimovich','203-1524 Bathurst St.',NULL,NULL,'Toronto','ON','M5P 3H3','Canada','416.653.1299','416.979.9900x328',NULL,NULL,'byakimovich@gmail.com','Christine Wu','416.653.1299','http://www.aemma.org/images/bio_photos/bio_noPhotoDbase.jpg','http://www.aemma.org/arms/a/aemma_80.jpg','software developer','M',0,0,NULL,'1978-12-28',0,NULL,NULL,0,NULL,NULL,NULL,NULL,'B.CS.','Carleton University',0,0,NULL,0,'2005-08-24',0,NULL,NULL,NULL,NULL,0,NULL,NULL,NULL,1,NULL,NULL,NULL,NULL,NULL,NULL,NULL,NULL,NULL,NULL,NULL,NULL),(176,3,3,1,'AEMMA','Gregory',NULL,'Steiner','Mr.','Mr. Gregory Steiner','70 Charles St. E.',NULL,NULL,'Toronto','ON',NULL,'Canada',NULL,'416.960.9557',NULL,NULL,'gregorysteiner@sympatico.ca','Jim Kraus','416.816.7729','http://www.aemma.org/images/bio_photos/bio_noPhotoDbase.jpg','http://www.aemma.org/arms/a/aemma_80.jpg','shiatsu therapist','M',0,0,NULL,'1963-07-16',0,NULL,NULL,0,NULL,NULL,NULL,NULL,NULL,NULL,0,0,NULL,0,'2005-08-17',0,NULL,'0000-00-00',NULL,NULL,0,NULL,NULL,NULL,1,NULL,NULL,NULL,NULL,NULL,NULL,NULL,NULL,NULL,NULL,NULL,'AEMMA: long-term absence from training; survey questionnaire...Apr 4, 2008 - invalid email address.'),(178,3,1,1,'AEMMA','Ingo',NULL,'Bruning','Mr.','Mr. Ingo Bruning','2970 Westoak Trails Blvd.',NULL,NULL,'Oakville','ON','L6M 4W8','Canada','905.465.2353','905.465.2353',NULL,'905.510.7506','ibruning@sympatico.ca','Careen Quildon','905.616.0093','http://www.aemma.org/images/bio_photos/bio_noPhotoDbase.jpg','http://www.aemma.org/arms/a/aemma_80.jpg','web systems architect','M',0,0,NULL,'1965-10-13',0,NULL,NULL,0,NULL,NULL,NULL,NULL,'B.CS.',NULL,0,0,NULL,1,'2005-06-30',0,'web - visit request','2006-08-15',NULL,NULL,0,NULL,NULL,NULL,1,'2005-06-30',NULL,NULL,NULL,NULL,NULL,NULL,NULL,NULL,NULL,NULL,'AEMMA: long absence survey - Apr 4, 2008\r\nHello David,\r\n1. I visited AEMMA because I was looking for a place that addresses the historical and technical aspects of martial arts in medieval Europe and doesn\\\'t fall prey to the temptation to dress up and perform silly reenactments.\r\n2. For the most part I found the training at AEMMA engaging and insightful, however the recruit training appeared to be somewhat unstructured in the long run. As far as expectations are concerned, they were in my case fully met.\r\n3. Training: see 8). Facilities: better flooring. People: awesome people, no changes needed.\r\n4. I found the instructors, Brian, Frank, Kel and the occasional other Schollers, very effective. They all had their individual style but captured the essence of the material equally well. They were well prepared for each session and consistently addressed key points from the curriculum.\r\n5. The fees are a little above (20% in my experience) what other martial arts schools would charge, but then again AEMMA training requires significantly more space per student. One should also consider that many martial arts schools have a much larger student base to help finance operations.\r\n6. Roughly 18 months.\r\n7. Long commute coupled with scheduling conflicts with family and work. To a minor degree a diminshed motivation due to the unstructured nature of the recruit training in the later stages.\r\n8. Unrealistic enhancement: open local chapter in my area (Oakville/Burlington). Realistic enhancement: offer more structured recruit training with an emphasis on progression towards Scholler challenge. Have AEMMA instructors issue Scholler challenge instead of the student. Assist in the procurement of necessary equipment for Scholler challenge. \r\nRegards,\r\nIngo\r\n****************************************\r\nIngo demonstrates natural martial capabilities, and is very dedicated and interested in the martial art.  Coming from a German background, he also takes training with Mike Rasmusson with German longsword.\r\n'),(180,3,3,1,'AEMMA','Anneke',NULL,'Allan','Mr.','Mr. Anneke Allan','1070 Lawrence Ave. East',NULL,NULL,'Toronto','ON','M3C 1R6','Canada','416.445.1044','416.445.1044',NULL,NULL,'aunki79@yahoo.ca','Dr. Paraser',NULL,'http://www.aemma.org/images/bio_photos/bio_noPhotoDbase.jpg','http://www.aemma.org/arms/a/aemma_80.jpg','sales/musician','M',0,0,NULL,'1979-07-07',0,NULL,NULL,0,NULL,NULL,NULL,NULL,'OAC',NULL,0,0,NULL,0,'2005-06-22',0,NULL,'0000-00-00',NULL,NULL,0,NULL,NULL,NULL,1,'2005-06-22','Ossington',NULL,NULL,NULL,NULL,NULL,NULL,NULL,NULL,NULL,NULL),(182,3,2,1,'AEMMA','Nikita',NULL,'Yeryomenko','Mr.','Mr. Nikita Yeryomenko','60 Mountview Ave.',NULL,NULL,'Toronto','ON','M6P 2L4','Canada','416.769.9194','416.769.9194',NULL,NULL,'rivrules@bk.ru',NULL,NULL,'http://www.aemma.org/images/bio_photos/bio_ngrigoryevich.jpg','http://www.aemma.org/images/coatofarms/arms_aemma.jpg',NULL,'M',0,0,NULL,NULL,0,NULL,NULL,0,NULL,NULL,NULL,NULL,NULL,'OAC',0,0,NULL,0,'2005-05-28',0,NULL,'2005-05-28','0000-00-00','2007-12-15',0,NULL,NULL,NULL,1,NULL,'Ossington',NULL,NULL,NULL,NULL,NULL,NULL,NULL,NULL,NULL,'Nic changed his training from AEMMA to kettle-bell training, and JKD.'),(184,3,8,1,'AEMMA','Ira',NULL,'Fich','Mr.','Mr. Ira Fich',NULL,NULL,NULL,'Waterloo','ON',NULL,'Canada','416 653 2666',NULL,NULL,NULL,'igfich@astro.uwaterloo.ca',NULL,NULL,'http://www.aemma.org/images/bio_photos/bio_noPhotoDbase.jpg','http://www.aemma.org/arms/a/aemma_80.jpg',NULL,'M',0,0,NULL,NULL,0,NULL,NULL,0,NULL,NULL,NULL,NULL,NULL,NULL,0,0,NULL,0,'2005-01-29',0,'ROM','0000-00-00',NULL,NULL,0,NULL,NULL,NULL,1,NULL,NULL,NULL,NULL,NULL,NULL,NULL,NULL,NULL,NULL,NULL,'Ira took the ROM swordsmanship class between Jan 29 - Mar 6, 2005. No further activity since his graduation.'),(186,3,3,1,'AEMMA','Michael','A.','Michail','Mr.','Mr. Michael A. Michail','11 Linsmore Cres.',NULL,NULL,'Toronto','ON','M4J 4J5','Canada','416.466.5783','416.512.4435',NULL,NULL,'hypnosite@yahoo.com','Martha Michail','416.690.5372','http://www.aemma.org/images/bio_photos/bio_noPhotoDbase.jpg','http://www.aemma.org/arms/a/aemma_80.jpg','civil servant','M',0,0,NULL,'1961-04-08',0,NULL,NULL,0,NULL,NULL,NULL,NULL,'B.A.',NULL,0,0,NULL,0,'2006-02-13',0,NULL,NULL,NULL,NULL,0,NULL,NULL,NULL,1,'2006-02-13','Ossington',NULL,NULL,NULL,NULL,NULL,NULL,NULL,NULL,NULL,NULL),(188,3,4,1,'AEMMA','Lucie',NULL,'Hamelin','Ms.','Ms. Lucie Hamelin','108 Cadosna Ave.',NULL,NULL,'Toronto','ON',NULL,'Canada','416.567.7419',NULL,NULL,NULL,'lhamelin@istar.ca',NULL,NULL,'http://www.aemma.org/images/bio_photos/bio_lhamelin.jpg','http://www.aemma.org/arms/a/aemma_80.jpg','French translator, ON government','F',0,0,NULL,NULL,0,NULL,NULL,0,NULL,NULL,NULL,NULL,NULL,NULL,0,0,NULL,0,'2005-06-27',0,'ROM','2007-04-15','2007-01-29',NULL,0,NULL,NULL,'Lucie is an excellent shot with the traditional longbow. ',0,NULL,NULL,NULL,NULL,NULL,NULL,NULL,NULL,NULL,NULL,NULL,'Lucie had taken fencing training during school, and is interested in AEMMA fencing training, in particular, arming sword, but also likes archery and has pursued this.\r\nLucie had taken the ROM swordsmanship class between  Jan 28 - Mar 4, 2006. She has not pursued futher training with fencing at AEMMA and continues the archery only. (Mar 2006)'),(200,3,8,1,'AEMMA','Bradley',NULL,'Ansell','Mr.','Mr. Bradley Ansell',NULL,NULL,NULL,NULL,'ON',NULL,'Canada','(416) 579.3450',NULL,NULL,NULL,NULL,NULL,NULL,'http://www.aemma.org/images/bio_photos/bio_noPhotoDbase.jpg','http://www.aemma.org/arms/a/aemma_80.jpg',NULL,'M',0,0,NULL,NULL,0,NULL,NULL,0,NULL,NULL,NULL,NULL,NULL,NULL,0,0,NULL,0,'2004-10-16',0,NULL,'0000-00-00',NULL,NULL,0,NULL,NULL,NULL,1,NULL,NULL,NULL,NULL,NULL,NULL,NULL,NULL,NULL,NULL,NULL,'Bradley only took the ROM swordsmanship class and never followed up with the 1-month of free training.'),(201,3,8,1,'AEMMA','Simon',NULL,'Hewson',NULL,NULL,NULL,NULL,NULL,'Toronto','ON',NULL,'Canada','(416) 653 7680',NULL,NULL,NULL,NULL,NULL,NULL,'http://www.aemma.org/images/bio_photos/bio_noPhotoDbase.jpg','http://www.aemma.org/arms/a/aemma_80.jpg',NULL,'',0,0,NULL,NULL,0,NULL,NULL,0,NULL,NULL,NULL,NULL,NULL,NULL,0,0,NULL,0,'2004-10-16',0,NULL,'0000-00-00',NULL,NULL,0,NULL,NULL,NULL,1,NULL,NULL,NULL,NULL,NULL,NULL,NULL,NULL,NULL,NULL,NULL,'Simon only participated in the ROM swordsmanship class (Oct 16 - Nov 20, 2004), and he had purchased his own arming sword from Charles.'),(202,3,8,1,'AEMMA','Clare',NULL,'King','Ms.','Ms. Clare King',NULL,NULL,NULL,'Toronto','ON',NULL,'Canada','416 696 1998',NULL,NULL,NULL,NULL,NULL,NULL,'http://www.aemma.org/images/bio_photos/bio_noPhotoDbase.jpg','http://www.aemma.org/arms/a/aemma_80.jpg',NULL,'',0,0,NULL,NULL,0,NULL,NULL,0,NULL,NULL,NULL,NULL,NULL,NULL,0,0,NULL,0,NULL,0,NULL,'0000-00-00',NULL,NULL,0,NULL,NULL,NULL,1,NULL,NULL,NULL,NULL,NULL,NULL,NULL,NULL,NULL,NULL,NULL,'Simon only participated in the ROM swordsmanship class (Oct 16 - Nov 20, 2004).'),(203,3,8,1,'AEMMA','Anne',NULL,'Shepherd','Ms.','Ms. Anne Sheperd',NULL,NULL,NULL,'Toronto','ON',NULL,'Canada','416 244 7226',NULL,NULL,NULL,NULL,NULL,NULL,'http://www.aemma.org/images/bio_photos/bio_noPhotoDbase.jpg','http://www.aemma.org/arms/a/aemma_80.jpg',NULL,'',0,0,NULL,NULL,0,NULL,NULL,0,NULL,NULL,NULL,NULL,NULL,NULL,0,0,NULL,0,'2004-10-16',0,NULL,'0000-00-00',NULL,NULL,0,NULL,NULL,NULL,1,NULL,NULL,NULL,NULL,NULL,NULL,NULL,NULL,NULL,NULL,NULL,'Anne took the 6-week ROM swordsmanship class (Oct 16 - Nov 20, 2004).'),(204,3,8,1,'AEMMA','Wesley',NULL,'Shepherd','Mr.','Mr. Wesley Shepherd',NULL,NULL,NULL,'Toronto','ON',NULL,'Canada','416 244 7226',NULL,NULL,NULL,NULL,NULL,NULL,'http://www.aemma.org/images/bio_photos/bio_noPhotoDbase.jpg','http://www.aemma.org/arms/a/aemma_80.jpg',NULL,'',0,0,NULL,NULL,0,NULL,NULL,0,NULL,NULL,NULL,NULL,NULL,NULL,0,0,NULL,0,'2004-10-16',0,NULL,'0000-00-00',NULL,NULL,0,NULL,NULL,NULL,1,NULL,NULL,NULL,NULL,NULL,NULL,NULL,NULL,NULL,NULL,NULL,'Wesley took the ROM 6-week swordsmanship class along with his wife, Anne. (Oct 16 - Nov 20, 2004).'),(205,3,8,1,'AEMMA','Patrick',NULL,'Tessier','Mr.','Mr. Patrick Tessier',NULL,NULL,NULL,NULL,'ON',NULL,'Canada','613 389 8168',NULL,NULL,NULL,NULL,NULL,NULL,'http://www.aemma.org/images/bio_photos/bio_noPhotoDbase.jpg','http://www.aemma.org/arms/a/aemma_80.jpg',NULL,'M',0,0,NULL,NULL,0,NULL,NULL,0,NULL,NULL,NULL,NULL,NULL,NULL,0,0,NULL,0,'2004-10-16',0,'ROM','0000-00-00',NULL,NULL,0,NULL,NULL,NULL,1,NULL,NULL,NULL,NULL,NULL,NULL,NULL,NULL,NULL,NULL,NULL,'Patrick took the ROM 6-week swordsmanship class (Oct 16 - Nov 20, 2004). There was no follow-on training after the conclusion of the course.'),(206,3,8,1,'AEMMA','Jennifer',NULL,'Upton',NULL,NULL,NULL,NULL,NULL,NULL,'ON',NULL,'Canada','416 406 1492',NULL,NULL,NULL,NULL,NULL,NULL,'http://www.aemma.org/images/bio_photos/bio_noPhotoDbase.jpg','http://www.aemma.org/arms/a/aemma_80.jpg',NULL,'F',0,0,NULL,NULL,0,NULL,NULL,0,NULL,NULL,NULL,NULL,NULL,NULL,0,0,NULL,0,'2004-10-16',0,'ROM','0000-00-00',NULL,NULL,0,NULL,NULL,NULL,1,NULL,NULL,NULL,NULL,NULL,NULL,NULL,NULL,NULL,NULL,NULL,'Jennifer had taken the ROM swordsmanship class between Oct 16 - Nov 20, 2004.  No further activity since the conclusion of the course.'),(207,3,8,1,'AEMMA','Liz',NULL,'White','Ms.','Ms. Liz White',NULL,NULL,NULL,NULL,'ON',NULL,'Canada','416 652 8678',NULL,NULL,NULL,NULL,NULL,NULL,'http://www.aemma.org/images/bio_photos/bio_noPhotoDbase.jpg','http://www.aemma.org/arms/a/aemma_80.jpg',NULL,'F',0,0,NULL,NULL,0,NULL,NULL,0,NULL,NULL,NULL,NULL,NULL,NULL,0,0,NULL,0,'2004-10-16',0,'ROM','0000-00-00',NULL,NULL,0,NULL,NULL,NULL,1,NULL,NULL,NULL,NULL,NULL,NULL,NULL,NULL,NULL,NULL,NULL,'Liz had taken the ROM swordsmanship class between Oct 16 - Nov 20, 2004. No further activity since her graduation.'),(208,3,8,1,'AEMMA','Rick',NULL,'Wissenz','Mr.','Mr. Rick Wizzenz',NULL,NULL,NULL,NULL,'ON',NULL,'Canada','705 876 6567',NULL,NULL,NULL,NULL,NULL,NULL,'http://www.aemma.org/images/bio_photos/bio_noPhotoDbase.jpg','http://www.aemma.org/arms/a/aemma_80.jpg',NULL,'',0,0,NULL,NULL,0,NULL,NULL,0,NULL,NULL,NULL,NULL,NULL,NULL,0,0,NULL,0,'2004-10-16',0,'ROM','0000-00-00',NULL,NULL,0,NULL,NULL,NULL,1,NULL,NULL,NULL,NULL,NULL,NULL,NULL,NULL,NULL,NULL,NULL,'Rick had taken the ROM swordsmanship class between Oct 16 - Nov 20, 2004.  No further activity since his graduation.'),(209,3,1,4,'AEMMA','Xaida',NULL,'Zyvatkauskas','Ms.','Ms. Xaida Zyvatkauskas','328 Roxton Rd.',NULL,NULL,'Toronto','ON','M6G 3P9','Canada','416 536 9544',NULL,NULL,NULL,'xaida.zyvatkauskas@utoronto.ca','Carol Zyvatkauskas','416-978-8009','http://www.aemma.org/images/bio_photos/bio_xzyvatkauskas.jpg','http://www.aemma.org/arms/a/aemma_80.jpg','student/telemarketer (P/T)','F',0,0,NULL,'1987-06-24',0,NULL,NULL,0,NULL,NULL,NULL,NULL,'undergrad','UofT',0,0,NULL,0,'2004-10-16',0,'ROM','2008-01-15','2007-09-14',NULL,0,NULL,NULL,NULL,1,NULL,NULL,NULL,NULL,NULL,NULL,NULL,NULL,NULL,NULL,NULL,'Xaida had taken the ROM swordsmanship class between Oct 16 - Nov 20, 2004.  No futher activity since her graduation.\r\nXaida graduated from the ROM archery class, Nov 4 - 25, 2006 (DC - Feb 2007)\r\nXaida has taken up regular casual training since January. (DC - Feb 2007)'),(210,3,8,1,'AEMMA','Clive',NULL,'Baron','Mr.','Mr. Clive Baron',NULL,NULL,NULL,'Mississauga','ON',NULL,'Canada',NULL,NULL,NULL,NULL,'advstrat@bellnet.ca',NULL,NULL,'http://www.aemma.org/images/bio_photos/bio_noPhotoDbase.jpg','http://www.aemma.org/arms/a/aemma_80.jpg',NULL,'',0,0,NULL,NULL,0,NULL,NULL,0,NULL,NULL,NULL,NULL,NULL,NULL,0,0,NULL,0,'2005-01-29',0,'ROM','0000-00-00',NULL,NULL,0,NULL,NULL,NULL,1,NULL,NULL,NULL,NULL,NULL,NULL,NULL,NULL,NULL,NULL,NULL,'Clive took the ROM swordsmanship class between Jan 29 - Mar 6, 2005. No further activity since his graduation.'),(211,3,8,1,'AEMMA','Joseph',NULL,'Beeby',NULL,NULL,NULL,NULL,NULL,NULL,'ON',NULL,'Canada','416 532 5488',NULL,NULL,NULL,NULL,NULL,NULL,'http://www.aemma.org/images/bio_photos/bio_noPhotoDbase.jpg','http://www.aemma.org/arms/a/aemma_80.jpg',NULL,'',0,0,NULL,NULL,0,NULL,NULL,0,NULL,NULL,NULL,NULL,NULL,NULL,0,0,NULL,0,'2005-01-29',0,'ROM','0000-00-00',NULL,NULL,0,NULL,NULL,NULL,1,NULL,NULL,NULL,NULL,NULL,NULL,NULL,NULL,NULL,NULL,NULL,'Joseph took the ROM swordsmanship class between Jan 29 - Mar 6, 2005. No further activity since his graduation.'),(212,3,8,1,'AEMMA','Danny',NULL,'Dean','Mr.',NULL,NULL,NULL,NULL,NULL,'ON',NULL,'Canada','905 607 3231',NULL,NULL,NULL,NULL,NULL,NULL,'http://www.aemma.org/images/bio_photos/bio_noPhotoDbase.jpg','http://www.aemma.org/arms/a/aemma_80.jpg',NULL,'',0,0,NULL,NULL,0,NULL,NULL,0,NULL,NULL,NULL,NULL,NULL,NULL,0,0,NULL,0,'2005-01-29',0,NULL,'0000-00-00',NULL,NULL,0,NULL,NULL,NULL,1,NULL,NULL,NULL,NULL,NULL,NULL,NULL,NULL,NULL,NULL,NULL,'Danny took the ROM swordsmanship class between Jan 29 - Mar 6, 2005. No further activity since his graduation.'),(213,3,8,1,'AEMMA','Patrick',NULL,'Dewell','Mr.',NULL,NULL,NULL,NULL,'Toronto','ON',NULL,'Canada','905 983 5339',NULL,NULL,NULL,'tie_guy49@hotmail.com',NULL,NULL,'http://www.aemma.org/images/bio_photos/bio_noPhotoDbase.jpg','http://www.aemma.org/arms/a/aemma_80.jpg',NULL,'',0,0,NULL,NULL,0,NULL,NULL,0,NULL,NULL,NULL,NULL,NULL,NULL,0,0,NULL,0,'2005-01-29',0,'ROM','0000-00-00',NULL,NULL,0,NULL,NULL,NULL,1,NULL,NULL,NULL,NULL,NULL,NULL,NULL,NULL,NULL,NULL,NULL,'Patrick took the ROM swordsmanship class between Jan 29 - Mar 6, 2005. No further activity since his graduation.'),(214,3,8,1,'AEMMA','Timothy',NULL,'Donis','Mr.','Mr. Timothy Donis',NULL,NULL,NULL,NULL,'ON',NULL,'Canada','905 839 3188',NULL,NULL,NULL,NULL,NULL,NULL,'http://www.aemma.org/images/bio_photos/bio_noPhotoDbase.jpg','http://www.aemma.org/arms/a/aemma_80.jpg',NULL,'',0,0,NULL,NULL,0,NULL,NULL,0,NULL,NULL,NULL,NULL,NULL,NULL,0,0,NULL,0,'2005-01-29',0,'ROM','0000-00-00',NULL,NULL,0,NULL,NULL,NULL,1,NULL,NULL,NULL,NULL,NULL,NULL,NULL,NULL,NULL,NULL,NULL,'Tim took the ROM swordsmanship class between Jan 29 - Mar 6, 2005. No further activity since his graduation.'),(215,3,8,1,'AEMMA','Carolyn',NULL,'Goff','Ms.','Ms. Carolyn Goff',NULL,NULL,NULL,NULL,'ON',NULL,'Canada','416 536 6823',NULL,NULL,NULL,'spivvyg@hotmail.com',NULL,NULL,'http://www.aemma.org/images/bio_photos/bio_noPhotoDbase.jpg','http://www.aemma.org/arms/a/aemma_80.jpg',NULL,'F',0,0,NULL,NULL,0,NULL,NULL,0,NULL,NULL,NULL,NULL,NULL,NULL,0,0,NULL,0,'2005-01-29',0,'ROM','0000-00-00',NULL,NULL,0,NULL,NULL,NULL,1,NULL,NULL,NULL,NULL,NULL,NULL,NULL,NULL,NULL,NULL,NULL,'Carolyn took the ROM swordsmanship class between Jan 29 - Mar 6, 2005. No further activity since his graduation.'),(216,3,8,1,'AEMMA','Paul',NULL,'Jones','Mr.','Mr. Paul Jones',NULL,NULL,NULL,NULL,'ON',NULL,'Canada','416 489 7190',NULL,NULL,NULL,'morgoth25@hotmail.com',NULL,NULL,'http://www.aemma.org/images/bio_photos/bio_noPhotoDbase.jpg','http://www.aemma.org/arms/a/aemma_80.jpg',NULL,'M',0,0,NULL,NULL,0,NULL,NULL,0,NULL,NULL,NULL,NULL,NULL,NULL,0,0,NULL,0,'2005-01-29',0,'ROM','0000-00-00',NULL,NULL,0,NULL,NULL,NULL,1,NULL,NULL,NULL,NULL,NULL,NULL,NULL,NULL,NULL,NULL,NULL,'Paul took the ROM swordsmanship class between Jan 29 - Mar 6, 2005. No further activity since his graduation.'),(217,3,8,1,'AEMMA','Pip',NULL,'Muser','Mr.','Mr. Pip Muser',NULL,NULL,NULL,NULL,'ON',NULL,'Canada','416 763 5726',NULL,NULL,NULL,'pipsmart@hotmail.com',NULL,NULL,'http://www.aemma.org/images/bio_photos/bio_noPhotoDbase.jpg','http://www.aemma.org/arms/a/aemma_80.jpg',NULL,'M',0,0,NULL,NULL,0,NULL,NULL,0,NULL,NULL,NULL,NULL,NULL,NULL,0,0,NULL,0,'2005-01-29',0,'ROM','0000-00-00',NULL,NULL,0,NULL,NULL,NULL,1,NULL,NULL,NULL,NULL,NULL,NULL,NULL,NULL,NULL,NULL,NULL,'Pip had taken the ROM swordsmanship class between Jan 29 - Mar 6, 2005.  No further activity on her part since the course.'),(218,3,8,1,'AEMMA','David & Garion',NULL,'Sutton',NULL,NULL,NULL,NULL,NULL,'Burlington','ON',NULL,'Canada','905 849 7859',NULL,NULL,NULL,'haijikai2@hotmail.com',NULL,NULL,'http://www.aemma.org/images/bio_photos/bio_noPhotoDbase.jpg','http://www.aemma.org/arms/a/aemma_80.jpg',NULL,'',2,0,NULL,NULL,0,NULL,NULL,0,NULL,NULL,NULL,NULL,NULL,NULL,0,0,NULL,0,'2005-01-29',0,'ROM','0000-00-00',NULL,NULL,0,NULL,NULL,NULL,1,NULL,NULL,NULL,NULL,NULL,NULL,NULL,NULL,NULL,NULL,NULL,'David & Garion had taken the ROM swordsmanship class between Jan 29 - Mar 6, 2005.  No further activity on her part since the course.'),(219,3,8,1,'AEMMA','Eduardo',NULL,'Vieira','Mr.','Mr. Eduardo Vieira',NULL,NULL,NULL,NULL,'ON',NULL,'Canada','416 499 6451',NULL,NULL,NULL,'eduardo.vieira@tel.com',NULL,NULL,'http://www.aemma.org/images/bio_photos/bio_noPhotoDbase.jpg','http://www.aemma.org/arms/a/aemma_80.jpg',NULL,'',0,0,NULL,NULL,0,NULL,NULL,0,NULL,NULL,NULL,NULL,NULL,NULL,0,0,NULL,0,'2005-01-29',0,'ROM','0000-00-00',NULL,NULL,0,NULL,NULL,NULL,1,NULL,NULL,NULL,NULL,NULL,NULL,NULL,NULL,NULL,NULL,NULL,'Eduardo had taken the ROM swordsmanship class between Jan 29 - Mar 6, 2005.  No further activity on her part since the course.\r\nAlternative email : eddy.vieira@hotmail.com'),(220,3,8,1,'AEMMA','Michael',NULL,'White','Mr.','Mr. Michael White',NULL,NULL,NULL,NULL,'ON',NULL,'Canada','905 799 3559',NULL,NULL,NULL,'amtwhite@rogers.com',NULL,NULL,'http://www.aemma.org/images/bio_photos/bio_noPhotoDbase.jpg','http://www.aemma.org/arms/a/aemma_80.jpg',NULL,'M',0,0,NULL,NULL,0,NULL,NULL,0,NULL,NULL,NULL,NULL,NULL,NULL,0,0,NULL,0,'2005-01-29',0,'ROM','0000-00-00',NULL,NULL,0,NULL,NULL,NULL,1,NULL,NULL,NULL,NULL,NULL,NULL,NULL,NULL,NULL,NULL,NULL,'Michael had taken the ROM swordsmanship class between Jan 29 - Mar 6, 2005.  No further activity on her part since the course.'),(221,3,8,1,'AEMMA','Carolyn',NULL,'Tisher','Ms.','Ms. Carolyn Tisher','584 4th St. A West',NULL,NULL,'Owen Sound','ON','N4K 6A7','Canada',NULL,NULL,NULL,NULL,NULL,NULL,NULL,'http://www.aemma.org/images/bio_photos/bio_noPhotoDbase.jpg','http://www.aemma.org/arms/a/aemma_80.jpg',NULL,'F',2,0,NULL,NULL,0,NULL,NULL,0,NULL,NULL,NULL,NULL,NULL,NULL,0,0,NULL,0,'2005-09-17',0,'ROM','0000-00-00',NULL,NULL,0,NULL,NULL,NULL,1,NULL,NULL,NULL,NULL,NULL,NULL,NULL,NULL,NULL,NULL,NULL,'Carolyn had taken the ROM swordsmanship class between Sep 17 - Oct 29, 2005.  No further activity on her part since the course.'),(222,3,8,1,'AEMMA','Daniel',NULL,'McLean','Mr.','Mr. Daniel McLean','3391 Sawmill valley Dr.',NULL,NULL,'Mississauga','ON','L5L 2Z8','Canada',NULL,NULL,NULL,NULL,NULL,NULL,NULL,'http://www.aemma.org/images/bio_photos/bio_noPhotoDbase.jpg','http://www.aemma.org/arms/a/aemma_80.jpg',NULL,'M',0,0,NULL,NULL,0,NULL,NULL,0,NULL,NULL,NULL,NULL,NULL,NULL,0,0,NULL,0,'2005-09-17',0,'ROM','0000-00-00',NULL,NULL,0,NULL,NULL,NULL,1,NULL,NULL,NULL,NULL,NULL,NULL,NULL,NULL,NULL,NULL,NULL,'Daniel had taken the ROM swordsmanship class between Sep 17 - Oct 29, 2005.  No further activity on her part since the course.'),(223,3,8,1,'AEMMA','Daniel',NULL,'Kwan','Mr.','Mr. Daniel Kwan','113 Constance St.',NULL,NULL,'Toronto','ON','M6R 1S7','Canada','(416) 762-9874',NULL,NULL,NULL,NULL,NULL,NULL,'http://www.aemma.org/images/bio_photos/bio_noPhotoDbase.jpg','http://www.aemma.org/arms/a/aemma_80.jpg',NULL,'M',0,0,NULL,NULL,0,NULL,NULL,0,NULL,NULL,NULL,NULL,NULL,NULL,0,0,NULL,0,'2005-09-17',0,'ROM','0000-00-00',NULL,NULL,0,NULL,NULL,NULL,1,NULL,NULL,NULL,NULL,NULL,NULL,NULL,NULL,NULL,NULL,NULL,'Daniel had taken the ROM swordsmanship class between Sep 17 - Oct 29, 2005.  No further activity on her part since the course.'),(224,3,8,1,'AEMMA','Daniel & Matthew',NULL,'Lee',NULL,NULL,'55 Harbor Square #3511',NULL,NULL,'Toronto','ON','M5J 2L1','Canada','(416) 365 6618',NULL,NULL,NULL,NULL,NULL,NULL,'http://www.aemma.org/images/bio_photos/bio_noPhotoDbase.jpg','http://www.aemma.org/arms/a/aemma_80.jpg',NULL,'M',0,0,NULL,NULL,0,NULL,NULL,0,NULL,NULL,NULL,NULL,NULL,NULL,0,0,NULL,0,'2005-09-17',0,'ROM','0000-00-00',NULL,NULL,0,NULL,NULL,NULL,1,NULL,NULL,NULL,NULL,NULL,NULL,NULL,NULL,NULL,NULL,NULL,'Daniel & Matthew had taken the ROM swordsmanship class between Sep 17 - Oct 29, 2005.  No further activity on their part since the course.'),(225,3,8,1,'AEMMA','John',NULL,'Carbone','Mr.','Mr. John Carbone','77 York Rd.',NULL,NULL,'Toronto','ON','M2L 1H9','Canada','(416) 729-5938',NULL,NULL,NULL,NULL,NULL,NULL,'http://www.aemma.org/images/bio_photos/bio_noPhotoDbase.jpg','http://www.aemma.org/arms/a/aemma_80.jpg',NULL,'M',0,0,NULL,NULL,0,NULL,NULL,0,NULL,NULL,NULL,NULL,NULL,NULL,0,0,NULL,0,'2005-09-17',0,'ROM','0000-00-00',NULL,NULL,0,NULL,NULL,NULL,0,NULL,NULL,NULL,NULL,NULL,NULL,NULL,NULL,NULL,NULL,NULL,'John had taken the ROM swordsmanship class between Sep 17 - Oct 29, 2005.  No further activity on his part since the course.'),(189,2,5,1,'AEMMA','Paul',NULL,'Micallef','Mr.','Mr. Paul Micallef','56 Wellesley St. East','Apt #13',NULL,'Toronto','ON','M4Y 1G2','Canada','(416) 964-9010',NULL,NULL,NULL,'pmical@hotmail.com',NULL,NULL,'http://www.aemma.org/images/bio_photos/bio_pmicallef.jpg','http://www.aemma.org/arms/a/aemma_80.jpg','technical writer','',1,0,NULL,NULL,0,NULL,'xploring international cultures, customs, and cuisines',0,NULL,NULL,NULL,NULL,'Technical Communications','Seneca College',0,0,NULL,1,'2005-06-04',0,NULL,NULL,NULL,NULL,0,NULL,NULL,NULL,1,NULL,NULL,NULL,NULL,NULL,NULL,NULL,NULL,NULL,NULL,NULL,'Paul engaged with AEMMA\\\\\\\\\\\\\\\\\\\\\\\\\\\\\\\'s archery practice, and over time, has demonstrated a desire to help out with the archery program.  He has since been assigned the instructor\\\\\\\\\\\\\\\\\\\\\\\\\\\\\\\'s role at the first ROM archery course in Mar 2006, held at AEMMA\\\\\\\\\\\\\\\\\\\\\\\\\\\\\\\'s salle.'),(227,3,8,1,'AEMMA','David',NULL,'Bahry','Mr.','Mr. David Bahry',NULL,NULL,NULL,NULL,'ON',NULL,'Canada','416-481-9932',NULL,NULL,NULL,NULL,NULL,NULL,'http://www.aemma.org/images/bio_photos/bio_noPhotoDbase.jpg','http://www.aemma.org/arms/a/aemma_80.jpg',NULL,'M',0,0,NULL,NULL,0,NULL,NULL,0,NULL,NULL,NULL,NULL,NULL,NULL,0,0,NULL,0,'2005-11-05',0,'ROM','0000-00-00',NULL,NULL,0,NULL,NULL,NULL,1,NULL,NULL,NULL,NULL,NULL,NULL,NULL,NULL,NULL,NULL,NULL,'David had taken the ROM swordsmanship class during Nov 5 - Dec 10 2005. No further activity since the conclusion of the class.'),(228,3,8,1,'AEMMA','John & Mirah',NULL,'Burgener',NULL,NULL,NULL,NULL,NULL,NULL,'ON',NULL,'Canada','(905) 823-2898',NULL,NULL,NULL,NULL,NULL,NULL,'http://www.aemma.org/images/bio_photos/bio_noPhotoDbase.jpg','http://www.aemma.org/arms/a/aemma_80.jpg',NULL,'',0,0,NULL,NULL,0,NULL,NULL,0,NULL,NULL,NULL,NULL,NULL,NULL,0,0,NULL,0,'2005-11-05',0,'ROM','0000-00-00',NULL,NULL,0,NULL,NULL,NULL,1,NULL,NULL,NULL,NULL,NULL,NULL,NULL,NULL,NULL,NULL,NULL,'John & Mirah had taken the ROM swordsmanship class during Nov 5 - Dec 10 2005. No further activity since the conclusion of the class.'),(229,3,8,1,'AEMMA','Michelle',NULL,'Carlson','Ms.','Ms. Michelle Carlson',NULL,NULL,NULL,NULL,'ON',NULL,'Canada','(416) 239-0328',NULL,NULL,NULL,NULL,NULL,NULL,'http://www.aemma.org/images/bio_photos/bio_noPhotoDbase.jpg','http://www.aemma.org/arms/a/aemma_80.jpg',NULL,'F',0,0,NULL,NULL,0,NULL,NULL,0,NULL,NULL,NULL,NULL,NULL,NULL,0,0,NULL,0,'2005-11-05',0,'ROM','0000-00-00',NULL,NULL,0,NULL,NULL,NULL,1,NULL,NULL,NULL,NULL,NULL,NULL,NULL,NULL,NULL,NULL,NULL,'Michelle had taken the ROM swordsmanship class during Nov 5 - Dec 10 2005. No further activity since the conclusion of the class.'),(230,3,8,1,'AEMMA','Bryan',NULL,'Cook','Mr.','Mr. Bryan Cook',NULL,NULL,NULL,'Toronto','ON',NULL,'Canada','(416) 463-6450',NULL,NULL,NULL,'spoon09@gmail.com',NULL,NULL,'http://www.aemma.org/images/bio_photos/bio_noPhotoDbase.jpg','http://www.aemma.org/arms/a/aemma_80.jpg',NULL,'M',0,0,NULL,NULL,0,NULL,NULL,0,NULL,NULL,NULL,NULL,NULL,NULL,0,0,NULL,0,'2005-11-05',0,'ROM','0000-00-00',NULL,NULL,0,NULL,NULL,NULL,1,NULL,NULL,NULL,NULL,NULL,NULL,NULL,NULL,NULL,NULL,NULL,'Bryan had taken the ROM swordsmanship class during Nov 5 - Dec 10 2005. No further activity since the conclusion of the class.'),(231,3,8,1,'AEMMA','Connie',NULL,'Daye','Ms.','Ms. Connie Daye',NULL,NULL,NULL,NULL,'ON',NULL,'Canada','(416) 533-3825',NULL,NULL,NULL,NULL,NULL,NULL,'http://www.aemma.org/images/bio_photos/bio_noPhotoDbase.jpg','http://www.aemma.org/arms/a/aemma_80.jpg',NULL,'F',0,0,NULL,NULL,0,NULL,NULL,0,NULL,NULL,NULL,NULL,NULL,NULL,0,0,NULL,0,'2005-11-05',0,'ROM','0000-00-00',NULL,NULL,0,NULL,NULL,NULL,1,NULL,NULL,NULL,NULL,NULL,NULL,NULL,NULL,NULL,NULL,NULL,'Connie had taken the ROM swordsmanship class during Nov 5 - Dec 10 2005. No further activity since the conclusion of the class.'),(232,3,8,1,'AEMMA','Vincent',NULL,'Nosko','Mr.','Mr. Vincent Nosko',NULL,NULL,NULL,NULL,'ON',NULL,'Canada','(416) 531-7198',NULL,NULL,NULL,NULL,NULL,NULL,'http://www.aemma.org/images/bio_photos/bio_noPhotoDbase.jpg','http://www.aemma.org/arms/a/aemma_80.jpg',NULL,'M',0,0,NULL,NULL,0,NULL,NULL,0,NULL,NULL,NULL,NULL,NULL,NULL,0,0,NULL,0,'2005-11-05',0,'ROM','0000-00-00',NULL,NULL,0,NULL,NULL,NULL,1,NULL,NULL,NULL,NULL,NULL,NULL,NULL,NULL,NULL,NULL,NULL,'Vincent had taken the ROM swordsmanship class during Nov 5 - Dec 10 2005. No further activity since the conclusion of the class.'),(233,3,8,1,'AEMMA','Matthew',NULL,'Oman','Mr.','Mr. Matthew Oman',NULL,NULL,NULL,NULL,'ON',NULL,'Canada','(416) 698-3799',NULL,NULL,NULL,NULL,NULL,NULL,'http://www.aemma.org/images/bio_photos/bio_noPhotoDbase.jpg','http://www.aemma.org/arms/a/aemma_80.jpg',NULL,'M',0,0,NULL,NULL,0,NULL,NULL,0,NULL,NULL,NULL,NULL,NULL,NULL,0,0,NULL,0,'2005-11-05',0,'ROM','0000-00-00',NULL,NULL,0,NULL,NULL,NULL,1,NULL,NULL,NULL,NULL,NULL,NULL,NULL,NULL,NULL,NULL,NULL,'Matthew had taken the ROM swordsmanship class during Nov 5 - Dec 10 2005. No further activity since the conclusion of the class.'),(234,3,8,1,'AEMMA','Elizabeth',NULL,'Rea','Ms.','Ms. Elizabeth Rea',NULL,NULL,NULL,NULL,'ON',NULL,'Canada','(416) 488-3125',NULL,NULL,NULL,NULL,NULL,NULL,'http://www.aemma.org/images/bio_photos/bio_noPhotoDbase.jpg','http://www.aemma.org/arms/a/aemma_80.jpg',NULL,'F',0,0,NULL,NULL,0,NULL,NULL,0,NULL,NULL,NULL,NULL,NULL,NULL,0,0,NULL,0,'2005-11-05',0,'ROM','0000-00-00',NULL,NULL,0,NULL,NULL,NULL,1,NULL,NULL,NULL,NULL,NULL,NULL,NULL,NULL,NULL,NULL,NULL,'Elizabeth had taken the ROM swordsmanship class during Nov 5 - Dec 10 2005. No further activity since the conclusion of the class.'),(235,3,8,1,'AEMMA','D.J.',NULL,'Rossi','Mr.','Mr. D.J. Rossi',NULL,NULL,NULL,NULL,'ON',NULL,'Canada','416-544-0692',NULL,NULL,NULL,NULL,NULL,NULL,'http://www.aemma.org/images/bio_photos/bio_noPhotoDbase.jpg','http://www.aemma.org/arms/a/aemma_80.jpg',NULL,'M',0,0,NULL,NULL,0,NULL,NULL,0,NULL,NULL,NULL,NULL,NULL,NULL,0,0,NULL,0,'2005-11-05',0,'ROM','0000-00-00',NULL,NULL,0,NULL,NULL,NULL,1,NULL,NULL,NULL,NULL,NULL,NULL,NULL,NULL,NULL,NULL,NULL,'DJ had taken the ROM swordsmanship class during Nov 5 - Dec 10 2005. No further activity since the conclusion of the class.'),(236,3,8,1,'AEMMA','Andrei',NULL,'Shevchuk','Mr.','Mr. Andrei Shevchuk',NULL,NULL,NULL,NULL,'ON',NULL,'Canada','(416) 789-2043',NULL,NULL,NULL,NULL,NULL,NULL,'http://www.aemma.org/images/bio_photos/bio_noPhotoDbase.jpg','http://www.aemma.org/arms/a/aemma_80.jpg',NULL,'M',0,0,NULL,NULL,0,NULL,NULL,0,NULL,NULL,NULL,NULL,NULL,NULL,0,0,NULL,0,'2005-11-05',0,'ROM','0000-00-00',NULL,NULL,0,NULL,NULL,NULL,1,NULL,NULL,NULL,NULL,NULL,NULL,NULL,NULL,NULL,NULL,NULL,'Andrei had taken the ROM swordsmanship class during Nov 5 - Dec 10 2005. No further activity since the conclusion of the class.'),(237,3,8,1,'AEMMA','Devine',NULL,'Waugh','Ms.','Ms. Devine Waugh',NULL,NULL,NULL,NULL,'ON',NULL,'Canada','(905) 659-3916',NULL,NULL,NULL,NULL,NULL,NULL,'http://www.aemma.org/images/bio_photos/bio_noPhotoDbase.jpg','http://www.aemma.org/arms/a/aemma_80.jpg',NULL,'F',0,0,NULL,NULL,0,NULL,NULL,0,NULL,NULL,NULL,NULL,NULL,NULL,0,0,NULL,0,'2005-11-05',0,'ROM','0000-00-00',NULL,NULL,0,NULL,NULL,NULL,1,NULL,NULL,NULL,NULL,NULL,NULL,NULL,NULL,NULL,NULL,NULL,'Devine had taken the ROM swordsmanship class during Nov 5 - Dec 10 2005. No further activity since the conclusion of the class.'),(238,3,8,1,'AEMMA','Geoffrey',NULL,'Whitman','Mr.','Mr. Geoffrey Whitman',NULL,NULL,NULL,NULL,'ON',NULL,'Canada','(416) 516-7866',NULL,NULL,NULL,NULL,NULL,NULL,'http://www.aemma.org/images/bio_photos/bio_noPhotoDbase.jpg','http://www.aemma.org/arms/a/aemma_80.jpg',NULL,'M',0,0,NULL,NULL,0,NULL,NULL,0,NULL,NULL,NULL,NULL,NULL,NULL,0,0,NULL,0,'2005-11-05',0,'ROM','0000-00-00',NULL,NULL,0,NULL,NULL,NULL,1,NULL,NULL,NULL,NULL,NULL,NULL,NULL,NULL,NULL,NULL,NULL,'Geoffrey had taken the ROM swordsmanship class during Nov 5 - Dec 10 2005. No further activity since the conclusion of the class.'),(239,3,8,1,'AEMMA','Margaret',NULL,'Bailey','Ms.','Ms. Margaret Bailey','136 Yarmouth Rd.',NULL,NULL,'Toronto','ON','M6G 1X2','Canada','416 534 0978',NULL,NULL,NULL,'codblue@sympatico.ca','Maria del Junco','(416) 538-3939','http://www.aemma.org/images/bio_photos/bio_noPhotoDbase.jpg','http://www.aemma.org/arms/a/aemma_80.jpg','student','F',0,0,NULL,'1990-02-10',0,NULL,NULL,0,NULL,NULL,NULL,NULL,'gr. 9','Rosedale Secondary',0,0,NULL,0,'2006-01-28',0,'ROM','0000-00-00',NULL,'allergies : penicillin',0,NULL,NULL,NULL,1,NULL,NULL,NULL,NULL,NULL,NULL,NULL,NULL,NULL,NULL,NULL,'Margaret had taken the ROM swordsmanship class between  Jan 28 - Mar 4, 2006.  No further activity since the conclusion of the course.'),(240,3,8,1,'AEMMA','Michael',NULL,'Daw','Mr.','Mr. Michael Daw',NULL,NULL,NULL,NULL,'ON',NULL,'Canada','416 869 4817',NULL,NULL,NULL,NULL,NULL,NULL,'http://www.aemma.org/images/bio_photos/bio_noPhotoDbase.jpg','http://www.aemma.org/arms/a/aemma_80.jpg',NULL,'M',0,0,NULL,NULL,0,NULL,NULL,0,NULL,NULL,NULL,NULL,NULL,NULL,0,0,NULL,0,'2006-01-28',0,'ROM','0000-00-00',NULL,NULL,0,NULL,NULL,NULL,1,NULL,NULL,NULL,NULL,NULL,NULL,NULL,NULL,NULL,NULL,NULL,'Michael had taken the ROM swordsmanship class between  Jan 28 - Mar 4, 2006.  No further activity since the conclusion of the course.'),(242,3,8,1,'AEMMA','Francis',NULL,'Dvorak','Ms.','Ms. Francis Dvorak',NULL,NULL,NULL,NULL,'ON',NULL,'Canada','416 497 5282',NULL,NULL,NULL,NULL,NULL,NULL,'http://www.aemma.org/images/bio_photos/bio_noPhotoDbase.jpg','http://www.aemma.org/arms/a/aemma_80.jpg',NULL,'F',0,0,NULL,NULL,0,NULL,NULL,0,NULL,NULL,NULL,NULL,NULL,NULL,0,0,NULL,0,'2006-01-28',0,'ROM','0000-00-00',NULL,NULL,0,NULL,NULL,NULL,1,NULL,NULL,NULL,NULL,NULL,NULL,NULL,NULL,NULL,NULL,NULL,'Francis had taken the ROM swordsmanship class between  Jan 28 - Mar 4, 2006.  No further activity since the conclusion of the course.'),(243,3,1,1,'AEMMA','Tom',NULL,'Edwards','Mr.','Mr. Tom Edwards',NULL,NULL,NULL,'Toronto','ON',NULL,'Canada','416 698 0698',NULL,NULL,NULL,NULL,NULL,NULL,'http://www.aemma.org/images/bio_photos/bio_noPhotoDbase.jpg','http://www.aemma.org/arms/a/aemma_80.jpg',NULL,'M',0,0,NULL,NULL,0,NULL,NULL,0,NULL,NULL,NULL,NULL,NULL,NULL,0,0,NULL,0,'2006-01-28',0,'ROM','2006-11-15',NULL,NULL,0,NULL,NULL,NULL,1,NULL,NULL,NULL,NULL,NULL,NULL,NULL,NULL,NULL,NULL,NULL,'Tom had taken the ROM swordsmanship class between  Jan 28 - Mar 4, 2006.  No further activity since the conclusion of the course.'),(244,3,2,2,'AEMMA','Nicholas',NULL,'Hall','Mr.','Mr. Nicholas Hall','5 Cham',NULL,NULL,'Markham','ON',NULL,'Canada','905 474 0011',NULL,NULL,NULL,'Dark.Zealot.88@gmail.com','Mrs. Judy Hall','(416) 436-5940','http://www.aemma.org/images/bio_photos/bio_nhall.jpg','http://www.aemma.org/arms/a/aemma_80.jpg','student','M',0,0,NULL,'1990-09-20',0,NULL,NULL,0,NULL,NULL,NULL,NULL,NULL,NULL,0,0,NULL,1,'2006-01-28',0,'ROM','2007-12-15','2007-11-29',NULL,0,NULL,NULL,NULL,1,NULL,NULL,NULL,NULL,NULL,NULL,NULL,NULL,NULL,NULL,NULL,'Nicholas had taken the ROM swordsmanship class between  Jan 28 - Mar 4, 2006.  No further activity since the conclusion of the course.\r\nSep 28,2006 - Nicholas has started training as a casual recruit earlier this summer.'),(245,3,8,1,'AEMMA','Vaughn',NULL,'Ravenscroft','Mr.','Mr. Vaughn Ravenscroft',NULL,NULL,NULL,NULL,'ON',NULL,'Canada','647 430 9998',NULL,NULL,NULL,NULL,NULL,NULL,'http://www.aemma.org/images/bio_photos/bio_noPhotoDbase.jpg','http://www.aemma.org/arms/a/aemma_80.jpg',NULL,'M',0,0,NULL,NULL,0,NULL,NULL,0,NULL,NULL,NULL,NULL,NULL,NULL,0,0,NULL,0,'2006-01-28',0,'ROM','0000-00-00',NULL,NULL,0,NULL,NULL,NULL,1,NULL,NULL,NULL,NULL,NULL,NULL,NULL,NULL,NULL,NULL,NULL,'Vaughn had taken the ROM swordsmanship class between  Jan 28 - Mar 4, 2006.  No further activity since the conclusion of the course.'),(499,2,10,2,'AEMMA','Paul',NULL,'Young','Mr.',NULL,'11 Saint Clarens Ave.',NULL,NULL,'Toronto','ON','M6K 2S2','Canada','416-557-4024',NULL,NULL,'416-557-4024','yongep@yahoo.ca',NULL,NULL,'http://www.aemma.org/images/bio_photos/bio_noPhotoDbase.jpg','http://www.aemma.org/arms/a/aemma_80.jpg','coordinator','',0,0,NULL,NULL,0,NULL,NULL,0,NULL,NULL,NULL,NULL,'B.A.',NULL,0,0,NULL,0,'2009-03-21',0,NULL,'2009-06-28','2009-03-21',NULL,0,NULL,NULL,NULL,9,NULL,NULL,NULL,NULL,NULL,NULL,NULL,NULL,NULL,NULL,NULL,'July 2009 - Paul is currently cannot attend regularly due to work demands, so he is paying the $22 single use fee when he can shoot occasionally.'),(247,3,8,1,'AEMMA','Nick',NULL,'Roberts','Mr.','Mr. Nick Roberts',NULL,NULL,NULL,NULL,'ON',NULL,'Canada','416 968 2166',NULL,NULL,NULL,NULL,NULL,NULL,'http://www.aemma.org/images/bio_photos/bio_noPhotoDbase.jpg','http://www.aemma.org/arms/a/aemma_80.jpg',NULL,'M',0,0,NULL,NULL,0,NULL,NULL,0,NULL,NULL,NULL,NULL,NULL,NULL,0,0,NULL,0,'2006-01-28',0,'ROM','0000-00-00',NULL,NULL,0,NULL,NULL,NULL,1,NULL,NULL,NULL,NULL,NULL,NULL,NULL,NULL,NULL,NULL,NULL,'Nick had taken the ROM swordsmanship class between  Jan 28 - Mar 4, 2006.  No further activity since the conclusion of the course.'),(250,6,1,2,'AEMMA','Russell',NULL,'Staughton','Mr.','Mr. Russell Staughton','144 Arlington Avenue',NULL,NULL,'Toronto','ON','M6C 2Z2','Canada','416 656-3533',NULL,NULL,NULL,'narvineye@gmail.com','Dr. S. Jacobson','416 531-3331','http://www.aemma.org/images/bio_photos/bio_rstaughton.jpg','http://www.aemma.org/arms/a/aemma_80.jpg','Student','M',0,0,NULL,'1990-01-21',0,NULL,NULL,0,NULL,NULL,NULL,NULL,NULL,NULL,0,0,NULL,1,'2006-03-06',0,'ROM Grad Feb-Mar 2006','2009-07-01','2009-06-17',NULL,0,NULL,NULL,NULL,2,'2010-01-24','Ossington',NULL,NULL,NULL,NULL,NULL,NULL,NULL,NULL,NULL,'Russell took the challenge on Sunday, Jan 24, 2010 and successfully achieved his scholler rank.  There were 14 schollers on hand and Murph. (dcvet jan 2010)\r\nRussel had taken the ROM swordsmanship class between  Jan 28 - Mar 4, 2006.\r\nRussell as of Sep 2008 has started training at the Guelph chapter. (dcvet sep 2008)\r\nRussel is training with Toronto for the summer. He has paid for Apr, $80 (student rate) (dcvet apr 29)'),(472,2,1,3,'AEMMA','Chris',NULL,'Hill','Mr.',NULL,' St George St',NULL,NULL,'Toronto','ON','m5r2w4','Canada','4169615693',NULL,NULL,NULL,'chris.hill@rogers.com',NULL,NULL,'http://www.aemma.org/images/bio_photos/bio_chill.jpg','http://www.aemma.org/arms/a/aemma_80.jpg','blood work lab technician','M',1,0,NULL,'1956-05-06',0,NULL,NULL,0,NULL,NULL,NULL,NULL,NULL,NULL,0,0,NULL,1,'2008-08-10',0,NULL,'2009-12-01','2009-08-09',NULL,0,NULL,NULL,NULL,1,NULL,NULL,NULL,NULL,NULL,NULL,NULL,NULL,NULL,NULL,NULL,NULL),(252,3,2,5,'AEMMA','Alex',NULL,'MacDonald','Mr.',NULL,NULL,NULL,NULL,'Toronto','ON',NULL,'Canada','416-769-7993',NULL,NULL,NULL,'wav@rogers.com',NULL,NULL,'http://www.aemma.org/images/bio_photos/bio_noPhotoDbase.jpg','http://www.aemma.org/arms/a/aemma_80.jpg','electrician','M',0,0,NULL,NULL,0,NULL,NULL,0,NULL,NULL,NULL,NULL,NULL,NULL,0,0,NULL,0,NULL,0,NULL,'2007-03-15','2007-01-07',NULL,0,NULL,NULL,NULL,1,NULL,NULL,NULL,NULL,NULL,NULL,NULL,NULL,NULL,NULL,NULL,'AEMMA: long-term absence from training; survey questionnaire...Apr 4, 2008 - invalid email address.'),(253,2,1,13,'AEMMA','Matthew',NULL,'Dreger','Mr.','Mr. Matthew Dreger','15 Vicora Linkway','Apt. 716',NULL,'Toronto','ON','M3C 1A7','Canada','416 425-5458',NULL,NULL,'647-669-4570','mattdreger@yahoo.com','Inka + Witold Dreger','416 425-5458','http://www.aemma.org/images/bio_photos/bio_mdreger.jpg','http://www.aemma.org/arms/d/dreger_80.jpg','Technical Writer','M',2,0,NULL,'1973-07-09',0,NULL,NULL,0,NULL,'Arms: Per bend Argent and Gules, in base, a kerchief of the first.',NULL,NULL,NULL,NULL,0,0,NULL,1,'2006-03-05',0,'Saw Presentation at ROM','2009-12-01','2009-09-14','Medication: Thyroxin (thyroid medication)\r\nAllergies: Hay Fever\r\nPrevious Injuries: Wrists',0,NULL,NULL,NULL,2,'2008-01-14','Ossington','Jack successfully completed his scholar test, Sunday, Jan 13, 2008.  Scholars present included Ariella, Shawn, Matt Brundle, Larry Brydon, Aldo with Kel, myself and Brian.  (dcvet - jan 13, 2008)',NULL,NULL,NULL,NULL,NULL,NULL,NULL,NULL,'Matthew had taken the ROM swordsmanship class between  Jan 28 - Mar 4, 2006.  \r\n\r\nMatt suffers from diabetes.  He periodically takes time off to stabilize his condition.  He returned to training in November, and paid 6-months post-dated cheques.'),(254,3,2,5,'AEMMA','Serge',NULL,'Halytsky','Mr.','Mr. Serge Halytsky','3325 Dundas St. West','Apt. 7C',NULL,'Toronto','ON','M6P 2A6','Canada','416 520-7048',NULL,NULL,NULL,'halytsky_s@yahoo.com','Tera','416 765-7155','http://www.aemma.org/images/bio_photos/bio_shalytsky.jpg','http://www.aemma.org/arms/a/aemma_80.jpg',NULL,'M',0,0,NULL,'1973-06-28',0,NULL,NULL,0,NULL,NULL,NULL,NULL,NULL,NULL,0,0,NULL,0,NULL,0,NULL,'2007-08-15','2007-06-10',NULL,0,NULL,NULL,'Takes German longsword with Mike Rasmussen',1,NULL,NULL,NULL,NULL,NULL,NULL,NULL,NULL,NULL,NULL,NULL,'4 post-dated cheques on Feb 24.'),(255,3,4,5,'AEMMA','Krishna',NULL,'Marag','Mr.',NULL,NULL,NULL,NULL,'Toronto','ON',NULL,'Canada',NULL,NULL,NULL,NULL,NULL,NULL,NULL,'http://www.aemma.org/images/bio_photos/bio_noPhotoDbase.jpg','http://www.aemma.org/arms/a/aemma_80.jpg',NULL,'',0,0,NULL,NULL,0,NULL,NULL,0,NULL,NULL,NULL,NULL,NULL,NULL,0,0,NULL,0,NULL,0,NULL,'2006-07-15','2006-05-15',NULL,0,NULL,NULL,NULL,1,NULL,NULL,NULL,NULL,NULL,NULL,NULL,NULL,NULL,NULL,NULL,NULL),(256,3,2,4,'AEMMA','Eric',NULL,'Rubli','Mr.',NULL,NULL,NULL,NULL,'Toronto','ON',NULL,'Canada',NULL,NULL,NULL,NULL,'eric.rubli@sympatico.ca',NULL,NULL,'http://www.aemma.org/images/bio_photos/bio_noPhotoDbase.jpg','http://www.aemma.org/arms/a/aemma_80.jpg',NULL,'',0,0,NULL,NULL,0,NULL,NULL,0,NULL,NULL,NULL,NULL,NULL,NULL,0,0,NULL,0,'2006-04-24',0,NULL,'2007-06-15','2007-01-07',NULL,0,NULL,NULL,NULL,1,NULL,NULL,NULL,NULL,NULL,NULL,NULL,NULL,NULL,NULL,NULL,'AEMMA: long-absence survey - Apr 4, 2008\r\nDear David:\r\nI have read through your questions and my responses are listed below.  If you have further questions/comment please feel free to ask.\r\n   1. Why did you visit AEMMA in the first place?\r\nPersonal interest in realistic European fighting arts.\r\n   2. Did the training at AEMMA meet your expectations while training? If not, what was missing?\r\nMet expectations; However, for the same reason that the training is cycled between wrestling/sword/dagger to keep interest of participants it tended to hinder adequate comprehension of required skills in the separate disciplines.\r\n  3. What recommendations would you suggest to improve AEMMA, its training facilities, training program, its people?\r\nSee above.\r\n   4. What do you/did you think of the instructors? Offer a brief explanation.\r\nInstructors were knowledgeable and well versed in the material; although the intensity was more on the level of competition style martial arts rather than personal interest and historical understanding of European fighting arts,\r\n   5. Did you feel that the monthly training fees mapped well with the services offered?  How do the fees compare to other martial arts schools you know of?\r\nFees were roughly comparable.\r\n   6. How long did you train at AEMMA before leaving the Academy?\r\nJust over 1 year.\r\n   7. What caused your long-term absence (no details, just high level description)?\r\nPrimarily personal: distance [travel between Brampton and Toronto] and unable to advance in skills (for reasons noted above).  Also the conception by some instructors that I must achieve Scholler status and acquire all [Scholler] gear even though I, personally, lack enough skill to achieve such a level and the Recruit level fulfilled my interest of the European fighting arts.\r\n   8. What changes or enhancements to AEMMA would be enough for you to consider returning to practices?\r\nAside from the personal reasons listed above, a little less intensity on achieving the Scholler level and more appreciation for the European fighting arts [as a historical or personal interest] at the Recruit level.\r\n   9. Would you have any general comments or opinions about AEMMA?\r\nI appreciate what AEMMA is doing in promoting European fighting arts in it truest form as it is often misrepresented by cinema and other recreationist groups.  But, the level of commitment portrayed at the Recruit level appears to be too intense.  Those who will/wish to advance beyond this level will show themselves above the others.  Perhaps a Mentor type stage between the Recruit and Scholler level would better distinguish the Recreational to the Serious participant.\r\nSincerely,\r\nEric R'),(257,3,1,4,'AEMMA','Cameron',NULL,'Ansell','Mr.','Mr. Cameron Ansell','1280 Meredith Avenue',NULL,NULL,'Mississauga','ON','L5N 2E5','Canada','905 278-7955',NULL,NULL,NULL,NULL,'Janine','905 278-7955','http://www.aemma.org/images/bio_photos/bio_noPhotoDbase.jpg','http://www.aemma.org/arms/a/aemma_80.jpg','Retired','M',0,0,'Janine','1944-03-31',0,NULL,NULL,0,NULL,NULL,NULL,NULL,NULL,NULL,0,0,NULL,0,'2006-05-08',0,NULL,'2006-10-15','2006-06-15','Medication: Desperol',0,NULL,NULL,NULL,1,NULL,NULL,NULL,NULL,NULL,NULL,NULL,NULL,NULL,NULL,NULL,NULL),(258,3,4,4,'AEMMA','Jannine',NULL,'Novakfurst','Ms.',NULL,NULL,NULL,NULL,'Toronto','ON',NULL,'Canada',NULL,NULL,NULL,NULL,NULL,NULL,NULL,'http://www.aemma.org/images/bio_photos/bio_noPhotoDbase.jpg','http://www.aemma.org/arms/a/aemma_80.jpg',NULL,'F',0,0,NULL,NULL,0,NULL,NULL,0,NULL,NULL,NULL,NULL,NULL,NULL,0,0,NULL,0,'2006-06-15',0,NULL,'2006-11-15','2006-06-15',NULL,0,NULL,NULL,NULL,1,NULL,NULL,NULL,NULL,NULL,NULL,NULL,NULL,NULL,NULL,NULL,NULL),(259,2,1,4,'AEMMA','Matthew','Kyle','Shea','Mr.','Mr. Matthew Shea','319 Couley Street',NULL,NULL,'Thornhill','ON','L4J 2Z3','Canada','905 738-4418',NULL,NULL,'416 902-6892','matthewkshea@gmail.com','Judy Shea or Edmund Shea','416 843-4418','http://www.aemma.org/images/bio_photos/bio_mshea.jpg','http://www.aemma.org/arms/a/aemma_80.jpg','Student','M',2,0,'905 738-4418','1987-03-22',0,NULL,NULL,0,NULL,NULL,NULL,NULL,NULL,'York University',0,0,NULL,1,'2006-06-25',0,NULL,'2010-01-01','2009-08-17','minor allergy to bug bites',0,NULL,NULL,NULL,1,NULL,NULL,NULL,NULL,NULL,NULL,NULL,NULL,NULL,NULL,NULL,'6 cheques, Jan 1, Jan 15 ==> May 15 (dcvet - jan 13, 2008)\r\n5 cheques, Jun 15 - Oct 15 (dcvet - jun 1)'),(260,3,4,4,'AEMMA','Kevin','Christopher','Elhart','Mr.','Mr. Kevin Elhart','412-801 King Street West',NULL,NULL,'Toronto','ON','M5V 3C9','Canada','416 203-3143',NULL,NULL,'416 906-1085','kelhart@mac.com','Marilyn Elhart','416 424-2855','http://www.aemma.org/images/bio_photos/bio_noPhotoDbase.jpg','http://www.aemma.org/arms/a/aemma_80.jpg','Software Developer','M',0,0,NULL,'1968-10-12',0,NULL,NULL,0,NULL,NULL,NULL,NULL,NULL,NULL,0,0,NULL,0,'2006-07-15',0,NULL,'2006-12-15','2006-07-15',NULL,0,NULL,NULL,NULL,1,NULL,NULL,NULL,NULL,NULL,NULL,NULL,NULL,NULL,NULL,NULL,NULL),(261,3,1,4,'AEMMA','Aristea',NULL,'Panayotoli','Mr.','Mr. Aristea Panayotoli','80 Wolverleigh Blvd.',NULL,NULL,'Toronto','ON','M4J 1R9','Canada','416 463-3396',NULL,NULL,'416 333-5932','starfish.uft@hotmail.com','Dr. Isenberg',NULL,'http://www.aemma.org/images/bio_photos/bio_noPhotoDbase.jpg','http://www.aemma.org/arms/a/aemma_80.jpg','Student','M',0,0,NULL,NULL,0,NULL,NULL,0,NULL,NULL,NULL,NULL,NULL,NULL,0,0,NULL,0,'2006-07-17',0,NULL,'2007-01-15','2006-08-15','knee injury',0,NULL,NULL,NULL,1,NULL,NULL,NULL,NULL,NULL,NULL,NULL,NULL,NULL,NULL,NULL,NULL),(262,1,8,1,'AEMMA','Kelly',NULL,'Ashbee','Mr.',NULL,NULL,NULL,NULL,NULL,'ON',NULL,'Canada','(905) 686-4846',NULL,NULL,NULL,NULL,NULL,NULL,'http://www.aemma.org/images/bio_photos/bio_noPhotoDbase.jpg','http://www.aemma.org/arms/a/aemma_80.jpg',NULL,'M',0,0,NULL,NULL,0,NULL,NULL,0,NULL,NULL,NULL,NULL,NULL,NULL,0,0,NULL,0,'2006-09-16',0,'ROM',NULL,NULL,NULL,0,NULL,NULL,NULL,1,NULL,NULL,NULL,NULL,NULL,NULL,NULL,NULL,NULL,NULL,NULL,'ROM Medieval Swordsmanship Course - Sep 16 - Oct 28, 2006.'),(263,1,8,1,'AEMMA','Anne',NULL,'Chambers','Ms.',NULL,NULL,NULL,NULL,NULL,'ON',NULL,'Canada','(416) 766-2692',NULL,NULL,NULL,NULL,NULL,NULL,'http://www.aemma.org/images/bio_photos/bio_noPhotoDbase.jpg','http://www.aemma.org/arms/a/aemma_80.jpg',NULL,'F',0,0,NULL,NULL,0,NULL,NULL,0,NULL,NULL,NULL,NULL,NULL,NULL,0,0,NULL,0,'2006-09-16',0,NULL,NULL,NULL,NULL,0,NULL,NULL,NULL,1,NULL,NULL,NULL,NULL,NULL,NULL,NULL,NULL,NULL,NULL,NULL,'ROM Medieval Swordsmanship Course - Sep 16 - Oct 28, 2006.'),(264,1,8,1,'AEMMA','Anastasia',NULL,'Cheetham','Ms.',NULL,NULL,NULL,NULL,NULL,'ON',NULL,'Canada','(416) 595-9908',NULL,NULL,NULL,NULL,NULL,NULL,'http://www.aemma.org/images/bio_photos/bio_noPhotoDbase.jpg','http://www.aemma.org/arms/a/aemma_80.jpg',NULL,'F',0,0,NULL,NULL,0,NULL,NULL,0,NULL,NULL,NULL,NULL,NULL,NULL,0,0,NULL,0,'2006-09-16',0,'ROM',NULL,NULL,NULL,0,NULL,NULL,NULL,1,NULL,NULL,NULL,NULL,NULL,NULL,NULL,NULL,NULL,NULL,NULL,'ROM Medieval Swordsmanship Course - Sep 16 - Oct 28, 2006.'),(265,1,8,1,'AEMMA','Glenn',NULL,'Corcoran','Mr.',NULL,NULL,NULL,NULL,NULL,'ON',NULL,'Canada','(416) 840-5418',NULL,NULL,NULL,NULL,NULL,NULL,'http://www.aemma.org/images/bio_photos/bio_noPhotoDbase.jpg','http://www.aemma.org/arms/a/aemma_80.jpg',NULL,'M',0,0,NULL,NULL,0,NULL,NULL,0,NULL,NULL,NULL,NULL,NULL,NULL,0,0,NULL,0,'2006-09-16',0,'ROM',NULL,NULL,NULL,0,NULL,NULL,NULL,1,NULL,NULL,NULL,NULL,NULL,NULL,NULL,NULL,NULL,NULL,NULL,'ROM Medieval Swordsmanship Course - Sep 16 - Oct 28, 2006.'),(266,1,8,1,'AEMMA','John',NULL,'Cordeaux','Mr.',NULL,NULL,NULL,NULL,NULL,'ON',NULL,'Canada','(416) 469-5535',NULL,NULL,NULL,NULL,NULL,NULL,'http://www.aemma.org/images/bio_photos/bio_noPhotoDbase.jpg','http://www.aemma.org/arms/a/aemma_80.jpg',NULL,'M',0,0,NULL,NULL,0,NULL,NULL,0,NULL,NULL,NULL,NULL,NULL,NULL,0,0,NULL,0,'2006-09-16',0,'ROM',NULL,NULL,NULL,0,NULL,NULL,NULL,1,NULL,NULL,NULL,NULL,NULL,NULL,NULL,NULL,NULL,NULL,NULL,'ROM Medieval Swordsmanship Course - Sep 16 - Oct 28, 2006.'),(267,1,8,1,'AEMMA','Meagan',NULL,'Fillmore','Ms.',NULL,NULL,NULL,NULL,NULL,'ON',NULL,'Canada','(905) 721-2365',NULL,NULL,NULL,NULL,NULL,NULL,'http://www.aemma.org/images/bio_photos/bio_noPhotoDbase.jpg','http://www.aemma.org/arms/a/aemma_80.jpg',NULL,'F',0,0,NULL,NULL,0,NULL,NULL,0,NULL,NULL,NULL,NULL,NULL,NULL,0,0,NULL,0,'2006-09-16',0,'ROM',NULL,NULL,NULL,0,NULL,NULL,NULL,1,NULL,NULL,NULL,NULL,NULL,NULL,NULL,NULL,NULL,NULL,NULL,'ROM Medieval Swordsmanship Course - Sep 16 - Oct 28, 2006.'),(268,1,8,1,'AEMMA','Jeffrey',NULL,'Girard','Mr.',NULL,NULL,NULL,NULL,NULL,'ON',NULL,'Canada','(905) 454-8218',NULL,NULL,NULL,NULL,NULL,NULL,'http://www.aemma.org/images/bio_photos/bio_noPhotoDbase.jpg','http://www.aemma.org/arms/a/aemma_80.jpg',NULL,'M',0,0,NULL,NULL,0,NULL,NULL,0,NULL,NULL,NULL,NULL,NULL,NULL,0,0,NULL,0,'2006-09-16',0,'ROM',NULL,NULL,NULL,0,NULL,NULL,NULL,1,NULL,NULL,NULL,NULL,NULL,NULL,NULL,NULL,NULL,NULL,NULL,'ROM Medieval Swordsmanship Course - Sep 16 - Oct 28, 2006.'),(269,1,8,1,'AEMMA','Sydney',NULL,'Hardie','Mr.',NULL,NULL,NULL,NULL,NULL,'ON',NULL,'Canada','(705) 436-5120',NULL,NULL,NULL,NULL,NULL,NULL,'http://www.aemma.org/images/bio_photos/bio_noPhotoDbase.jpg','http://www.aemma.org/arms/a/aemma_80.jpg',NULL,'M',0,0,NULL,NULL,0,NULL,NULL,0,NULL,NULL,NULL,NULL,NULL,NULL,0,0,NULL,0,'2006-09-16',0,'ROM',NULL,NULL,NULL,0,NULL,NULL,NULL,1,NULL,NULL,NULL,NULL,NULL,NULL,NULL,NULL,NULL,NULL,NULL,'ROM Medieval Swordsmanship Course - Sep 16 - Oct 28, 2006.'),(270,1,8,1,'AEMMA','Howie',NULL,'Murray','Mr.',NULL,NULL,NULL,NULL,NULL,'ON',NULL,'Canada','(705) 436-4128',NULL,NULL,NULL,NULL,NULL,NULL,'http://www.aemma.org/images/bio_photos/bio_noPhotoDbase.jpg','http://www.aemma.org/arms/a/aemma_80.jpg',NULL,'M',0,0,NULL,NULL,0,NULL,NULL,0,NULL,NULL,NULL,NULL,NULL,NULL,0,0,NULL,0,'2006-09-16',0,'ROM',NULL,NULL,NULL,0,NULL,NULL,NULL,1,NULL,NULL,NULL,NULL,NULL,NULL,NULL,NULL,NULL,NULL,NULL,'ROM Medieval Swordsmanship Course - Sep 16 - Oct 28, 2006.'),(271,1,8,1,'AEMMA','Neil',NULL,'Nimkar','Mr.',NULL,NULL,NULL,NULL,NULL,'ON',NULL,'Canada','(647) 477-5720',NULL,NULL,NULL,NULL,NULL,NULL,'http://www.aemma.org/images/bio_photos/bio_noPhotoDbase.jpg','http://www.aemma.org/arms/a/aemma_80.jpg',NULL,'M',0,0,NULL,NULL,0,NULL,NULL,0,NULL,NULL,NULL,NULL,NULL,NULL,0,0,NULL,0,'2006-09-16',0,'ROM',NULL,NULL,NULL,0,NULL,NULL,NULL,1,NULL,NULL,NULL,NULL,NULL,NULL,NULL,NULL,NULL,NULL,NULL,'ROM Medieval Swordsmanship Course - Sep 16 - Oct 28, 2006.'),(272,6,2,2,'AEMMA','Ralph',NULL,'Siferd','Mr.','Mr. R. Siferd','2806 Line 8 North, RR2',NULL,NULL,'Oro Station','ON','L0L 2E0','Canada',NULL,NULL,NULL,NULL,'rodent.hill@sympatico.ca',NULL,NULL,'http://www.aemma.org/images/bio_photos/bio_rsiferd.jpg','http://www.aemma.org/arms/a/aemma_80.jpg',NULL,'M',2,0,'Ruth',NULL,0,NULL,NULL,0,NULL,NULL,NULL,NULL,NULL,NULL,0,0,'Ralph was struck on the lower edge of the right orbital socket by a longsword in paired drills . there was a minor contusion which required no first aid June 12 2009.',0,'2006-08-15',0,NULL,'2009-06-28','2009-05-24',NULL,0,NULL,NULL,NULL,1,'2006-08-15',NULL,NULL,NULL,NULL,NULL,NULL,NULL,NULL,NULL,NULL,'For his work and donation of the four herald tabards for the tournament, he is allowed to practice without any fees till the end of 2008. (dcvet - Mar 2008)\r\n\r\nRalph is an artist - painter and leather working. He creates excellent quality and historically accurate scabbards.  Some of his work is visible in the VMP on the AEMMA website.\r\n\r\nRalph is off training due to a non training injury: august 2009'),(273,2,20,2,'AEMMA','Sean','Michael','Winslow','Mr.',NULL,'381 Albany Ave.',NULL,NULL,'Toronto','ON','M5R 3C2','Canada',NULL,NULL,NULL,NULL,'mrspot@gmail.com','Neal Winslow','650-3223532/2692999','http://www.aemma.org/images/bio_photos/bio_swinslow.jpg','http://www.aemma.org/arms/w/winslow_80.jpg','PhD student','M',0,0,NULL,'1987-02-26',0,NULL,NULL,1,'assumed, March 2008','Arms: Argent on a bend Azure, three bees Or.',NULL,NULL,NULL,'UofT',0,0,NULL,1,'2006-10-02',0,NULL,'2008-05-15','2008-04-14',NULL,0,NULL,NULL,NULL,2,'2008-05-25','Ossington','Seans scholar test was attended by scholars and above including: Terry,Aldo,Shawn.Igal,Arriella,Bill brickman,Russ,Ross,Jack, Kel,Frank, Brian, on May 23, 2008 (dcvet - jun 10, 2008)',NULL,NULL,NULL,NULL,NULL,NULL,NULL,NULL,'alternate email: sean.winslow@utoronto.ca\r\n\r\nSean had accepted a project in Ethiopia researching into manuscript culture, having left earlier in Sep and returning to Canada to continue his studies mid-November (dcvet - Sep 2007)\r\n\r\nSean gave a cheque for $135 to cover December\\\\\\\\\\\\\\\\\\\\\\\\\\\\\\\\\\\\\\\\\\\\\\\\\\\\\\\\\\\\\\\\\\\\\\\\\\\\\\\\\\\\\\\\\\\\\\\\\\\\\\\\\\\\\\\\\\\\\\\\\\\\\\\\\\\\\\\\\\\\\\\\\\\\\\\\\\\\\\\\\\\\\\\\\\\\\\\\\\\\\\\\\\\\\\\\\\\\\\\\\\\\\\\\\\\\\\\\\\\\\\\\\\\\\\\\\\\\\\\\\\\\\\\\\\\\\\\\\\\\\\\\\\\\\\\\\\\\\\\\\\\\\\\\\\\\\\\\\\\\\\\\\\\\\\\\\\\\\\\\\\\\\\\\\\\\\\\\\\\\\\\\\\\\\\\\\\\\\\\\\\\\\\\\\\\\\\\\\\\\\\\\\\\\\\\\\\\\\\\\\\\\\\\\\\\\\\\\\\\\\\\\\\\\\\\\\\\\\\\\\\\\\\\\\\\\\\\\\\\\\\\\\\\\\\\\\\\\\\\\\\\\\\\\\\\\\\\\\\\\\\\\\\\\\\\\\\\\\\\\\\\\\\\\\\\\\\\\\\\\\\\\\\\\\\\\\\\\\\\\\\\\\\\\\\\\\\\\\\\\\\\\\\\\\\\\\\\\\\\\\\\\\\\\\\\\\\\\\\\\\\\\\\\\\\\\\\\\\\\\\\\\\\\\\\\\\\\\\\\\\\\\\\\\\\\\\\\\\\\\\\\\\\\\\\\\\\\\\\\\\\\\\\\\\\\\\\\\\\\\\\\\\\\\\\\\\\\\\\\\\\\\\\\\\\\\\\\\\\\\\\\\\\\\\\\\\\\\\\\\\\\\\\\\\\\\\\\\\\\\\\\\\\\\\\\\\\\\\\\\\\\\\\\\\\\\\\\\\\\\\\\\\\\\\\\\\\\\\\\\\\\\\\\\\\\\\\\\\\\\\\\\\\\\\\\\\\\\\\\\\\\\\\\\\\\\\\\\\\\\\\\\\\\\\\\\\\\\\\\\\\\\\\\\\\\\\\\\\\\\\\\\\\\\\\\\\\\\\\\\\\\\\\\\\\\\\\\\\\\\\\\\\\\\\\\\\\\\\\\\\\\\\\\\\\\\\\\\\\\\\\\\\\\\\\\\\\\\\\\\\\\\\\\\\\\\\\\\\\\\\\\\\\\\\\\\\\\\\\\\\\\\\\\\\\\\\\\\\\\\\\\\\\\\\\\\\\\\\\\\\\\\\\\\\\\\\\\\\\\\\\\\\\\\\\\\\\\\\\\\\\\\\\\\\\\\\\\\\\\\\\\\\\\\\\\\\\\\\\\\\\\\\\\\\\\\\\\\\\\\\\\\\\\\\\\\\\\\\\\\\\\\\\\\\\\\\\\\\\\\\\\\\\\\\\\\\\\\\\\\\\\\\\\\\\\\\\\\\\\\\\\\\\\\\\\\\\\\\\\\\\\\\\\\\\\\\\\\\\\\\\\\\\\\\\\\\\\\\\\\\\\\\\\\\\\\\\\\\\\\\\\\\\\\\\\\\\\\\\\\\\\\\\\\\\\\\\\\\\\\\\\\\\\\\\\\\\\\\\\\\\\\\\\\\\\\\\\\\\\\\\\\\\\\\\\\\\\\\\\\\\\\\\\\\\\\\\\\\\\\\\\\\\\\\\\\\\\\\\\\\\\\\\\\\\\\\\\\\\\\\\\\\\\\\\\\\\\\\\\\\\\\\\\\\\\\\\\\\\\\\\\\\\\\\\\\\\\\\\\\\\\\\\\\\\\\\\\\\\\\\\\\\\\\\\\\\\\\\\\\\\\\\\\\\\\\\\\\\\\\\\\\\\\\\\\\\\\\\\\\\\\\\\\\\\\\\\\\\\\\\\\\\\\\\\\\\\\\\\\\\\\\\\\\\\\\\\\\\\\\\\\\\\\\\\\\\\\\\\\\\\\\\\\\\\\\\\\\\\\\\\\\\\\\\\\\\\\\\\\\\\\\\\\\\\\\\\\\\\\\\\\\\\\\\\\\\\\\\\\\\\\\\\\\\\\\\\\\\\\\\\\\\\\\\\\\\\\\\\\\\\\\\\\\\\\\\\\\\\\\\\\\\\\\\\\\\\\\\\\\\\\\\\\\\\\\\\\\\\\\\\\\\\\\\\\\\\\\\\\\\\\\\\\\\\\\\\\\\\\\\\\\\\\\\\\\\\\\\\\\\\\\\\\\\\\\\\\\\\\\\\\\\\\\\\\\\\\\\\\\\\\\\\\\\\\\\\\\\\\\\\\\\\\\\\\\\\\\\\\\\\\\\\\\\\\\\\\\\\\\\\\\\\\\\\\\\\\\\\\\\\\\\\\\\\\\\\\\\\\\\\\\\\\\\\\\\\\\\\\\\\\\\\\\\\\\\\\\\\\\\\\\\\\\\\\\\\\\\\\\\\\\\\\\\\\\\\\\\\\\\\\\\\\\\\\\\\\\\\\\\\\\\\\\\\\\\\\\\\\\\\\\\\\\\\\\\\\\\\\\\\\\\\\\\\\\\\\\\\\\\\\\\\\\\\\\\\\\\\\\\\\\\\\\\\\\\\\\\\\\\\\\\\\\\\\\\\\\\\\\\\\\\\\\\\\\\\\\\\\\\\\\\\\\\\\\\\\\\\\\\\\\\\\\\\\\\\\\\\\\\\\\\\\\\\\\\\\\\\\\\\\\\\\\\\\\\\\\\\\\\\\\\\\\\\\\\\\\\\\\\\\\\\\\\\\\\\\\\\\\\\\\\\\\\\\\\\\\\\\\\\\\\\\\\\\\\\\\\\\\\\\\\\\\\\\\\\\\\\\\\\\\\\\\\\\\\\\\\\\\\\\\\\\\\\\\\\\\\\\\\\\\\\\\\\\\\\\\\\\\\\\\\\\\\\\\\\\\\\\\\\\\\\\\\\\\\\\\\\\\\\\\\\\\\\\\\\\\\\\\\\\\\\\\\\\\\\\\\\\\\\\\\\\\\\\\\\\\\\\\\\\\\\\\\\\\\\\\\\\\\\\\\\\\\\\\\\\\\\\\\\\\\\\\\\\\\\\\\\\\\\\\\\\\\\\\\\\\\\\\\\\\\\\\\\\\\\\\\\\\\\\\\\\\\\\\\\\\\\\\\\\\\\\\\\\\\\\\\\\\\\\\\\\\\\\\\\\\\\\\\\\\\\\\\\\\\\\\\\\\\\\\\\\\\\\\\\\\\\\\\\\\\\\\\\\\\\\\\\\\\\\\\\\\\\\\\\\\\\\\\\\\\\\\\\\\\\\\\\\\\\\\\\\\\\\\\\\\\\\\\\\\\\\\\\\\\\\\\\\\\\\\\\\\\\\\\\\\\\\\\\\\\\\\\\\\\\\\\\\\\\\\\\\\\\\\\\\\\\\\\\\\\\\\\\\\\\\\\\\\\\\\\\\\\\\\\\\\\\\\\\\\\\\\\\\\\\\\\\\\\\\\\\\\\\\\\\\\\\\\\\\\\\\\\\\\\\\\\\\\\\\\\\\\\\\\\\\\\\\\\\\\\\\\\\\\\\\\\\\\\\\\\\\\\\\\\\\\\\\\\\\\\\\\\\\\\\\\\\\\\\\\\\\\\\\\\\\\\\\\\\\\\\\\\\\\\\\\\\\\\\\\\\\\\\\\\\\\\\\\\\\\\\\\\\\\\\\\\\\\\\\\\\\\\\\\\\\\\\\\\\\\\\\\\\\\\\\\\\\\\\\\\\\\\\\\\\\\\\\\\\\\\\\\\\\\\\\\\\\\\\\\\\\\\\\\\\\\\\\\\\\\\\\\\\\\\\\\\\\\\\\\\\\\\\\\\\\\\\\\\\\\\\\\\\\\\\\\\\\\\\\\\\\\\\\\\\\\\\\\\\\\\\\\\\\\\\\\\\\\\\\\\\\\\\\\\\\\\\\\\\\\\\\\\\\\\\\\\\\\\\\\\\\\\\\\\\\\\\\\\\\\\\\\\\\\\\\\\\\\\\\\\\\\\\\\\\\\\\\\\\\\\\\\\\\\\\\\\\\\\\\\\\\\\\\\\\\\\\\\\\\\\\\\\\\\\\\\\\\\\\\\\\\\\\\\\\\\\\\\\\\\\\\\\\\\\\\\\\\\\\\\\\\\\\\\\\\\\\\\\\\\\\\\\\\\\\\\\\\\\\\\\\\\\\\\\\\\\\\\\\\\\\\\\\\\\\\\\\\\\\\\\\\\\\\\\\\\\\\\\\\\\\\\\\\\\\\\\\\\\\\\\\\\\\\\\\\\\\\\\\\\\\\\\\\\\\\\\\\\\\\\\\\\\\\\\\\\\\\\\\\\\\\\\\\\\\\\\\\\\\\\\\\\\\\\\\\\\\\\\\\\\\\\\\\\\\\\\\\\\\\\\\\\\\\\\\\\\\\\\\\\\\\\\\\\\\\\\\\\\\\\\\\\\\\\\\\\\\\\\\\\\\\\\\\\\\\\\\\\\\\\\\\\\\\\\\\'s committed training, and $35 for the book from Toby. (dcvet - Nov 25, 2007)'),(274,3,2,2,'AEMMA','Paul',NULL,'Jones','Mr.',NULL,'83 Gloucester St.','Apt #203',NULL,'Toronto','ON',NULL,'Canada','(416) 929-2235',NULL,NULL,NULL,'thun0r@rogers.com',NULL,NULL,'http://www.aemma.org/images/bio_photos/bio_noPhotoDbase.jpg','http://www.aemma.org/arms/a/aemma_80.jpg','tattoo artist','M',0,0,NULL,'1967-08-27',0,NULL,NULL,0,NULL,NULL,NULL,NULL,NULL,NULL,0,0,NULL,1,'2006-10-02',0,NULL,'2006-12-15','2006-12-04',NULL,0,NULL,NULL,NULL,1,NULL,NULL,NULL,NULL,NULL,NULL,NULL,NULL,NULL,NULL,NULL,'Paul intends to try out training on Mondays only, hence, casual membership.'),(275,3,1,2,'AEMMA','Daniel',NULL,'Roscoe','Mr.','Mr. Daniel Roscoe','Wood B205 2275 Bayview',NULL,NULL,'Toronto','ON',NULL,'Canada',NULL,NULL,NULL,NULL,NULL,'Susan Roscoe','(905) 774-5537','http://www.aemma.org/images/bio_photos/bio_noPhotoDbase.jpg','http://www.aemma.org/arms/a/aemma_80.jpg','student','M',0,0,NULL,'1987-09-21',0,NULL,NULL,0,NULL,NULL,NULL,NULL,NULL,NULL,0,0,NULL,0,'2006-09-13',0,NULL,'2006-09-30','2006-09-13',NULL,0,NULL,NULL,NULL,1,NULL,NULL,NULL,NULL,NULL,NULL,NULL,NULL,NULL,NULL,NULL,NULL),(276,2,1,4,'AEMMA','Clovis',NULL,'Kari','Mr.','Mr. C. Kari','74 West Oak Crescent',NULL,NULL,'Toronto','ON','M9N 3Z7','Canada','(416) 241-2041',NULL,NULL,NULL,'clovis.kari@gmail.com','Percy Rajchgot','(416) 665-8515','http://www.aemma.org/images/bio_photos/bio_ckari.jpg','http://www.aemma.org/arms/k/kari_80.jpg','student','M',1,0,NULL,'1990-05-18',0,NULL,NULL,0,NULL,'Arms:  	Per bend Gules and Argent, in chief a wolf guardant Sable armed and langued Gules and in base, a toad Or.',NULL,NULL,NULL,NULL,0,0,NULL,1,'2006-09-10',0,NULL,'2009-09-01','2009-02-09','allergies : hay fever',0,NULL,NULL,NULL,2,'2008-12-21','Ossington',NULL,NULL,NULL,NULL,NULL,NULL,NULL,NULL,NULL,'Under family package with Paul Laurendeau - post-dated cheques from Paul.\r\n'),(277,3,2,4,'AEMMA','Paul',NULL,'Laurendeau','Dr.','Paul Laurendeau, Ph.D.','74 West Oak Crescent',NULL,NULL,'Toronto','ON','M9N 3Z7','Canada','(416) 241-2041','(416) 736-2100x77071',NULL,NULL,'p-laurendeau@hotmail.com','Robert Laham','(416) 241-2041','http://www.aemma.org/images/bio_photos/bio_plaurendean.jpg','http://www.aemma.org/arms/a/aemma_80.jpg','university professor','M',1,0,NULL,'1958-06-19',0,NULL,NULL,0,NULL,NULL,'Ph.D.',NULL,'Ph.D.',NULL,0,0,NULL,1,'2006-09-10',0,NULL,'2009-08-01','2009-02-09',NULL,0,NULL,NULL,NULL,1,NULL,NULL,NULL,NULL,NULL,NULL,NULL,NULL,NULL,NULL,NULL,'Paul and Pamphile moved to Montreal earlier in 2009. (dcvet sep 2009)\r\nFamily package - son Clovis Kari\r\nalternative email: paull@yorku.ca'),(278,3,1,3,'AEMMA','Mark',NULL,'Rocha','Mr.','Mr. Mark Rocha','462 Whitmore',NULL,NULL,'Toronto','ON','M6E 2N7','Canada','(416) 784-5084','(416) 784-5084',NULL,NULL,'mark.rocha@gmail.com',NULL,NULL,'http://www.aemma.org/images/bio_photos/bio_noPhotoDbase.jpg','http://www.aemma.org/arms/a/aemma_80.jpg','network administrator','M',0,0,NULL,'1978-04-05',0,NULL,NULL,0,NULL,NULL,NULL,NULL,'Univ.',NULL,0,0,NULL,0,'2006-09-10',0,NULL,'2007-02-15','2006-09-10',NULL,0,NULL,NULL,NULL,1,NULL,NULL,NULL,NULL,NULL,NULL,NULL,NULL,NULL,NULL,NULL,'Feb 22,2007:\r\nI will not be able to attend further classes in the near future due to commitments at work. My hope is to once again continue training in the future however. I look forward to continueing my training with AEMMA in the future, it is with sadness that I need to withdraw. Until we meet again.\r\nMark Rocha'),(279,3,1,1,'AEMMA','Andrew',NULL,'Holding','Mr.',NULL,'276 St. Clair Ave. West',NULL,NULL,'Toronto','ON','M4V 1R9','Canada','(416) 873-1273','(416) 873-1273',NULL,NULL,NULL,NULL,NULL,'http://www.aemma.org/images/bio_photos/bio_noPhotoDbase.jpg','http://www.aemma.org/arms/a/aemma_80.jpg','contract painter','M',0,0,NULL,'1962-09-25',0,NULL,NULL,0,NULL,NULL,NULL,NULL,'2yr university',NULL,0,0,NULL,0,'2006-03-04',0,NULL,NULL,NULL,NULL,0,NULL,NULL,NULL,1,NULL,NULL,NULL,NULL,NULL,NULL,NULL,NULL,NULL,NULL,NULL,NULL),(280,3,1,2,'AEMMA','Robin',NULL,'Fenten','Mr.',NULL,NULL,NULL,NULL,'Toronto','ON',NULL,'Canada',NULL,NULL,NULL,NULL,NULL,NULL,NULL,'http://www.aemma.org/images/bio_photos/bio_noPhotoDbase.jpg','http://www.aemma.org/arms/a/aemma_80.jpg',NULL,'',0,0,NULL,NULL,0,NULL,NULL,0,NULL,NULL,NULL,NULL,NULL,NULL,0,0,NULL,0,NULL,0,NULL,'2006-11-30','2006-10-11',NULL,0,NULL,NULL,NULL,1,NULL,NULL,NULL,NULL,NULL,NULL,NULL,NULL,NULL,NULL,NULL,'Incomplete record for Robin.  The first round of payments went to Shawn. Received $180 for Oct and Nov training as committed. (Oct 9 - dcvet)'),(281,3,2,3,'AEMMA','Joel','R.','Cormode','Mr.','Mr. Joel R. Cormode','89 McCaul St.','Apt 913',NULL,'Toronto','ON','M5T 2X3','Canada',NULL,NULL,NULL,NULL,'jrcormode@yahoo.com',NULL,NULL,'http://www.aemma.org/images/bio_photos/bio_jcormode.jpg','http://www.aemma.org/arms/a/aemma_80.jpg','high school teacher','M',1,0,NULL,NULL,0,NULL,NULL,0,NULL,NULL,NULL,NULL,NULL,NULL,0,0,NULL,1,'2006-10-16',0,NULL,'2007-07-15','2007-03-19',NULL,0,NULL,NULL,NULL,1,NULL,NULL,NULL,NULL,NULL,NULL,NULL,NULL,NULL,NULL,NULL,'AEMMA: long term absence survey - Apr 4, 2008\r\nDavid,\r\nI think we discussed some of these things when I cam in and told you that I could not continue coming to AEMMA.  I like surveys.  Here you go\r\n1.  Why did you visit AEMMA in the first place?\r\nI know both Brian and Kel through the SCA and I have a life long interest in swordmanship.\r\n2.  Did the training at AEMMA meet your expectations while training? If not, what was missing?\r\nYes and no.  Having done other martial activities in the past I found myself in the recruit classes at times impatient to move on to more challanging activities.  At the same time I recognized the impatience for what it was and accepted the discipline of the program in order to develop the skills that were being taught.  I did find my own lack of measurable progress frustrating.\r\nI found the requirements to move to the next level of training to be vague.  I was never certain and am still not certain what a person must do.\r\nThat the Fiore and other manuscripts are not available in tangible form is disappointing.  The electronic versions are difficult to access and there is no indication which of the various electronic versions is considered the authoritative one by the instructors.\r\nThe sword in two hands is of much greater interest to me than the arming sword.  The sword in two hands is not taught at the recruit level.  I understand the reasons why AEMMA is set up that way but I did find it disappointing.\r\n3.  What recommendations would you suggest to improve AEMMA, its training facilities, training program, its people?\r\nNone that I did not address already in #2.\r\n4.  What do you/did you think of the instructors? Offer a brief explanation.\r\nIn terms of specific analysis of individuals?  I am not a match for Kel\\\\\\\'s teaching style.  That is something that will vary from person to person. \r\nI understand the importance of having senior members of the salle teach, but at times it created a chaotic feeling.\r\n5.  Did you feel that the monthly training fees mapped well with the services offered?  How do the fees compare to other martial arts schools you know of?\r\nI do not recall what I paid for Tae Kwon Do back in 1995, but I am certain that in absolute dollars AEMMA is probably less expensive.  I know that it is less than some of the martial arts organizations I have investigated in the past year or so.  More than the price however I found the payment plan off-putting.  Requiring payment for 6 months in advance may be good business sense (and perhaps even demonstrates commitment on the part of the student) but it was something I found to be a financial burden.\r\nThe only service offered by AEMMA I ever used were the AEMMA classes so I cannot comment outside of that.\r\n6.  How long did you train at AEMMA before leaving the Academy?\r\nOff and on from early 2004 to mid 2007.  At first I went to two sessions a week but towards the end I could only come to one session a week.\r\n7.  What caused your long-term absence (no details, just high level description)?\r\nCost and schedule.  In spite of AEMMA\\\\\\\'s low cost compared to other martial arts organizations I found that I could not afford it.  Evening sessions (particularly late evening sessions) were a difficult time for me to attend.  Sunday morning sessions are impossible for me to attend.\r\n8.  What changes or enhancements to AEMMA would be enough for you to consider returning to practices?\r\nAfternoon sessions would fit my own schedule much more easily than evening sessions. \r\n9.  Would you have any general comments or opinions about AEMMA?\r\nI enjoyed the program and regret that I cannot continue in it.  I do recommend it to people I meet who show an interest in swordsmanship.\r\nJoel Cormode\r\n**************************************\r\nJoel had trained with AEMMA approximately 18 months ago, but left due to work and domestic issues.  He has returned, training only Mondays as casual until his schedule and free time improves. (Oct 2006 - dcvet)\r\nJoel had submitted 4 post-dated cheques @ $65, last cheque dated Jun 15 2007 (Mar 19, 2007 - dcvet)'),(282,3,4,2,'AEMMA','Kirill',NULL,'Kaplun','Mr.',NULL,'505 Cummer Ave',NULL,NULL,'North York','ON','L6A 2N5','Canada','416 222-2852',NULL,NULL,'416 271 4270','kirill187@hotmail.com',NULL,'416 222 2852','http://www.aemma.org/images/bio_photos/bio_kirill.jpg','http://www.aemma.org/arms/a/aemma_80.jpg','Call Center Supervisor','M',0,0,NULL,'1985-04-18',0,NULL,NULL,0,NULL,NULL,NULL,NULL,NULL,NULL,0,0,NULL,1,'2006-11-11',0,'AEMMA website','2007-06-30','2007-06-09',NULL,0,NULL,NULL,NULL,0,NULL,NULL,NULL,NULL,NULL,NULL,NULL,NULL,NULL,NULL,NULL,NULL),(283,3,1,4,'AEMMA','Gillian',NULL,'Chesnais','Mr.',NULL,'12 Sudbury Street','Unit 101',NULL,'Toronto','ON','M2J 3W7','Canada','416 598-5405',NULL,NULL,'416 666-5467','deamonkicker@hotmail.com','Nicole Chesnais','416 670-5403','http://www.aemma.org/images/bio_photos/bio_gchesnais.jpg','http://www.aemma.org/arms/a/aemma_80.jpg','student','M',0,0,NULL,'1990-04-02',0,NULL,NULL,0,NULL,NULL,NULL,NULL,NULL,NULL,0,0,NULL,1,'2006-11-06',0,NULL,'2008-05-15','2007-12-23','secondary contact: Alain Chesnais, 416-598-5405',0,NULL,NULL,NULL,1,NULL,NULL,NULL,NULL,NULL,NULL,NULL,NULL,NULL,NULL,NULL,NULL),(284,3,2,3,'AEMMA','Ilian',NULL,'Iliev','Mr.',NULL,'2244 Seton Crescent',NULL,NULL,'Burlington','ON','L7L 6Y4','Canada','416 819 3031',NULL,NULL,'416 706-1622',NULL,'Wife','416 819 3031','http://www.aemma.org/images/bio_photos/bio_noPhotoDbase.jpg','http://www.aemma.org/arms/a/aemma_80.jpg','Real Estate Agent','M',0,0,NULL,'1974-12-11',0,NULL,NULL,0,NULL,NULL,NULL,NULL,NULL,NULL,0,0,NULL,1,'2006-11-12',0,NULL,'2008-03-15','2008-01-19',NULL,0,NULL,NULL,NULL,1,NULL,NULL,NULL,NULL,NULL,NULL,NULL,NULL,NULL,NULL,NULL,NULL),(285,4,4,3,'AEMMA','Henrietta',NULL,'Iggulden','Mr.',NULL,'509-1765 Victoria Park Ave.',NULL,NULL,'Scarborough','ON','M1R 1S5','Canada','416.752.7803',NULL,NULL,NULL,NULL,NULL,NULL,'http://www.aemma.org/images/bio_photos/bio_noPhotoDbase.jpg','http://www.aemma.org/arms/a/aemma_80.jpg',NULL,'F',0,0,NULL,NULL,0,NULL,NULL,0,NULL,NULL,NULL,NULL,NULL,NULL,0,0,NULL,0,'2007-01-06',0,'Father','2007-05-15','2007-01-06',NULL,0,NULL,NULL,'David Iggulden\\\\\\\\\\\\\\\\\\\\\\\\\\\\\\\'s daughter. Interested in TTAC3',1,NULL,NULL,NULL,NULL,NULL,NULL,NULL,NULL,NULL,NULL,NULL,NULL),(287,3,1,2,'AEMMA','Kent',NULL,'Cottle','Mr.','Mr. Kent Cottle','61 Genthorn Ave.',NULL,NULL,'Toronto','ON','M9W 2T1','Canada',NULL,'416-745-7754',NULL,'416-587-7551','kpcottle@hotmail.com','Donna Cottle','416-895-7754','http://www.aemma.org/images/bio_photos/bio_kcottle.jpg','http://www.aemma.org/arms/a/aemma_80.jpg','pool supervisor/student','M',0,0,NULL,'1984-10-06',0,NULL,NULL,0,NULL,NULL,NULL,NULL,'college',NULL,0,0,NULL,1,'2007-01-24',0,NULL,'2008-04-15','2008-01-30',NULL,0,NULL,NULL,NULL,1,NULL,NULL,NULL,NULL,NULL,NULL,NULL,NULL,NULL,NULL,NULL,'paid initial payment in cash $300\r\n- cash for 3-months, $300 Nov 1, Dec 1, Jan 1 2008 (dcvet - Oct 29, 07)'),(288,3,4,2,'AEMMA','Catherine',NULL,'Canham','Mr.','Ms. C. Canham','3 Dean Dr','Suite 1806',NULL,'North York','ON','M2K 3C2','Canada','(416) 997-1806','(416) 997-1806',NULL,'(416) 997-1806','qac@fcibroadband.com','Dr. Mesensky',NULL,'http://www.aemma.org/images/bio_photos/bio_ccanham.jpg','http://www.aemma.org/arms/a/aemma_80.jpg','contractor','F',0,0,NULL,'1963-06-12',0,NULL,NULL,0,NULL,NULL,NULL,NULL,'college',NULL,0,0,NULL,0,'2007-01-27',0,NULL,'2007-12-15','2007-09-20',NULL,0,NULL,NULL,NULL,0,NULL,NULL,NULL,NULL,NULL,NULL,NULL,NULL,NULL,NULL,NULL,NULL),(291,3,2,2,'AEMMA','Laurel',NULL,'Morgan','Ms.','Ms. L. Morgan','5-157 Wychwood Ave.',NULL,NULL,'Toronto','ON','M6C 2T1','Canada',NULL,NULL,NULL,'416-722-3197','morgaine_wood@yahoo.ca',NULL,NULL,'http://www.aemma.org/images/bio_photos/bio_lmorgan.jpg','http://www.aemma.org/arms/a/aemma_80.jpg','film crew','F',0,0,NULL,'1972-12-21',0,NULL,NULL,0,NULL,NULL,NULL,NULL,NULL,NULL,0,0,NULL,1,'2007-01-24',0,NULL,'2007-02-28','2007-02-21',NULL,0,NULL,NULL,NULL,0,NULL,NULL,NULL,NULL,NULL,NULL,NULL,NULL,NULL,NULL,NULL,'Laurel was brought in by Jaye.  If Laurel signs up for 6 months (post-dated chequest), Jaye will have a free month. Laurel will also need to refill the membership application form as the original had been misplaced. (DC - Feb 22, 2007)'),(289,3,1,4,'AEMMA','Kyon',NULL,'Bina-Smith','Mr.','Mr. Kyon Bina-Smith','7 Ellis Gardens',NULL,NULL,'Toronto','ON',NULL,'Canada','416-604-7253',NULL,NULL,'416-988-7841','smithpainting@sympatico.ca',NULL,NULL,'http://www.aemma.org/images/bio_photos/bio_noPhotoDbase.jpg','http://www.aemma.org/arms/a/aemma_80.jpg',NULL,'',0,0,NULL,'1988-08-04',0,NULL,NULL,0,NULL,NULL,NULL,NULL,NULL,NULL,0,0,NULL,0,'2007-01-31',0,NULL,'2007-06-15','2007-01-31',NULL,0,NULL,NULL,NULL,1,NULL,NULL,NULL,NULL,NULL,NULL,NULL,NULL,NULL,NULL,NULL,'Kyon is the step son? of Kevin Smith. Monthly family plan.'),(290,3,1,4,'AEMMA','Kevin','Malcolm','Smith','Mr.','Mr. Kevin M. Smith','7 Ellis Gardens',NULL,NULL,'Toronto','ON',NULL,'Canada','416-604-7253','416-604-7253',NULL,'416-988-9571','smithpainting@sympatico.ca',NULL,NULL,'http://www.aemma.org/images/bio_photos/bio_noPhotoDbase.jpg','http://www.aemma.org/arms/a/aemma_80.jpg','painter contractor','M',0,0,NULL,'1959-05-24',0,NULL,NULL,0,NULL,NULL,NULL,NULL,NULL,NULL,0,0,NULL,1,'2007-01-31',0,'web search','2007-06-15','2007-01-31',NULL,0,NULL,NULL,NULL,1,NULL,NULL,NULL,NULL,NULL,NULL,NULL,NULL,NULL,NULL,NULL,'AEMMA: long absence survey - Apr 4, 2008\r\nHi David, Actually Keyon and myself enjoyed the classes.I don\\\\\\\'t know if you remember but Keyon was dealing with some issues at the time and still is to some extent,focusing, fear, anxiety. I am sure Keyon is still very interestd.We use our swords all the time in the back yard in the house on trips up north etc. he wants to use them all the time.As far as changeing things. I enjoyed it.Found everyone to be very helpful and understanding towards Keyon .At that particular time we were really struggleing to find a solution to Keyons problem and I did not explain my situation with him very well at the time to you.It has affected everyone in our family.He has not attended school for three years until recently,a co-op program.He is now waiting for a job placement to gain some credits he has missed.Thanks for your concern, I think your club was great. Kevin Smith \r\n***************************\r\nKevin and Kyon are part of the family plan. 5 Cheques for monthly fees of $165. Paid cash for February of $80 (special by D.Cvet)'),(292,1,8,1,'AEMMA','Christian',NULL,'Bonner','Mr.',NULL,NULL,NULL,NULL,NULL,'ON',NULL,'Canada','(416) 484-3768',NULL,NULL,NULL,NULL,NULL,NULL,'http://www.aemma.org/images/bio_photos/bio_noPhotoDbase.jpg','http://www.aemma.org/arms/a/aemma_80.jpg',NULL,'M',0,0,NULL,NULL,0,NULL,NULL,0,NULL,NULL,NULL,NULL,NULL,NULL,0,0,NULL,0,'2007-01-06',0,'ROM','2007-02-10',NULL,NULL,0,NULL,NULL,NULL,1,NULL,NULL,NULL,NULL,NULL,NULL,NULL,NULL,NULL,NULL,NULL,NULL),(293,1,8,1,'AEMMA','Gerry',NULL,'Bortolussi','Mr.',NULL,NULL,NULL,NULL,NULL,'ON',NULL,'Canada','(416) 703-5591',NULL,NULL,NULL,NULL,NULL,NULL,'http://www.aemma.org/images/bio_photos/bio_noPhotoDbase.jpg','http://www.aemma.org/arms/a/aemma_80.jpg',NULL,'M',0,0,NULL,NULL,0,NULL,NULL,0,NULL,NULL,NULL,NULL,NULL,NULL,0,0,NULL,0,'2007-01-06',0,'ROM','2007-02-10',NULL,NULL,0,NULL,NULL,NULL,1,NULL,NULL,NULL,NULL,NULL,NULL,NULL,NULL,NULL,NULL,NULL,NULL),(294,1,8,1,'AEMMA','Anthony',NULL,'Corriero','Mr.',NULL,NULL,NULL,NULL,NULL,'ON',NULL,'Canada',NULL,NULL,NULL,NULL,NULL,NULL,NULL,'http://www.aemma.org/images/bio_photos/bio_noPhotoDbase.jpg','http://www.aemma.org/arms/a/aemma_80.jpg',NULL,'M',0,0,NULL,NULL,0,NULL,NULL,0,NULL,NULL,NULL,NULL,NULL,NULL,0,0,NULL,0,'2007-01-06',0,'ROM','2007-02-10',NULL,NULL,0,NULL,NULL,NULL,1,NULL,NULL,NULL,NULL,NULL,NULL,NULL,NULL,NULL,NULL,NULL,NULL),(295,1,8,1,'AEMMA','Miranda',NULL,'de Quadros','Ms.',NULL,NULL,NULL,NULL,NULL,'ON',NULL,'Canada','(416) 651-8039',NULL,NULL,NULL,NULL,NULL,NULL,'http://www.aemma.org/images/bio_photos/bio_noPhotoDbase.jpg','http://www.aemma.org/arms/a/aemma_80.jpg',NULL,'F',0,0,NULL,NULL,0,NULL,NULL,0,NULL,NULL,NULL,NULL,NULL,NULL,0,0,NULL,0,'2007-01-06',0,NULL,'2007-02-10',NULL,NULL,0,NULL,NULL,NULL,1,NULL,NULL,NULL,NULL,NULL,NULL,NULL,NULL,NULL,NULL,NULL,NULL),(296,1,8,1,'AEMMA','Anna',NULL,'Dowbiggin','Ms.',NULL,NULL,NULL,NULL,NULL,'ON',NULL,'Canada','(416) 488-4678',NULL,NULL,NULL,NULL,NULL,NULL,'http://www.aemma.org/images/bio_photos/bio_noPhotoDbase.jpg','http://www.aemma.org/arms/a/aemma_80.jpg',NULL,'F',0,0,NULL,NULL,0,NULL,NULL,0,NULL,NULL,NULL,NULL,NULL,NULL,0,0,NULL,0,'2007-01-06',0,NULL,'2007-02-10',NULL,NULL,0,NULL,NULL,NULL,1,NULL,NULL,NULL,NULL,NULL,NULL,NULL,NULL,NULL,NULL,NULL,NULL),(297,1,8,1,'AEMMA','Pirjo',NULL,'Friedman','Mr.',NULL,NULL,NULL,NULL,NULL,'ON',NULL,'Canada','(416) 922-3696',NULL,NULL,NULL,NULL,NULL,NULL,'http://www.aemma.org/images/bio_photos/bio_noPhotoDbase.jpg','http://www.aemma.org/arms/a/aemma_80.jpg',NULL,'M',0,0,NULL,NULL,0,NULL,NULL,0,NULL,NULL,NULL,NULL,NULL,NULL,0,0,NULL,0,'2007-01-06',0,'ROM','2007-02-10',NULL,NULL,0,NULL,NULL,NULL,1,NULL,NULL,NULL,NULL,NULL,NULL,NULL,NULL,NULL,NULL,NULL,NULL),(298,1,8,1,'AEMMA','Tamar',NULL,'Friedman','Ms.',NULL,NULL,NULL,NULL,NULL,'ON',NULL,'Canada','(416) 922-3696',NULL,NULL,NULL,NULL,NULL,NULL,'http://www.aemma.org/images/bio_photos/bio_noPhotoDbase.jpg','http://www.aemma.org/arms/a/aemma_80.jpg',NULL,'F',0,0,NULL,NULL,0,NULL,NULL,0,NULL,NULL,NULL,NULL,NULL,NULL,0,0,NULL,0,'2007-01-06',0,'ROM','2007-02-10',NULL,NULL,0,NULL,NULL,NULL,1,NULL,NULL,NULL,NULL,NULL,NULL,NULL,NULL,NULL,NULL,NULL,NULL),(299,1,8,1,'AEMMA','Joshua',NULL,'Garratt','Mr.',NULL,NULL,NULL,NULL,NULL,'ON',NULL,'Canada','(905) 889-5222',NULL,NULL,NULL,NULL,NULL,NULL,'http://www.aemma.org/images/bio_photos/bio_noPhotoDbase.jpg','http://www.aemma.org/arms/a/aemma_80.jpg',NULL,'M',0,0,NULL,NULL,0,NULL,NULL,0,NULL,NULL,NULL,NULL,NULL,NULL,0,0,NULL,0,'2007-01-06',0,'ROM','2007-02-10',NULL,NULL,0,NULL,NULL,NULL,1,NULL,NULL,NULL,NULL,NULL,NULL,NULL,NULL,NULL,NULL,NULL,NULL),(300,1,8,1,'AEMMA','Jordon',NULL,'Hart Bishop','Mr.',NULL,NULL,NULL,NULL,NULL,'ON',NULL,'Canada','(416) 658-6467',NULL,NULL,NULL,NULL,NULL,NULL,'http://www.aemma.org/images/bio_photos/bio_noPhotoDbase.jpg','http://www.aemma.org/arms/a/aemma_80.jpg',NULL,'M',0,0,NULL,NULL,0,NULL,NULL,0,NULL,NULL,NULL,NULL,NULL,NULL,0,0,NULL,0,'2007-01-06',0,'ROM','2007-02-10',NULL,NULL,0,NULL,NULL,NULL,1,NULL,NULL,NULL,NULL,NULL,NULL,NULL,NULL,NULL,NULL,NULL,NULL),(301,1,8,1,'AEMMA','Stuart','L.','Hodgins','Mr.',NULL,NULL,NULL,NULL,NULL,'ON',NULL,'Canada','H:416-233-4653',NULL,NULL,NULL,NULL,NULL,NULL,'http://www.aemma.org/images/bio_photos/bio_noPhotoDbase.jpg','http://www.aemma.org/arms/a/aemma_80.jpg',NULL,'M',0,0,NULL,NULL,0,NULL,NULL,0,NULL,NULL,NULL,NULL,NULL,NULL,0,0,NULL,0,'2007-01-06',0,'ROM','2007-02-10',NULL,NULL,0,NULL,NULL,NULL,1,NULL,NULL,NULL,NULL,NULL,NULL,NULL,NULL,NULL,NULL,NULL,NULL),(302,1,8,1,'AEMMA','Mark',NULL,'Hukezalie','Mr.',NULL,NULL,NULL,NULL,NULL,'ON',NULL,'Canada','(416) 932-8494',NULL,NULL,NULL,NULL,NULL,NULL,'http://www.aemma.org/images/bio_photos/bio_noPhotoDbase.jpg','http://www.aemma.org/arms/a/aemma_80.jpg',NULL,'M',0,0,NULL,NULL,0,NULL,NULL,0,NULL,NULL,NULL,NULL,NULL,NULL,0,0,NULL,0,'2007-01-06',0,'ROM','2007-02-10',NULL,NULL,0,NULL,NULL,NULL,1,NULL,NULL,NULL,NULL,NULL,NULL,NULL,NULL,NULL,NULL,NULL,NULL),(303,1,8,1,'AEMMA','Michael',NULL,'Messinger','Mr.',NULL,NULL,NULL,NULL,NULL,'ON',NULL,'Canada','(416) 483-3843-6',NULL,NULL,NULL,NULL,NULL,NULL,'http://www.aemma.org/images/bio_photos/bio_noPhotoDbase.jpg','http://www.aemma.org/arms/a/aemma_80.jpg',NULL,'M',0,0,NULL,NULL,0,NULL,NULL,0,NULL,NULL,NULL,NULL,NULL,NULL,0,0,NULL,0,'2007-01-06',0,'ROM','2007-02-10',NULL,NULL,0,NULL,NULL,NULL,1,NULL,NULL,NULL,NULL,NULL,NULL,NULL,NULL,NULL,NULL,NULL,NULL),(304,1,8,1,'AEMMA','Eric',NULL,'Morton','Mr.',NULL,NULL,NULL,NULL,NULL,'ON',NULL,'Canada','905-791-8638',NULL,NULL,NULL,NULL,NULL,NULL,'http://www.aemma.org/images/bio_photos/bio_noPhotoDbase.jpg','http://www.aemma.org/arms/a/aemma_80.jpg',NULL,'M',0,0,NULL,NULL,0,NULL,NULL,0,NULL,NULL,NULL,NULL,NULL,NULL,0,0,NULL,0,'2007-01-06',0,'ROM','2007-02-10',NULL,NULL,0,NULL,NULL,NULL,1,NULL,NULL,NULL,NULL,NULL,NULL,NULL,NULL,NULL,NULL,NULL,NULL),(305,1,8,1,'AEMMA','Russell',NULL,'Moses','Mr.',NULL,NULL,NULL,NULL,NULL,'ON',NULL,'Canada','(416) 802-0172',NULL,NULL,NULL,NULL,NULL,NULL,'http://www.aemma.org/images/bio_photos/bio_noPhotoDbase.jpg','http://www.aemma.org/arms/a/aemma_80.jpg',NULL,'M',0,0,NULL,NULL,0,NULL,NULL,0,NULL,NULL,NULL,NULL,NULL,NULL,0,0,NULL,0,'2007-01-06',0,'ROM','2007-02-10',NULL,NULL,0,NULL,NULL,NULL,1,NULL,NULL,NULL,NULL,NULL,NULL,NULL,NULL,NULL,NULL,NULL,NULL),(306,1,8,1,'AEMMA','D.','Allen','Munro','Mr.',NULL,NULL,NULL,NULL,NULL,'ON',NULL,'Canada','(416) 483-1515',NULL,NULL,NULL,NULL,NULL,NULL,'http://www.aemma.org/images/bio_photos/bio_noPhotoDbase.jpg','http://www.aemma.org/arms/a/aemma_80.jpg',NULL,'M',0,0,NULL,NULL,0,NULL,NULL,0,NULL,NULL,NULL,NULL,NULL,NULL,0,0,NULL,0,'2007-01-06',0,'ROM','2007-02-10',NULL,NULL,0,NULL,NULL,NULL,1,NULL,NULL,NULL,NULL,NULL,NULL,NULL,NULL,NULL,NULL,NULL,NULL),(307,1,8,1,'AEMMA','Dermot',NULL,'OCarroll','Mr.',NULL,NULL,NULL,NULL,NULL,'ON',NULL,'Canada','(416) 484-0775',NULL,NULL,NULL,NULL,NULL,NULL,'http://www.aemma.org/images/bio_photos/bio_noPhotoDbase.jpg','http://www.aemma.org/arms/a/aemma_80.jpg',NULL,'M',0,0,NULL,NULL,0,NULL,NULL,0,NULL,NULL,NULL,NULL,NULL,NULL,0,0,NULL,0,'2007-01-06',0,'ROM','2007-02-10',NULL,NULL,0,NULL,NULL,NULL,1,NULL,NULL,NULL,NULL,NULL,NULL,NULL,NULL,NULL,NULL,NULL,NULL),(308,1,8,1,'AEMMA','Leon',NULL,'Wu','Mr.',NULL,NULL,NULL,NULL,NULL,'ON',NULL,'Canada','(416) 817-8565',NULL,NULL,NULL,NULL,NULL,NULL,'http://www.aemma.org/images/bio_photos/bio_noPhotoDbase.jpg','http://www.aemma.org/arms/a/aemma_80.jpg',NULL,'M',0,0,NULL,NULL,0,NULL,NULL,0,NULL,NULL,NULL,NULL,NULL,NULL,0,0,NULL,0,'2007-01-06',0,'ROM','2007-02-10',NULL,NULL,0,NULL,NULL,NULL,1,NULL,NULL,NULL,NULL,NULL,NULL,NULL,NULL,NULL,NULL,NULL,NULL),(309,1,8,1,'AEMMA','Linda',NULL,'Stein','Ms.',NULL,NULL,NULL,NULL,NULL,'ON',NULL,'Canada','416-239-0348',NULL,NULL,NULL,NULL,NULL,NULL,'http://www.aemma.org/images/bio_photos/bio_noPhotoDbase.jpg','http://www.aemma.org/arms/a/aemma_80.jpg',NULL,'M',0,0,NULL,NULL,0,NULL,NULL,0,NULL,NULL,NULL,NULL,NULL,NULL,0,0,NULL,0,'2007-01-06',0,'ROM','2007-02-10',NULL,NULL,0,NULL,NULL,NULL,1,NULL,NULL,NULL,NULL,NULL,NULL,NULL,NULL,NULL,NULL,NULL,NULL),(310,1,8,1,'AEMMA','Lyle',NULL,'Stein','Mr.',NULL,NULL,NULL,NULL,NULL,'ON',NULL,'Canada','416-239-0348',NULL,NULL,NULL,NULL,NULL,NULL,'http://www.aemma.org/images/bio_photos/bio_noPhotoDbase.jpg','http://www.aemma.org/arms/a/aemma_80.jpg',NULL,'M',0,0,NULL,NULL,0,NULL,NULL,0,NULL,NULL,NULL,NULL,NULL,NULL,0,0,NULL,0,'2007-01-06',0,'ROM','2007-02-10',NULL,NULL,0,NULL,NULL,NULL,1,NULL,NULL,NULL,NULL,NULL,NULL,NULL,NULL,NULL,NULL,NULL,NULL),(311,1,8,1,'AEMMA','Patrick',NULL,'Stein','Mr.',NULL,NULL,NULL,NULL,NULL,'ON',NULL,'Canada','416-239-0348',NULL,NULL,NULL,NULL,NULL,NULL,'http://www.aemma.org/images/bio_photos/bio_noPhotoDbase.jpg','http://www.aemma.org/arms/a/aemma_80.jpg',NULL,'M',0,0,NULL,NULL,0,NULL,NULL,0,NULL,NULL,NULL,NULL,NULL,NULL,0,0,NULL,0,'2007-01-06',0,'ROM','2007-02-10',NULL,NULL,0,NULL,NULL,NULL,1,NULL,NULL,NULL,NULL,NULL,NULL,NULL,NULL,NULL,NULL,NULL,NULL),(312,1,8,1,'AEMMA','Matthew',NULL,'Stein','Mr.',NULL,NULL,NULL,NULL,NULL,'ON',NULL,'Canada','416-239-0348',NULL,NULL,NULL,NULL,NULL,NULL,'http://www.aemma.org/images/bio_photos/bio_noPhotoDbase.jpg','http://www.aemma.org/arms/a/aemma_80.jpg',NULL,'M',0,0,NULL,NULL,0,NULL,NULL,0,NULL,NULL,NULL,NULL,NULL,NULL,0,0,NULL,0,'2007-01-06',0,'ROM','2007-02-10',NULL,NULL,0,NULL,NULL,NULL,1,NULL,NULL,NULL,NULL,NULL,NULL,NULL,NULL,NULL,NULL,NULL,NULL),(314,1,9,1,'AEMMA','Mark',NULL,'Handley-Derry','Mr.',NULL,NULL,NULL,NULL,NULL,'ON',NULL,'Canada','(416) 690-4705',NULL,NULL,NULL,NULL,NULL,NULL,'http://www.aemma.org/images/bio_photos/bio_noPhotoDbase.jpg','http://www.aemma.org/arms/a/aemma_80.jpg',NULL,'M',0,0,NULL,NULL,0,NULL,NULL,0,NULL,NULL,NULL,NULL,NULL,NULL,0,0,NULL,0,'2006-11-04',0,'ROM','2006-11-25',NULL,NULL,0,NULL,NULL,NULL,1,NULL,NULL,NULL,NULL,NULL,NULL,NULL,NULL,NULL,NULL,NULL,NULL),(315,1,9,1,'AEMMA','Nahum',NULL,'Sloan','Mr.',NULL,NULL,NULL,NULL,NULL,'ON',NULL,'Canada','(416) 698-1234',NULL,NULL,NULL,NULL,NULL,NULL,'http://www.aemma.org/images/bio_photos/bio_noPhotoDbase.jpg','http://www.aemma.org/arms/a/aemma_80.jpg',NULL,'M',0,0,NULL,NULL,0,NULL,NULL,0,NULL,NULL,NULL,NULL,NULL,NULL,0,0,NULL,0,'2006-11-04',0,'ROM','2006-11-25',NULL,NULL,0,NULL,NULL,NULL,1,NULL,NULL,NULL,NULL,NULL,NULL,NULL,NULL,NULL,NULL,NULL,NULL),(316,1,9,1,'AEMMA','Chris',NULL,'Smith','Mr.',NULL,NULL,NULL,NULL,NULL,'ON',NULL,'Canada','(416) 425-5289',NULL,NULL,NULL,NULL,NULL,NULL,'http://www.aemma.org/images/bio_photos/bio_noPhotoDbase.jpg','http://www.aemma.org/arms/a/aemma_80.jpg',NULL,'M',0,0,NULL,NULL,0,NULL,NULL,0,NULL,NULL,NULL,NULL,NULL,NULL,0,0,NULL,0,'2006-11-04',0,'ROM','2006-11-25',NULL,NULL,0,NULL,NULL,NULL,1,NULL,NULL,NULL,NULL,NULL,NULL,NULL,NULL,NULL,NULL,NULL,NULL),(318,1,9,1,'AEMMA','Daniel',NULL,'Wooster','Mr.',NULL,NULL,NULL,NULL,NULL,'ON',NULL,'Canada','(416) 617-0491',NULL,NULL,NULL,NULL,NULL,NULL,'http://www.aemma.org/images/bio_photos/bio_noPhotoDbase.jpg','http://www.aemma.org/arms/a/aemma_80.jpg',NULL,'M',0,0,NULL,NULL,0,NULL,NULL,0,NULL,NULL,NULL,NULL,NULL,NULL,0,0,NULL,0,'2006-11-04',0,'ROM','2006-11-25',NULL,NULL,0,NULL,NULL,NULL,1,NULL,NULL,NULL,NULL,NULL,NULL,NULL,NULL,NULL,NULL,NULL,NULL),(319,1,9,1,'AEMMA','Paul',NULL,'Wooster','Mr.',NULL,NULL,NULL,NULL,NULL,'ON',NULL,'Canada','(416) 617-0491',NULL,NULL,NULL,NULL,NULL,NULL,'http://www.aemma.org/images/bio_photos/bio_noPhotoDbase.jpg','http://www.aemma.org/arms/a/aemma_80.jpg',NULL,'M',0,0,NULL,NULL,0,NULL,NULL,0,NULL,NULL,NULL,NULL,NULL,NULL,0,0,NULL,0,'2006-11-04',0,'ROM','2006-11-25',NULL,NULL,0,NULL,NULL,NULL,1,NULL,NULL,NULL,NULL,NULL,NULL,NULL,NULL,NULL,NULL,NULL,NULL),(331,1,8,1,'AEMMA','Patrick',NULL,'Evans','Mr.',NULL,NULL,NULL,NULL,NULL,'ON',NULL,'Canada','416-763-3482',NULL,NULL,NULL,NULL,NULL,NULL,'http://www.aemma.org/images/bio_photos/bio_noPhotoDbase.jpg','http://www.aemma.org/arms/a/aemma_80.jpg',NULL,'M',0,0,NULL,NULL,0,NULL,NULL,0,NULL,NULL,NULL,NULL,NULL,NULL,0,0,NULL,0,'2007-04-14',0,'ROM',NULL,NULL,NULL,0,NULL,NULL,NULL,1,NULL,NULL,NULL,NULL,NULL,NULL,NULL,NULL,NULL,NULL,NULL,NULL),(330,1,8,1,'AEMMA','Jonathan',NULL,'Bylok','Mr.',NULL,NULL,NULL,NULL,NULL,'ON',NULL,'Canada','416-535-2248',NULL,NULL,NULL,NULL,NULL,NULL,'http://www.aemma.org/images/bio_photos/bio_noPhotoDbase.jpg','http://www.aemma.org/arms/a/aemma_80.jpg',NULL,'M',0,0,NULL,NULL,0,NULL,NULL,0,NULL,NULL,NULL,NULL,NULL,NULL,0,0,NULL,0,'2007-04-14',0,'ROM',NULL,NULL,NULL,0,NULL,NULL,NULL,1,NULL,NULL,NULL,NULL,NULL,NULL,NULL,NULL,NULL,NULL,NULL,NULL),(329,1,8,1,'AEMMA','John',NULL,'Bylok','Mr.',NULL,NULL,NULL,NULL,NULL,'ON',NULL,'Canada','416-955-3435',NULL,NULL,NULL,NULL,NULL,NULL,'http://www.aemma.org/images/bio_photos/bio_noPhotoDbase.jpg','http://www.aemma.org/arms/a/aemma_80.jpg',NULL,'M',0,0,NULL,NULL,0,NULL,NULL,0,NULL,NULL,NULL,NULL,NULL,NULL,0,0,NULL,0,'2007-04-14',0,'ROM',NULL,NULL,NULL,0,NULL,NULL,NULL,1,NULL,NULL,NULL,NULL,NULL,NULL,NULL,NULL,NULL,NULL,NULL,NULL),(328,1,8,1,'AEMMA','Tom',NULL,'Belyk','Mr.',NULL,NULL,NULL,NULL,NULL,'ON',NULL,'Canada','416-933-5580',NULL,NULL,NULL,NULL,NULL,NULL,'http://www.aemma.org/images/bio_photos/bio_noPhotoDbase.jpg','http://www.aemma.org/arms/a/aemma_80.jpg',NULL,'M',0,0,NULL,NULL,0,NULL,NULL,0,NULL,NULL,NULL,NULL,NULL,NULL,0,0,NULL,0,'2007-04-14',0,'ROM',NULL,NULL,NULL,0,NULL,NULL,NULL,1,NULL,NULL,NULL,NULL,NULL,NULL,NULL,NULL,NULL,NULL,NULL,NULL),(332,3,2,1,'AEMMA','Ivar',NULL,'Kangur','Mr.',NULL,NULL,NULL,NULL,'Toronto','ON',NULL,'Canada','416-652-2323',NULL,NULL,NULL,NULL,NULL,NULL,'http://www.aemma.org/images/bio_photos/bio_ikangur.jpg','http://www.aemma.org/arms/a/aemma_80.jpg',NULL,'M',0,0,NULL,NULL,0,NULL,NULL,0,NULL,NULL,NULL,NULL,NULL,NULL,0,0,NULL,0,'2007-04-14',0,'ROM','2007-06-30','2007-06-10',NULL,0,NULL,NULL,NULL,0,NULL,NULL,NULL,NULL,NULL,NULL,NULL,NULL,NULL,NULL,NULL,'Ivar (Estonian) is a ROM graduate, taking his free month of training for the month of June 2007 (jun 10, 2007 - dcvet)'),(333,2,2,4,'AEMMA','Torben',NULL,'Schau','Mr.','Mr. T. Schau','349 Davisville Ave.','Apt# 3',NULL,'Toronto','ON','M4S 1H1','Canada','416-486-3749',NULL,NULL,'416-937-1073','torbenschau@yahoo.ca','Robin Grazley','416-895-3790','http://www.aemma.org/images/bio_photos/bio_tschau.jpg','http://www.aemma.org/arms/a/aemma_80.jpg','analyst','M',1,0,'Robin Grazley','1974-11-02',0,NULL,NULL,0,NULL,NULL,NULL,NULL,'MA/MPA',NULL,0,0,NULL,0,'2007-04-14',0,'ROM','2009-11-01','2009-04-03','- injured ankle late June',0,NULL,NULL,NULL,1,NULL,NULL,NULL,NULL,NULL,NULL,NULL,NULL,NULL,NULL,NULL,'Torben Schau wrote (Aug 24, 2008):\r\n> Hey there --\r\n> Sorry for the delay. I\\\\\\\\\\\\\\\\\\\\\\\\\\\\\\\\\\\\\\\\\\\\\\\\\\\\\\\\\\\\\\\\\\\\\\\\\\\\\\\\\\\\\\\\\\\\\\\\\\\\\\\\\\\\\\\\\\\\\\\\\\\\\\\\\\\\\\\\\\\\\\\\\\\\\\\\\\\\\\\\\\\\\\\\\\\\\\\\\\\\\\\\\\\\\\\\\\\\\\\\\\\\\\\\\\\\\\\\\\\\\\\\\\\\\\\\\\\\\\\\\\\\\\\\\\\\\\\'m planning on being back in September. (I thought my fees actually lapsed in July, and so when I messed up my ankle at the end of June, I thought I\\\\\\\\\\\\\\\\\\\\\\\\\\\\\\\\\\\\\\\\\\\\\\\\\\\\\\\\\\\\\\\\\\\\\\\\\\\\\\\\\\\\\\\\\\\\\\\\\\\\\\\\\\\\\\\\\\\\\\\\\\\\\\\\\\\\\\\\\\\\\\\\\\\\\\\\\\\\\\\\\\\\\\\\\\\\\\\\\\\\\\\\\\\\\\\\\\\\\\\\\\\\\\\\\\\\\\\\\\\\\\\\\\\\\\\\\\\\\\\\\\\\\\\\\\\\\\\'d let my fees lapse then...) As it stands, the injury was a chance to reassess things and realistic commitment levels.\r\n> Thanks, Torben\r\n*******************************\r\nTorben, a rather large person, is a graduate of the ROM course, and is taking his free month of training for the month of June, 2007 (dcvet - Jun 3, 2007)'),(335,1,8,1,'AEMMA','David',NULL,'Smyth','Mr.',NULL,NULL,NULL,NULL,NULL,'ON',NULL,'Canada','905-338-9641',NULL,NULL,NULL,NULL,NULL,NULL,'http://www.aemma.org/images/bio_photos/bio_noPhotoDbase.jpg','http://www.aemma.org/arms/a/aemma_80.jpg',NULL,'M',0,0,NULL,NULL,0,NULL,NULL,0,NULL,NULL,NULL,NULL,NULL,NULL,0,0,NULL,0,'2007-04-14',0,'ROM',NULL,NULL,NULL,0,NULL,NULL,NULL,1,NULL,NULL,NULL,NULL,NULL,NULL,NULL,NULL,NULL,NULL,NULL,NULL),(336,3,1,2,'AEMMA','Frederic',NULL,'Djoenaedi','Mr.','Mr. F. Djoenaeidi','2-1447 Davenport Rd.',NULL,NULL,'Toronto','ON','M6H 2H6','Canada','416-577-1234','416-577-1234',NULL,'416-577-1234','phred@chickennugget.org','Monique Djoenaeidi/Rehana Logel','416-495-0945/647-233','http://www.aemma.org/images/bio_photos/bio_fdjoenaedi.jpg','http://www.aemma.org/arms/a/aemma_80.jpg','animator','M',0,0,NULL,'1979-03-22',0,NULL,NULL,0,NULL,NULL,NULL,NULL,'college',NULL,0,0,NULL,1,'2007-04-18',0,NULL,'2007-09-15','2007-07-04','Asthma',0,NULL,NULL,NULL,1,NULL,NULL,NULL,NULL,NULL,NULL,NULL,NULL,NULL,NULL,NULL,NULL),(337,3,1,5,'AEMMA','Patrick',NULL,'Stephenson','Mr.','Mr. P. Stephenson','21 Macdonell Ave.',NULL,NULL,'Toronto','ON','M6R 2A3','Canada',NULL,NULL,NULL,NULL,'d_e_x_t_e_r_@hotmail.com','Darline','416-288-5480','http://www.aemma.org/images/bio_photos/bio_pstephenson.jpg','http://www.aemma.org/arms/a/aemma_80.jpg','IT manager','M',0,0,NULL,'1985-02-17',0,NULL,NULL,0,NULL,NULL,NULL,NULL,'CNET',NULL,0,0,NULL,1,'2007-04-18',0,NULL,'2007-07-15','2007-04-18',NULL,0,NULL,NULL,NULL,0,NULL,NULL,NULL,NULL,NULL,NULL,NULL,NULL,NULL,NULL,NULL,NULL),(338,3,2,3,'AEMMA','Ronee',NULL,'Tam','Ms.','Ms. R. Tam','602-7 Lorraine Dr.',NULL,NULL,'North York','ON','M2N 7H2','Canada','(647) 341 6742','(416) 860 7098',NULL,NULL,'ronee_t@yahoo.com','Irene Tam','(780) 481 8151','http://www.aemma.org/images/bio_photos/bio_rtam.jpg','http://www.aemma.org/arms/a/aemma_80.jpg','research','F',0,0,NULL,'1976-05-22',0,NULL,NULL,0,NULL,NULL,NULL,NULL,'B.A., B.Ed.','University of Alberta',0,0,NULL,0,'2007-04-22',0,NULL,'2007-08-15','2007-04-22','- previous knee injuries\r\n- able to take own medication',0,NULL,NULL,NULL,0,NULL,NULL,NULL,NULL,NULL,NULL,NULL,NULL,NULL,NULL,NULL,'She paid with 4 post-dated cheques. (Apr 22, 2007 - dcvet)'),(339,3,2,4,'AEMMA','Dax',NULL,'Sardinha','Mr.','Mr. D. Sardinha','43 Maple Grove',NULL,NULL,'Richmond Hill','ON','L4E 2W1','Canada','(905) 773-1878','(416) 545-5217',NULL,'(647) 296-3406','daxisnot@hotmail.com','Heather Morris','(905) 886-2120','http://www.aemma.org/images/bio_photos/bio_dsardinha.jpg','http://www.aemma.org/arms/a/aemma_80.jpg','IT recruiter','M',0,0,'Andrea Morris','1974-12-04',0,NULL,NULL,0,NULL,NULL,NULL,NULL,'BA',NULL,0,0,NULL,0,'2007-04-22',0,NULL,'2007-11-15','2007-10-15','meds: anti-allergy\r\nallergies: dust & pets',0,NULL,NULL,NULL,0,NULL,NULL,NULL,NULL,NULL,NULL,NULL,NULL,NULL,NULL,NULL,'Dax and Andrea Morris are together - family plan. (Apr 22, 2007 - dcvet)'),(340,3,2,4,'AEMMA','Andrea',NULL,'Morris','Ms.','Ms. A. Morris','43 Maple Grove',NULL,NULL,'Richmond Hill','ON','L4E 2W1','Canada','(905) 773-1878','(416) 545-5217',NULL,'(647) 296-3406','daxisnot@hotmail.com','Heather Morris','(905) 886-2120','http://www.aemma.org/images/bio_photos/bio_amorris.jpg','http://www.aemma.org/arms/a/aemma_80.jpg','IT recruiter','F',0,0,NULL,'1977-08-12',0,NULL,NULL,0,NULL,NULL,NULL,NULL,'MSW',NULL,0,0,NULL,0,'2007-04-22',0,NULL,'2007-11-15','2007-10-17','- anti-allergy\r\n- alergies: dust & pets',0,NULL,NULL,NULL,0,NULL,NULL,NULL,NULL,NULL,NULL,NULL,NULL,NULL,NULL,NULL,'Andrea is with Dax Sardinha - family plan (Apr 22, 2007 - dcvet)'),(341,3,2,1,'AEMMA','Janine','Terasa','Caster','Ms.','Ms. J.T. Caster','96 Longford',NULL,NULL,'Newmarket','ON','L3Y 2Y4','Canada',NULL,'(289) 221-0992',NULL,NULL,NULL,'Jon Southwood','416-358-0140','http://www.aemma.org/images/bio_photos/bio_noPhotoDbase.jpg','http://www.aemma.org/arms/a/aemma_80.jpg','PSW','F',0,0,NULL,'1984-04-16',0,NULL,NULL,0,'Jon Southwood',NULL,NULL,NULL,'college',NULL,1,0,NULL,0,'2007-04-22',0,NULL,NULL,NULL,'secondary emerg: Tracy Caster, 416-238-1169',0,NULL,NULL,NULL,1,NULL,NULL,NULL,NULL,NULL,NULL,NULL,NULL,NULL,NULL,NULL,'She presently lives in Newmarket, visiting AEMMA to check it out. They move in May, and they will be training regularily. She and her boyfriend Jon Southwood were introduced to AEMMA via Patrick (TTAC3) - (Apr 22, 2007 - dcvet)'),(342,3,2,1,'AEMMA','Jon',NULL,'Southwood','Mr.','Mr. J. Southwood','96 Longford',NULL,NULL,'Newmarket','ON','L3Y 2Y4','Canada',NULL,NULL,NULL,'(416) 358-0140','southwood.jon@gmail.com','Janine Caster','(289) 221-0992','http://www.aemma.org/images/bio_photos/bio_noPhotoDbase.jpg','http://www.aemma.org/arms/a/aemma_80.jpg','machine operator','M',0,0,'Janine Caster','1986-07-18',0,NULL,NULL,0,NULL,NULL,NULL,NULL,'Grade 12',NULL,0,0,NULL,0,'2007-04-22',0,NULL,NULL,NULL,'Allergies: cats, dogs',0,NULL,NULL,NULL,1,NULL,NULL,NULL,NULL,NULL,NULL,NULL,NULL,NULL,NULL,NULL,'Jon and Janine Caster checked out AEMMA, having been introduced to it by Patrick (TTAC3).  They will move down from Newmarket and start their training in May 0 (Ape 22, 2007 - dcvet)'),(352,3,2,1,'AEMMA','Orla',NULL,'Collins','Ms.','Ms. O. Collins','495 Euclid Ave.',NULL,NULL,'Toronto','ON','M6G 2T1','Canada','416 923 2547',NULL,NULL,NULL,NULL,NULL,NULL,'http://www.aemma.org/images/bio_photos/bio_ocollins.jpg','http://www.aemma.org/arms/a/aemma_80.jpg',NULL,'F',0,0,NULL,NULL,0,NULL,NULL,0,'ROM swordsmanship course',NULL,NULL,NULL,NULL,NULL,0,0,NULL,0,'2006-11-08',0,NULL,NULL,NULL,NULL,0,NULL,NULL,NULL,1,NULL,NULL,NULL,NULL,NULL,NULL,NULL,NULL,NULL,NULL,NULL,NULL),(343,2,10,2,'AEMMA','Allan','J.','Wilson','Mr.','Mr. A. J. Wilson','32 Edgecroft Rd.',NULL,NULL,'Toronto','ON','M8Z 2B6','Canada','416-255-9547','416-255-9547',NULL,'416-255-9547','allan@allanwilsonandassociates.ca',NULL,NULL,'http://www.aemma.org/images/bio_photos/bio_awilson.jpg','http://www.aemma.org/arms/a/aemma_80.jpg','Mgt. Consultant','M',0,0,NULL,'1951-08-14',0,NULL,NULL,0,NULL,NULL,NULL,NULL,'M.B.A.',NULL,0,0,NULL,0,'2008-01-12',0,'ROM archery class','2008-02-15','2008-02-15',NULL,0,NULL,NULL,'Took the ROM training class 2006-11-04.',0,NULL,NULL,NULL,NULL,NULL,NULL,NULL,NULL,NULL,NULL,NULL,'url: http://www.allanwilsonandassociates.ca\r\n- Allan is an occasional status shooter - $22/session'),(344,3,2,8,'AEMMA','Peter',NULL,'Yu','Mr.',NULL,'1131 Steeles Ave West #1206',NULL,NULL,'North York','ON','M2R 3W8','Canada','905-883-0980','(416) 663-2067',NULL,'(416) 577-8810','BattleBridge@Sympatico.ca','Marian (sister)',NULL,'http://www.aemma.org/images/bio_photos/bio_pyu.jpg','http://www.aemma.org/arms/a/aemma_80.jpg',NULL,'M',2,0,NULL,NULL,0,NULL,NULL,0,NULL,NULL,NULL,NULL,NULL,NULL,0,0,NULL,1,'0000-00-00',0,NULL,'2009-01-27','2008-12-10',NULL,0,NULL,NULL,NULL,1,'0000-00-00',NULL,NULL,NULL,NULL,NULL,NULL,NULL,'Peter had taken some training in the past in grappling, dagger and arming sword, then focused more on being the AEMMA videographer.  However, the last year (2006) he has been taking German longsword classes with Miker, at no charge due to his efforts with respect to vidography.',NULL,NULL,'Peter has taken on the role as videographer.  He had been practicing with Mike Rasmusson on German longsword.'),(345,2,3,1,'AEMMA','Robert','B.J.','Mason','Dr.','Dr. R.J. Mason','2135 Avenue Rd',NULL,NULL,'Toronto','ON','M5M 4B3','Canada','(416) 481-9347','(416) 586-5696','(416) 586-5877','(416) 826-1040','robm@rom.on.ca',NULL,NULL,'http://www.aemma.org/images/bio_photos/bio_rmason.jpg','http://www.aemma.org/arms/a/aemma_80.jpg','archeologist & curator','M',0,0,NULL,'1958-04-25',0,NULL,'near Eastern medieval culture',0,NULL,NULL,NULL,NULL,'Ph.d.',NULL,0,0,NULL,1,'2005-04-25',0,NULL,'2008-04-25',NULL,NULL,0,NULL,NULL,NULL,1,NULL,NULL,NULL,NULL,NULL,NULL,NULL,NULL,NULL,NULL,NULL,'A special relationship with Robert. For allowing AEMMA students to periodically visit the ROM on scheduled visits, and personally examine the medieval artifacts, Robert is able to train at AEMMA with fees waived.'),(346,3,4,2,'AEMMA','Arthur',NULL,'Fabian','Mr.','Mr. A. Fabian','595 Conacher Drive',NULL,NULL,'Toronto','ON','M2M 3M9','Canada','(416) 225-5543','(416) 225-5543',NULL,'(647) 206-5543','lala.fabian@utoronto.ca','Dr. Robert Laham','(416) 735-5525','http://www.aemma.org/images/bio_photos/bio_afabian.jpg','http://www.aemma.org/arms/a/aemma_80.jpg','student','M',0,0,NULL,'1992-10-17',0,NULL,NULL,0,NULL,NULL,NULL,NULL,NULL,NULL,1,0,NULL,0,'2007-04-28',0,NULL,'2009-07-04','2009-03-07','CPR training.',0,NULL,NULL,NULL,1,NULL,NULL,NULL,NULL,NULL,NULL,NULL,NULL,NULL,NULL,NULL,'Aug./09: Arthur has to work most Saturdays this summer, so he can only shoot occasionally.'),(347,3,1,5,'AEMMA','Brian',NULL,'Bwesigye','Mr.','Mr. B. Bwesigye','320 Seaton',NULL,NULL,'Toronto','ON','M5A 2T7','Canada','(416) 913-0172','(416) 913-0172',NULL,NULL,'brianbwesigye@hotmail.com','Silver','(416) 913-0172','http://www.aemma.org/images/bio_photos/bio_bbwesigye.jpg','http://www.aemma.org/arms/a/aemma_80.jpg','student','M',0,0,NULL,'1989-04-20',0,NULL,NULL,0,NULL,NULL,NULL,NULL,'12',NULL,0,0,NULL,1,'2007-04-29',0,NULL,'2007-06-15','2007-04-29',NULL,0,NULL,NULL,NULL,0,NULL,NULL,NULL,NULL,NULL,NULL,NULL,NULL,NULL,NULL,NULL,'He is interested in taking JKD as well. Brian is originally from Uganda.'),(348,2,1,4,'AEMMA','Angie',NULL,'Seto','Ms.','Ms. A. Seto',NULL,NULL,NULL,'Toronto','ON',NULL,'Canada',NULL,NULL,NULL,NULL,'aseto@nbs-enb.ca',NULL,NULL,'http://www.aemma.org/images/bio_photos/bio_aseto.jpg','http://www.aemma.org/arms/a/aemma_80.jpg',NULL,'F',0,0,NULL,NULL,0,NULL,NULL,0,NULL,NULL,NULL,NULL,NULL,NULL,0,0,NULL,0,NULL,0,NULL,'2009-07-08','2009-01-22',NULL,0,NULL,NULL,NULL,1,NULL,NULL,NULL,NULL,NULL,NULL,NULL,NULL,NULL,NULL,NULL,'Angie takes Wing Chun training as committed - she is also the Wing Chun instructor so she has some benefits, including practicing archery.  Her membership dues cover Jan - Jul, 2009 with a trigger in June 15 for repayments begining Jul 1. (dcvet - Feb 8, 2009)'),(349,3,2,5,'AEMMA','Earl',NULL,'McCreight','Mr.','Mr. E. McCreight','114 Horseley Hill Dr.',NULL,NULL,'Scarborough','ON','M1B 1W5','Canada','416.299.7248',NULL,NULL,NULL,NULL,'Lekan, M.J. & Rebecca',NULL,'http://www.aemma.org/images/bio_photos/bio_noPhotoDbase.jpg','http://www.aemma.org/arms/a/aemma_80.jpg','unemployed','M',0,0,NULL,'1983-01-19',0,NULL,NULL,0,NULL,NULL,NULL,NULL,NULL,NULL,0,0,NULL,0,'2007-04-30',0,NULL,'2007-07-30','2007-04-30',NULL,0,NULL,NULL,NULL,1,NULL,NULL,NULL,NULL,NULL,NULL,NULL,NULL,NULL,NULL,NULL,NULL),(350,3,1,5,'AEMMA','Daniel',NULL,'McElcheran','Mr.','Mr. D. McElcheran','30 Evelyn Cres.',NULL,NULL,'Toronto','ON','M6P 3C9','Canada','416.763.4527',NULL,NULL,NULL,'dan.mcelcheran@sympatico.ca','Paul or Suzanne McElcheran','416.763.4527','http://www.aemma.org/images/bio_photos/bio_dmcElcheran.jpg','http://www.aemma.org/arms/a/aemma_80.jpg','student','M',0,0,NULL,'1985-08-30',0,NULL,NULL,0,NULL,NULL,NULL,NULL,'secondardy','Ryserson',0,0,NULL,1,'2007-04-15',0,NULL,'2007-07-15','2007-05-01',NULL,0,NULL,NULL,NULL,0,NULL,NULL,NULL,NULL,NULL,NULL,NULL,NULL,NULL,NULL,NULL,NULL),(351,3,2,3,'AEMMA','Mark',NULL,'Childerson','Mr.','Mr. M. Childerson','495 Euclid Ave.',NULL,NULL,'Toronto','ON','M6G 2T1','Canada','416 923 2547','416 963 8793',NULL,'416 821 0104','mark@childersoft.com',NULL,NULL,'http://www.aemma.org/images/bio_photos/bio_mchilderson.jpg','http://www.aemma.org/arms/a/aemma_80.jpg','software architect','M',0,0,NULL,'1966-08-06',0,NULL,NULL,0,NULL,NULL,NULL,NULL,'B.Sc.','UofT',0,0,NULL,0,'2006-11-22',0,'ROM grad Apr 16-May28 2005','2007-04-15','2006-11-22',NULL,0,NULL,NULL,NULL,1,NULL,NULL,NULL,NULL,NULL,NULL,NULL,NULL,NULL,NULL,NULL,'AEMMA long-term absence survey - Apr 4, 2008\r\nHi David,\r\nThanks for sending this email (even if it was automatic). I started at AEMMA because I enjoyed the course at the ROM, and because my wife Orla offered to come for a year as a birthday present for me. As you can imagine, with three kids (ages 3, 7, and 10), we are pretty busy, and finding time for fitness, recreation, and, importantly, time for Orla and me to spend together as a couple, is extremely difficult. I think that we weren\\\'t quite ready for the time commitment that the art of arms requires. However, as the kids get older, the sheer logistical effort of life tends to diminish, and a return to training, either for both of us or for me in my own, is very likely to happen at some point in the (hopefully not too distant) future.\r\nI enjoyed the training greatly, and felt that it met my expectations. My recommendations (more to suit me than because I want to defend these as general policy) are:\r\n1. Air condition the salle - we stopped going in May 2007, by which time things were getting pretty hot. Orla, being Irish, was not able to cope with the idea of training at 30 degree temperatures. I realize that this could be expensive, but I would certainly be willing to pay an extra $10-$15 per month for an A/C system. I don\\\'t know if that would be popular with other members, though.\r\n2. Ridiculous as it may seem, a 7PM class would help a lot. It is difficult for me to get home from work and see the kids in time to be at class by 6 PM, and 10PM is pretty late to wrap up when getting the kids to school requires a 6:30 AM rising time in the morning. 7PM would allow for a quick hello to the kids before class, with a short dinner/unwinding to follow after class, with the kids having been put to bed by the babysitter.\r\nI was pleased with the instructors. Ross, Aldo, and Brian in particular were very helpful and capable.\r\nFees were fine - quite reasonable.\r\nI was at the academy from about Nov 2006 to May 2007.\r\nI can\\\'t quite remember why we stopped going - a few illnesses with the kids, the increasing heat, and preparation for our trip out West in the summer, caused our activity level to grow too high for getting to the school. Then we were away for a couple of months, and Orla was sick last fall - just a bunch of relatively small things, really.\r\nI think a return to training is mostly up to me, although the changes I mentioned would definitely help.\r\nI just want to say thank you, David, for your dedication and commitment to the art. I think that the school is a terrific thing to have in our city, even if I am (temporarily) unable to attend.\r\nThanks,\r\nMark\r\n***********************************'),(353,2,1,1,'AEMMA','Bill',NULL,'Brickman','Mr.','Mr. B. Brickman','52 Argyle St.',NULL,NULL,'Stratford','ON','N5A 2H5','Canada','(519) 272-2359',NULL,NULL,NULL,'wbrickman@sympatico.ca','Andria Brickman','(519) 272-2359','http://www.aemma.org/images/bio_photos/bio_bbrickman.jpg','http://www.aemma.org/arms/a/aemma_80.jpg','Data Specialist with Schaeffler','M',2,1,'Andria','1976-06-03',0,NULL,NULL,0,NULL,NULL,NULL,NULL,NULL,NULL,0,0,NULL,1,'2005-09-15',0,NULL,NULL,NULL,'No prescription medication, no allergies, no long term injuries\r\n\r\n',0,NULL,NULL,'Bill is the 5th Scholar from Guelph. During his scholler test, he was suffering from a cold, however, upon further diagnostics at the hospital later that summer, it was discovered that he was suffering from a collapsed lung!  This was his condition during the scholler test without his fully realizing the extent of his condition.',2,'2007-05-27','Ossington & Dupont','In attendance for Bills scholler test: Ross, Ariella, Matt W, Aldo, Frank, Kel, Brian and Murph.',NULL,NULL,NULL,NULL,NULL,NULL,NULL,NULL,'Bill has approx. 8yrs of Japanese jujutsu and a little less than 1yr of Muay Thai.\r\n\r\n'),(355,2,1,1,'AEMMA','Martin',NULL,'Taves','Mr.','Mr. M. Taves','271 Louisa St.',NULL,NULL,'Kitchener','ON','N2H 5M8','Canada','519-749-7021','519-621-8980',NULL,NULL,'Martin Taves martintaves@yahoo.ca','Laura Briggs','519-749-7021','http://www.aemma.org/images/bio_photos/bio_mtaves.jpg','http://www.aemma.org/arms/a/aemma_80.jpg','student','M',2,0,NULL,'1979-10-09',0,NULL,NULL,0,NULL,NULL,NULL,NULL,'Mechanical Engineering Technology Diploma','Fanshawe College',0,0,NULL,0,'2005-01-11',0,'Jeff Cameron at the London Histo',NULL,NULL,'previous torn hamstring tendons in both legs, both well healed. Recently torn ligament in left shoulder - still healing.\r\n- no meds',0,NULL,NULL,'Martin achieved his scholler rank at AEMMA in Toronto.',2,'2007-10-14',NULL,NULL,NULL,NULL,NULL,NULL,NULL,NULL,NULL,NULL,NULL),(370,2,1,4,'AEMMA','Garry','Jinn','Lo','Mr.',NULL,'Apt 18','850 Huntingwood Drive',NULL,'Toronto','ON','M1T 2L9','Canada','416 545 9367',NULL,NULL,NULL,'garyjlo@gmail.com',NULL,NULL,'http://www.aemma.org/images/bio_photos/bio_glo.jpg','http://www.aemma.org/arms/a/aemma_80.jpg',NULL,'M',1,0,NULL,NULL,0,NULL,NULL,0,NULL,NULL,NULL,NULL,NULL,NULL,0,0,NULL,1,'2007-08-01',0,NULL,'2009-09-01','2009-02-23',NULL,0,NULL,NULL,NULL,1,NULL,NULL,NULL,NULL,NULL,NULL,NULL,NULL,NULL,NULL,NULL,NULL),(383,2,6,1,'JKD','Shawn',NULL,'Zirger','Mr.','Mr. S. Zirger','197 Vaughn Rd.',NULL,NULL,'Toronto','ON','M6C 2M4','Canada','416-892-9529','416-892-9529',NULL,'416-892-9529','idoggy@hotmail.com',NULL,NULL,'http://www.factoronto.com/images/bio_photos/bio_szirger.jpg','http://www.aemma.org/arms/a/aemma_80.jpg','JKD instructor','M',0,1,NULL,'2007-05-15',0,NULL,NULL,0,NULL,NULL,NULL,NULL,NULL,NULL,1,0,NULL,0,'2007-10-16',0,NULL,NULL,NULL,NULL,0,NULL,NULL,NULL,1,NULL,NULL,NULL,NULL,NULL,NULL,NULL,NULL,NULL,NULL,NULL,NULL),(384,2,6,1,'WC','Ryan',NULL,'Kennedy','Mr.','Mr. R. Kennedy','233 Carlaw Ave.',NULL,NULL,'Toronto','ON','M4M 2S1','Canada','416-953-7200','416-953-7200',NULL,'416-953-7200','ryankenfu@hotmail.com',NULL,NULL,'http://www.factoronto.com/images/bio_photos/bio_nophoto.jpg','http://www.aemma.org/arms/a/aemma_80.jpg','WC instructor','M',0,0,NULL,NULL,0,NULL,NULL,0,NULL,NULL,NULL,NULL,NULL,NULL,0,0,NULL,0,NULL,0,NULL,NULL,NULL,NULL,0,NULL,NULL,NULL,1,NULL,NULL,NULL,NULL,NULL,NULL,NULL,NULL,NULL,NULL,NULL,NULL),(399,6,4,2,'AEMMA','Nikolay',NULL,'Roshtainsky','Mr.','Mr. N. Roshtainsky','62 Raymond Road',NULL,NULL,'Woodbridge','ON','L4L 2L1','Canada','416 797 6109',NULL,NULL,'416 797 6109','nikolay.roshtainsky@sympatico.ca','Yevgena','647-292-7019','http://www.aemma.org/images/bio_photos/bio_nroshtainsky.jpg','http://www.aemma.org/arms/a/aemma_80.jpg','aerospace','M',0,0,'Yevgena','1986-06-16',0,NULL,NULL,0,NULL,NULL,NULL,NULL,NULL,NULL,0,0,NULL,0,'2008-01-12',0,NULL,'2009-05-15','2009-02-28',NULL,0,NULL,NULL,NULL,1,NULL,NULL,NULL,NULL,NULL,NULL,NULL,NULL,NULL,NULL,NULL,'Temporarily not shooting due to lack of time. Intends to return in the fall.'),(398,1,2,1,'TTAC3','Patrick',NULL,'Doyle','Mr.',NULL,NULL,NULL,NULL,NULL,'ON',NULL,'Canada',NULL,NULL,NULL,NULL,NULL,NULL,NULL,'http://www.factoronto.com/images/bio_nophoto.jpg','http://www.aemma.org/arms/a/aemma_80.jpg','Financial Analyst','',0,0,NULL,NULL,0,NULL,NULL,0,NULL,NULL,NULL,NULL,NULL,NULL,0,0,NULL,0,'2007-10-16',0,NULL,NULL,NULL,NULL,0,NULL,NULL,NULL,0,NULL,NULL,NULL,NULL,NULL,NULL,NULL,NULL,NULL,NULL,NULL,'Patrick attended a \\\\\\\"tactical Stag\\\\\\\" held and became a member immediatly after.. he is a friend of Ross Goodfellow\\\\\\\'s'),(400,3,2,3,'AEMMA','Trevor','Michael','Clark','Mr.',NULL,'733 Millwood Road',NULL,NULL,'Toronto','ON','m4g1v7','Canada','416 322 9633',NULL,NULL,NULL,'green_1guana@hotmail.com',NULL,NULL,'http://www.aemma.org/images/bio_photos/bio_tclark.jpg','http://www.aemma.org/arms/a/aemma_80.jpg','Student','',0,0,NULL,'1991-11-29',0,NULL,NULL,0,NULL,NULL,NULL,NULL,NULL,NULL,0,0,NULL,1,'2007-09-03',0,NULL,'2009-04-15','2009-02-04',NULL,0,NULL,NULL,NULL,1,NULL,NULL,NULL,NULL,NULL,NULL,NULL,NULL,NULL,NULL,NULL,'Trevor paid 3-months in advance covering Feb, Mar, Apr. Trigger date set to Apr 15th (dcvet - Feb 8, 2009)'),(401,2,1,2,'AEMMA','Aaron',NULL,'Bolarinho','Mr.','Mr. A. Bolarinho','101 Ripplewood Cres',NULL,NULL,'Kitchener','ON','N2M 4R9','Canada','(416) 710-0105',NULL,NULL,'(416) 710-0105','DukePaulus1@gmail.com','Andy and Nancy (parents)',' 5197428053','http://www.aemma.org/images/bio_photos/bio_abolarinho.jpg','http://www.aemma.org/arms/b/bolarinho_80.jpg','student','M',1,0,NULL,'1988-04-07',0,NULL,'Medieval History, Philosophy, Wrestling, Soccer, writing, readin',0,NULL,'Arms:  	Per pale Vert and Gules, a griffin\\\\\\\\\\\\\\\'s head erased Argent, gorged with a chain Or suspending a Celtic cross grasping a cross flory fitchee of the third.\r\nCrest: 	NA\r\nMotto: 	Caput Inclinatum, Ferrum Strictum, Genu Flexum (Head Bowed, Sword Drawn, Knee Bent)',NULL,NULL,NULL,'University of Toronto',0,0,NULL,1,'2005-09-06',0,NULL,'2010-04-01','2009-09-30',NULL,0,NULL,NULL,NULL,2,'2008-12-14','Ossington',NULL,NULL,NULL,NULL,NULL,NULL,NULL,NULL,NULL,'Aaron is back in Kitchener, returning to Toronto at the beginning of September (dcvet jun 2009)\r\nAaron paid $200 with a cheque dated Apr 6 for April & May training (dcvet - arp 14, 2008)\r\nAaron was a Guelph student, but as of Sep 2007, he is attending school (UofT) and therefore started to train at AEMMA in Toronto.'),(402,1,1,1,'WC','Karlando',NULL,'White','Mr.',NULL,'44 Blackthorne',NULL,NULL,'Toronto','ON',NULL,'Canada','416 831 7746',NULL,NULL,NULL,NULL,NULL,NULL,'http://www.factoronto.com/images/bio_nophoto.jpg','http://www.aemma.org/arms/a/aemma_80.jpg',NULL,'M',0,0,NULL,'1988-06-10',0,NULL,NULL,0,NULL,NULL,NULL,NULL,NULL,NULL,0,0,NULL,0,NULL,0,NULL,NULL,NULL,NULL,0,NULL,NULL,NULL,0,NULL,NULL,NULL,NULL,NULL,NULL,NULL,NULL,NULL,NULL,NULL,NULL),(403,1,1,1,'JKD','Adelman',NULL,'Eiatan','Mr.',NULL,NULL,NULL,NULL,NULL,'ON',NULL,'Canada',NULL,NULL,NULL,NULL,NULL,NULL,NULL,'http://www.factoronto.com/images/bio_nophoto.jpg','http://www.aemma.org/arms/a/aemma_80.jpg',NULL,'M',0,0,NULL,NULL,0,NULL,NULL,0,NULL,NULL,NULL,NULL,NULL,NULL,0,0,NULL,0,'2007-10-16',0,NULL,'2008-03-16',NULL,NULL,0,NULL,NULL,NULL,0,NULL,NULL,NULL,NULL,NULL,NULL,NULL,NULL,NULL,NULL,NULL,NULL),(404,1,1,1,'WC','Kosta',NULL,'Stathakis','Mr.',NULL,'1525 Dufferin St',NULL,NULL,'Toronto','ON','M6H #l5','Canada',NULL,NULL,NULL,'4165686581','kos.50ae@hotmail.com','4165688372',NULL,'http://www.factoronto.com/images/bio_nophoto.jpg','http://www.aemma.org/arms/a/aemma_80.jpg','student','M',0,0,NULL,'1989-08-16',0,NULL,NULL,0,NULL,NULL,NULL,NULL,NULL,NULL,0,0,NULL,0,NULL,0,NULL,NULL,NULL,NULL,0,NULL,NULL,NULL,0,NULL,NULL,NULL,NULL,NULL,NULL,NULL,NULL,NULL,NULL,NULL,NULL),(405,1,1,1,'WC','Matthew',NULL,'Ferguson','Mr.',NULL,'46 vermont ave',NULL,NULL,'Toronto','ON','M6G 1X9','Canada',NULL,NULL,NULL,'647 401 7710','heavyarms110@hitmail.com','416 535 0509',NULL,'http://www.factoronto.com/images/bio_nophoto.jpg','http://www.aemma.org/arms/a/aemma_80.jpg','student','M',0,0,NULL,'1986-11-20',0,NULL,NULL,0,NULL,NULL,NULL,NULL,NULL,NULL,0,0,NULL,0,NULL,0,NULL,NULL,NULL,NULL,0,NULL,NULL,NULL,0,NULL,NULL,NULL,NULL,NULL,NULL,NULL,NULL,NULL,NULL,NULL,NULL),(407,1,1,1,'WC','Morgan',NULL,'Topps','Mr.',NULL,'157 St George st.',NULL,NULL,NULL,'ON','m5r 2m2','Canada',NULL,NULL,NULL,'416 731 7837','morgan.topps@utoronto.ca',NULL,NULL,'http://www.factoronto.com/images/bio_nophoto.jpg','http://www.aemma.org/arms/a/aemma_80.jpg',NULL,'M',0,0,NULL,'1984-08-07',0,NULL,NULL,0,NULL,NULL,NULL,NULL,NULL,NULL,0,0,NULL,0,NULL,0,NULL,NULL,NULL,NULL,0,NULL,NULL,NULL,0,NULL,NULL,NULL,NULL,NULL,NULL,NULL,NULL,NULL,NULL,NULL,NULL),(408,1,1,1,'WC','Len',NULL,'Druer','Mr.',NULL,'145 strathmore blvd \\#1418',NULL,NULL,NULL,'ON',NULL,'Canada',NULL,NULL,NULL,'416 427 1657','ldruer@rogers.com',NULL,NULL,'http://www.factoronto.com/images/bio_nophoto.jpg','http://www.aemma.org/arms/a/aemma_80.jpg',NULL,'M',0,0,NULL,'1973-04-30',0,NULL,NULL,0,NULL,NULL,NULL,NULL,NULL,NULL,0,0,NULL,0,NULL,0,NULL,NULL,NULL,NULL,0,NULL,NULL,NULL,0,NULL,NULL,NULL,NULL,NULL,NULL,NULL,NULL,NULL,NULL,NULL,NULL),(409,1,1,1,'WC','karen',NULL,'Suzuki','Mr.',NULL,'1 Carling ave #1',NULL,NULL,NULL,'ON',NULL,'Canada','416 538 0329',NULL,NULL,'647 869 8255',NULL,NULL,NULL,'http://www.factoronto.com/images/bio_nophoto.jpg','http://www.aemma.org/arms/a/aemma_80.jpg',NULL,'M',0,0,NULL,'1974-10-26',0,NULL,NULL,0,NULL,NULL,NULL,NULL,NULL,NULL,0,0,NULL,0,NULL,0,NULL,NULL,NULL,NULL,0,NULL,NULL,NULL,0,NULL,NULL,NULL,NULL,NULL,NULL,NULL,NULL,NULL,NULL,NULL,NULL),(410,2,1,3,'JKD','Dan',NULL,'Wilkie','Mr.',NULL,NULL,NULL,NULL,NULL,'ON',NULL,'Canada',NULL,NULL,NULL,NULL,'mr_wilke.msn.com',NULL,NULL,'http://www.factoronto.com/images/bio_nophoto.jpg','http://www.aemma.org/arms/a/aemma_80.jpg',NULL,'M',0,0,NULL,NULL,0,NULL,NULL,0,NULL,NULL,NULL,NULL,NULL,NULL,0,0,NULL,0,'2007-01-23',0,NULL,'2008-04-15','2008-04-15',NULL,0,NULL,NULL,NULL,1,NULL,NULL,NULL,NULL,NULL,NULL,NULL,NULL,NULL,NULL,NULL,NULL),(412,1,1,1,'WC','amy',NULL,'Bentley','Mr.',NULL,'7003 Darcel ave.',NULL,NULL,NULL,'ON','l4t 2w7','Canada',NULL,NULL,NULL,'416 908 6149','amy_bentley4@hotmail.com',NULL,NULL,'http://www.factoronto.com/images/bio_nophoto.jpg','http://www.aemma.org/arms/a/aemma_80.jpg',NULL,'M',0,0,NULL,'1985-09-18',0,NULL,NULL,0,NULL,NULL,NULL,NULL,NULL,NULL,0,0,NULL,0,NULL,0,NULL,NULL,NULL,NULL,0,NULL,NULL,NULL,0,NULL,NULL,NULL,NULL,NULL,NULL,NULL,NULL,NULL,NULL,NULL,NULL),(413,1,1,1,'WC','jeffrey',NULL,'warren','Mr.',NULL,'862 College st w',NULL,NULL,NULL,'ON','m6yh1a3','Canada',NULL,NULL,NULL,'416 723 2294','ninsei@rogers.com',NULL,NULL,'http://www.factoronto.com/images/bio_nophoto.jpg','http://www.aemma.org/arms/a/aemma_80.jpg',NULL,'M',0,0,NULL,'1979-09-27',0,NULL,NULL,0,NULL,NULL,NULL,NULL,NULL,NULL,0,0,NULL,0,NULL,0,NULL,NULL,NULL,NULL,0,NULL,NULL,NULL,0,NULL,NULL,NULL,NULL,NULL,NULL,NULL,NULL,NULL,NULL,NULL,NULL),(414,1,1,1,'WC','Andre',NULL,'Robichaud','Mr.',NULL,'45 birchmount rd #9',NULL,NULL,NULL,'ON','m1n3j3','Canada',NULL,NULL,NULL,'416 261 1851','andre@formaxproductions.com',NULL,NULL,'http://www.factoronto.com/images/bio_nophoto.jpg','http://www.aemma.org/arms/a/aemma_80.jpg','photographer','M',0,0,NULL,'1957-06-27',0,NULL,NULL,0,NULL,NULL,NULL,NULL,NULL,NULL,0,0,NULL,0,NULL,0,NULL,NULL,NULL,NULL,0,NULL,NULL,NULL,0,NULL,NULL,NULL,NULL,NULL,NULL,NULL,NULL,NULL,NULL,NULL,NULL),(415,2,4,5,'AEMMA','Lynn',NULL,'Presley','Ms.','Ms. Lynn Presley','PH6, 111 Lawton Blvd.',NULL,NULL,'Toronto','ON','M4V 1Z9','Canada','(416) 488-5966','(416) 488-5966',NULL,NULL,NULL,'Mary Ann Prochazka','(416) 481-8543','http://www.aemma.org/images/bio_photos/bio_lpresley.jpg','http://www.aemma.org/arms/a/aemma_80.jpg',NULL,'M',0,0,NULL,'1952-10-16',0,NULL,NULL,0,NULL,NULL,NULL,NULL,NULL,NULL,0,0,NULL,0,'2007-10-13',0,NULL,'2010-08-29','2010-05-29',NULL,0,NULL,NULL,NULL,1,NULL,NULL,NULL,NULL,NULL,NULL,NULL,NULL,NULL,NULL,NULL,'Joined after completing ROM Medieval Longbow course. Did a great job of designing and constructing unusual targets and soliciting prizes for the Spring 2009 archery tournament.\r\n\r\nLynn intends to resume shooting after recovering from a shoulder injury (not sport related).\r\n\r\nResumed shooting and paid 3 months fees May 29, 2010.'),(416,3,2,1,'AEMMA','John','Duncan','Rowe','Mr.','Mr. D. Rowe','604 Davenport Rd.',NULL,NULL,'Toronto','ON','M5R 1K9','Canada','(416) 254 7009','(416) 254 7009',NULL,'(416) 254 7009','drowe@rjc.ca','Toronto West Hospital Health Network',NULL,'http://www.aemma.org/images/bio_photos/bio_drowe.jpg','http://www.aemma.org/arms/a/aemma_80.jpg','engineer','M',0,0,NULL,'1982-04-17',0,NULL,NULL,0,NULL,NULL,NULL,NULL,'B.A.Sc.',NULL,0,0,NULL,1,'2007-10-24',0,NULL,'2008-03-15','2007-10-31','previous injury: broken right wrist',0,NULL,NULL,NULL,1,NULL,NULL,NULL,NULL,NULL,NULL,NULL,NULL,NULL,NULL,NULL,'6-post dated cheques, starting with Nov 1, followed by Nov 15th etc. (dcvet - Oct 31, 2007)'),(417,3,4,3,'AEMMA','Veronica',NULL,'Barrios','Ms.','Ms. V. Lelchuk','43 Jesmond Ave.',NULL,NULL,'Toronto','ON','M6E 1V4','Canada','(416) 654-0830',NULL,NULL,'(416) 315-0640','lelchuk@sympatico.ca','Igal Lelchuk','647-669-2945','http://www.aemma.org/images/bio_photos/bio_vlelchuk.jpg','http://www.aemma.org/arms/a/aemma_80.jpg','student','F',0,0,'Igal','1967-12-25',0,NULL,NULL,0,NULL,NULL,NULL,NULL,NULL,NULL,0,0,NULL,1,'2007-10-13',0,'Igal','2009-02-07','2008-08-02',NULL,0,NULL,NULL,NULL,1,NULL,NULL,NULL,NULL,NULL,NULL,NULL,NULL,NULL,NULL,NULL,'Feb 9, 2008: Igal submitted 2 cheques, each for $60, archery fees good till Jun 15 ($20 per month, family pack - discount of $15) - Veronica is on the elist by virtue of Igal\\\\\\\\\\\\\\\'s email addy.\r\nAug.2, 2008: Igal submitted 2 cheques, each for $60, archery fees good till Jan 31, 2009 ($20 per month, family pack - discount of $15.)'),(418,3,1,1,'AEMMA','Alexander','C.','Petras','Mr.','Mr. A.C. Petras','81 St. Mary St.',NULL,NULL,'Toronto','ON',NULL,'Canada','(416) 820-4707','(416) 820-4707',NULL,'(416) 820-4707','nyjets2005@aol.com',NULL,NULL,'http://www.aemma.org/images/bio_photos/bio_apetras.jpg','http://www.aemma.org/arms/a/aemma_80.jpg','student','M',1,0,NULL,'1984-08-11',0,NULL,NULL,0,NULL,NULL,NULL,NULL,NULL,'UofT',0,0,NULL,0,'2007-10-28',0,'Aaron Bolarhino, UofT',NULL,NULL,'- no medical issues',0,NULL,NULL,NULL,1,NULL,NULL,NULL,NULL,NULL,NULL,NULL,NULL,NULL,NULL,NULL,'He has become inactive due to commitments at school. He may return in the spring of 2008 (dcvet - Nov 22, 2007)'),(420,1,1,1,'WC','nicolas',NULL,'hosein','Mr.',NULL,'1026 benton crt',NULL,NULL,'pickering','ON','l1x 1m7','Canada',NULL,NULL,NULL,'905 837 2832',NULL,'416 894 0195',NULL,'http://www.factoronto.com/images/bio_nophoto.jpg','http://www.aemma.org/arms/a/aemma_80.jpg',NULL,'M',0,1,NULL,'1082-10-01',0,NULL,NULL,0,NULL,NULL,NULL,NULL,NULL,NULL,0,0,NULL,0,NULL,0,NULL,NULL,NULL,NULL,0,NULL,NULL,NULL,0,NULL,NULL,NULL,NULL,NULL,NULL,NULL,NULL,NULL,NULL,NULL,NULL),(421,1,1,1,'JKD','Gregory',NULL,'Levey','Mr.',NULL,' 117 Madison Ave Apt 5',NULL,NULL,NULL,'ON','m5r 2s3','Canada',NULL,NULL,NULL,'416-888-1864','gregorylevey@hotmail.com',NULL,NULL,'http://www.factoronto.com/images/bio_nophoto.jpg','http://www.aemma.org/arms/a/aemma_80.jpg',NULL,'M',0,0,NULL,NULL,0,NULL,NULL,0,NULL,NULL,NULL,NULL,NULL,NULL,0,0,NULL,0,NULL,0,NULL,NULL,NULL,NULL,0,NULL,NULL,NULL,0,NULL,NULL,NULL,NULL,NULL,NULL,NULL,NULL,NULL,NULL,NULL,'paying six mo so 1mo free not here dec 07 so add one month'),(422,2,2,4,'TTAC3','Mario',NULL,'Tan','Mr.',NULL,'156 Princess St',NULL,NULL,'Etobicoke','ON','M9B2Z5','Canada',NULL,NULL,NULL,NULL,NULL,NULL,NULL,'http://www.factoronto.com/images/bio_nophoto.jpg','http://www.aemma.org/arms/a/aemma_80.jpg',NULL,'',0,0,NULL,NULL,0,NULL,NULL,0,NULL,NULL,NULL,NULL,NULL,NULL,0,0,NULL,0,'2007-11-02',0,NULL,'2009-04-01','2008-11-05',NULL,0,NULL,NULL,NULL,1,NULL,NULL,NULL,NULL,NULL,NULL,NULL,NULL,NULL,NULL,NULL,NULL),(423,2,2,2,'TTAC3','Stephen',NULL,'Fong','Mr.',NULL,NULL,NULL,NULL,NULL,'ON',NULL,'Canada',NULL,NULL,NULL,NULL,NULL,NULL,NULL,'http://www.factoronto.com/images/bio_nophoto.jpg','http://www.aemma.org/arms/a/aemma_80.jpg',NULL,'',0,0,NULL,NULL,0,NULL,NULL,0,NULL,NULL,NULL,NULL,NULL,NULL,0,0,NULL,0,NULL,0,NULL,'2008-07-15','2008-03-15',NULL,0,NULL,NULL,NULL,1,NULL,NULL,NULL,NULL,NULL,NULL,NULL,NULL,NULL,NULL,NULL,NULL),(424,2,2,2,'TTAC3','Alan',NULL,'Chan','Mr.',NULL,NULL,NULL,NULL,NULL,'ON',NULL,'Canada',NULL,NULL,NULL,NULL,NULL,NULL,NULL,'http://www.factoronto.com/images/bio_nophoto.jpg','http://www.aemma.org/arms/a/aemma_80.jpg',NULL,'',0,0,NULL,NULL,0,NULL,NULL,0,NULL,NULL,NULL,NULL,NULL,NULL,0,0,NULL,0,NULL,0,NULL,'2009-08-01','2008-10-05',NULL,0,NULL,NULL,NULL,1,NULL,NULL,NULL,NULL,NULL,NULL,NULL,NULL,NULL,NULL,NULL,NULL),(425,2,2,3,'TTAC3','Shawn',NULL,'Bishop','Mr.',NULL,NULL,NULL,NULL,NULL,'ON',NULL,'Canada',NULL,NULL,NULL,NULL,NULL,NULL,NULL,'http://www.factoronto.com/images/bio_nophoto.jpg','http://www.aemma.org/arms/a/aemma_80.jpg',NULL,'',0,0,NULL,NULL,0,NULL,NULL,0,NULL,NULL,NULL,NULL,NULL,NULL,0,0,NULL,0,NULL,0,NULL,'2008-05-15',NULL,NULL,0,NULL,NULL,NULL,1,NULL,NULL,NULL,NULL,NULL,NULL,NULL,NULL,NULL,NULL,NULL,NULL),(426,1,1,1,'WC','dennis',NULL,'fonseca','Mr.',NULL,'512 salem ave',NULL,NULL,NULL,'ON','m6m 3e1','Canada','416 504 4766',NULL,NULL,'647 828 8679',NULL,NULL,NULL,'http://www.factoronto.com/images/bio_nophoto.jpg','http://www.aemma.org/arms/a/aemma_80.jpg','security','M',0,0,NULL,'1976-11-06',0,NULL,NULL,0,NULL,NULL,NULL,NULL,NULL,NULL,0,0,NULL,0,'2007-11-06',0,NULL,'2007-12-15',NULL,NULL,0,NULL,NULL,NULL,0,NULL,NULL,NULL,NULL,NULL,NULL,NULL,NULL,NULL,NULL,NULL,NULL),(427,1,3,2,'JKD','Gregor',NULL,'Gatermann','Mr.',NULL,'180 Bain Ave',NULL,NULL,'toronto','ON','m4n1g1','Canada',NULL,'647-343-5067',NULL,NULL,NULL,NULL,NULL,'http://www.factoronto.com/images/bio_nophoto.jpg','http://www.aemma.org/arms/a/aemma_80.jpg',NULL,'M',0,1,NULL,NULL,0,NULL,NULL,0,NULL,NULL,NULL,NULL,NULL,NULL,0,0,NULL,0,'2007-11-07',0,NULL,'2007-12-15',NULL,NULL,0,NULL,NULL,NULL,0,NULL,NULL,NULL,NULL,NULL,NULL,NULL,NULL,NULL,NULL,NULL,NULL),(428,1,1,4,'WC','Kenneth',NULL,'Garvey','Mr.',NULL,'4978 yonge street',NULL,NULL,'toronto','ON','m2n 7g8','Canada',NULL,NULL,NULL,'416 894 3987','kennethgarvey2000@yahoo.ca',NULL,NULL,'http://www.factoronto.com/images/bio_nophoto.jpg','http://www.aemma.org/arms/a/aemma_80.jpg','bartender','M',0,0,NULL,'1972-04-18',0,NULL,NULL,0,NULL,NULL,NULL,NULL,NULL,NULL,0,0,NULL,0,NULL,0,NULL,'2008-05-15',NULL,NULL,0,NULL,NULL,NULL,0,NULL,NULL,NULL,NULL,NULL,NULL,NULL,NULL,NULL,NULL,NULL,NULL),(429,2,2,4,'TTAC3',NULL,'Patrick','Stephenson','Mr.',NULL,NULL,NULL,NULL,NULL,'ON',NULL,'Canada',NULL,NULL,NULL,NULL,NULL,NULL,NULL,'http://www.factoronto.com/images/bio_nophoto.jpg','http://www.aemma.org/arms/a/aemma_80.jpg',NULL,'',0,0,NULL,NULL,0,NULL,NULL,0,NULL,NULL,NULL,NULL,NULL,NULL,0,0,NULL,0,NULL,0,NULL,'2008-05-15','2007-11-19',NULL,0,NULL,NULL,NULL,1,NULL,NULL,NULL,NULL,NULL,NULL,NULL,NULL,NULL,NULL,NULL,NULL),(430,1,2,2,'TTAC3','Nguyen',NULL,'John','Mr.',NULL,'89 regent rd',NULL,NULL,NULL,'ON',NULL,'Canada','416-398-4737',NULL,NULL,NULL,'malestripper213@hotmail.com',NULL,NULL,'n','http://www.aemma.org/arms/a/aemma_80.jpg',NULL,'M',0,0,NULL,NULL,0,NULL,NULL,0,NULL,NULL,NULL,NULL,NULL,NULL,0,0,NULL,0,'2007-12-04',0,NULL,'2008-02-29','2008-02-01',NULL,0,NULL,NULL,NULL,0,NULL,NULL,NULL,NULL,NULL,NULL,NULL,NULL,NULL,NULL,NULL,NULL),(431,1,1,1,'JKD','Todd',NULL,'Hudson','Mr.',NULL,NULL,NULL,NULL,NULL,'ON',NULL,'Canada',NULL,NULL,NULL,NULL,NULL,NULL,NULL,'http://www.factoronto.com/images/bio_nophoto.jpg','http://www.aemma.org/arms/a/aemma_80.jpg',NULL,'M',0,0,NULL,NULL,0,NULL,NULL,0,NULL,NULL,NULL,NULL,NULL,NULL,0,0,NULL,0,NULL,0,NULL,'2008-04-17',NULL,NULL,0,NULL,NULL,NULL,0,NULL,NULL,NULL,NULL,NULL,NULL,NULL,NULL,NULL,NULL,NULL,NULL),(460,3,1,2,'AEMMA','I-cheng',NULL,'Liao',NULL,'Mr. I. Liao','908-925 Bay St.',NULL,NULL,'Toronto','ON','M5S 2W8','Canada','647-300-9099',NULL,NULL,NULL,'ohwokimo@hotmail.com',NULL,NULL,'http://www.aemma.org/images/bio_photos/bio_iliao.jpg','http://www.aemma.org/arms/a/aemma_80.jpg','engineering student','M',0,0,NULL,'1986-03-08',0,NULL,NULL,0,NULL,NULL,NULL,NULL,NULL,'University of Toronto',0,0,'June 4 2008, suffered lower back strain in JKD class',0,'2008-05-07',0,'web site','2008-06-30','2008-06-02',NULL,0,NULL,NULL,NULL,1,NULL,NULL,NULL,NULL,NULL,NULL,NULL,NULL,NULL,NULL,NULL,'I-cheng brought in the new member free month on may 7 - he will be good till the end of may (dcvet - may 7, 2008)'),(433,1,2,2,'TTAC3','Tyson',NULL,'Mark','Mr.',NULL,NULL,NULL,NULL,NULL,'ON',NULL,'Canada',NULL,NULL,NULL,NULL,NULL,NULL,NULL,'http://www.factoronto.com/images/bio_nophoto.jpg','http://www.aemma.org/arms/a/aemma_80.jpg',NULL,'',0,0,NULL,NULL,0,NULL,NULL,0,NULL,NULL,NULL,NULL,NULL,NULL,0,0,NULL,0,'2008-01-12',0,NULL,'2008-06-15','2008-01-15',NULL,0,NULL,NULL,NULL,0,NULL,NULL,NULL,NULL,NULL,NULL,NULL,NULL,NULL,NULL,NULL,NULL),(434,3,1,1,'AEMMA','Konrad',NULL,'Phillips','Mr.','Mr. P. Konrad','196 Princess Street',NULL,NULL,'Elora','ON','N0B 1S0','Canada','519-830-8770',NULL,NULL,'519-830-8770','darnokcastle@hotmail.com','Lisa Haagar','519-827-9685','http://www.aemma.org/images/bio_photos/bio_noPhotoDbase.jpg','http://www.aemma.org/arms/a/aemma_80.jpg',NULL,'M',0,0,NULL,NULL,0,NULL,NULL,0,NULL,NULL,NULL,NULL,NULL,NULL,0,0,NULL,0,'2007-11-01',0,NULL,NULL,NULL,NULL,0,NULL,NULL,NULL,1,NULL,NULL,NULL,NULL,NULL,NULL,NULL,NULL,NULL,NULL,NULL,'Phillip teaches theatrical fighting with SCA morons, and was part of \\\"blackthorn productions\\\" an SCA group.'),(435,1,1,3,'JKD','Mike',NULL,'maynard','Mr.',NULL,'459 Woodfield rd apt 2',NULL,NULL,'Toronto','ON',NULL,'Canada','416-465-8334',NULL,NULL,NULL,'antithetik@hotmail.com',NULL,NULL,'http://www.factoronto.com/images/bio_nophoto.jpg','http://www.aemma.org/arms/a/aemma_80.jpg',NULL,'M',0,0,NULL,NULL,0,NULL,NULL,0,NULL,NULL,NULL,NULL,NULL,NULL,0,0,NULL,0,'2008-01-28',0,NULL,'2008-07-28','2008-01-28',NULL,0,NULL,NULL,NULL,0,NULL,NULL,NULL,NULL,NULL,NULL,NULL,NULL,NULL,NULL,NULL,NULL),(436,1,1,1,'WC','Diaz',NULL,'Mauricio','Mr.',NULL,'80 Guestvile  Apt 303',NULL,NULL,'Toronto','ON','m6n 4n3','Canada','416-766-6871',NULL,NULL,NULL,NULL,NULL,NULL,'http://www.factoronto.com/images/bio_nophoto.jpg','http://www.aemma.org/arms/a/aemma_80.jpg',NULL,'M',0,0,NULL,NULL,0,NULL,NULL,0,NULL,NULL,NULL,NULL,NULL,NULL,0,0,NULL,0,'2008-02-01',0,NULL,'2008-03-01',NULL,NULL,0,NULL,NULL,NULL,0,NULL,NULL,NULL,NULL,NULL,NULL,NULL,NULL,NULL,NULL,NULL,NULL),(437,1,1,1,'JKD','Kevin',NULL,'Gribben','Mr.',NULL,NULL,NULL,NULL,NULL,'ON',NULL,'Canada',NULL,NULL,NULL,NULL,'kevingribben@hotmail.com',NULL,NULL,'http://www.factoronto.com/images/bio_nophoto.jpg','http://www.aemma.org/arms/a/aemma_80.jpg',NULL,'M',0,0,NULL,NULL,0,NULL,NULL,0,NULL,NULL,NULL,NULL,NULL,NULL,0,0,NULL,0,'2008-02-01',0,NULL,'2008-03-01',NULL,NULL,0,NULL,NULL,NULL,0,NULL,NULL,NULL,NULL,NULL,NULL,NULL,NULL,NULL,NULL,NULL,NULL),(438,6,4,2,'AEMMA','David','E','Smail','Mr.','Mr. D.E.Smail','2-589 Church St.',NULL,NULL,'Toronto','ON','M4Y 2E6','Canada','416-961-9494',NULL,NULL,NULL,'elanda@aei.ca','Ian Gallimere','416-964-7621','http://www.aemma.org/images/bio_photos/bio_dsmail.jpg','http://www.aemma.org/arms/a/aemma_80.jpg',NULL,'M',0,0,'Annette Perry','1955-11-10',0,NULL,NULL,0,NULL,NULL,NULL,NULL,NULL,NULL,0,0,NULL,0,'2008-02-16',0,NULL,'2008-04-15','2008-02-23','diabetic\r\nmeds: insulin\r\nallergies: cats',0,NULL,NULL,NULL,1,NULL,NULL,NULL,NULL,NULL,NULL,NULL,NULL,NULL,NULL,NULL,'David is on the family pack - $20/month for archery ($15 off)\r\nMembership suspended until further notice.'),(439,2,1,8,'AEMMA','Christopher','R','Murray','Mr.','Mr. C.R. Murray','1691 Gerrard St. E','Aprt# 503',NULL,'Toronto','ON','M4L 2B1','Canada','416-432-3746','416-345-2989',NULL,'416-432-3746','cmurray0805@rogers.com','Bob Sachsems','416-528-3231','http://www.aemma.org/images/bio_photos/bio_cmurray.jpg','http://www.aemma.org/arms/a/aemma_80.jpg','IT Professional','M',2,1,NULL,'1963-01-16',0,NULL,NULL,0,NULL,NULL,NULL,NULL,'B.Sc. (Eng)','Queens University',0,0,NULL,1,'2008-02-17',0,'surfing the web','2009-07-01','2009-04-03','ACL reconstruction (left knee)',0,NULL,NULL,'Had taken karate lessons many years ago.',1,NULL,NULL,NULL,NULL,NULL,NULL,NULL,NULL,NULL,NULL,NULL,'Feb 17: single cheque for $300 post-dated to Feb 21, 2008.'),(440,1,1,2,'TTAC3','James',NULL,'Brookes','Mr.',NULL,'524/11 Ruddington Dr.',NULL,NULL,'Toronto','ON','m2k2j6','Canada',NULL,NULL,NULL,NULL,'jpgbrookes@aol.com',NULL,NULL,'http://www.factoronto.com/images/bio_nophoto.jpg','http://www.aemma.org/arms/a/aemma_80.jpg',NULL,'M',0,0,NULL,NULL,0,NULL,NULL,0,NULL,NULL,NULL,NULL,NULL,NULL,0,0,NULL,0,NULL,0,NULL,'2008-03-31','2008-02-26',NULL,0,NULL,NULL,NULL,0,NULL,NULL,NULL,NULL,NULL,NULL,NULL,NULL,NULL,NULL,NULL,NULL),(441,3,2,2,'AEMMA','Julia','Ann','Garro','Ms.','Ms. J. A. Garro','279 Jarvis St.',NULL,NULL,'Toronto','ON','M5B 2P2','Canada','(416) 922-0687','(416) 644-5231',NULL,NULL,'julia.garro@xtra.ca','Holly Baines','(416) 922-0687','http://www.aemma.org/images/bio_photos/bio_jgarro.jpg','http://www.aemma.org/arms/a/aemma_80.jpg','editor','F',0,0,NULL,'1975-07-06',0,NULL,NULL,0,NULL,NULL,NULL,NULL,'B.Sc.',NULL,0,0,NULL,1,'2008-03-03',0,'surfing the web','2008-05-15','2008-03-03','meds: flovent/ventillis (asthma inhalers)\r\nallergies: dust, cats/dogs',0,NULL,NULL,NULL,1,NULL,NULL,NULL,NULL,NULL,NULL,NULL,NULL,NULL,NULL,NULL,'Julia will return to regular training in September after the summer. (dcvet jul 2008)'),(442,2,10,2,'AEMMA','James',NULL,'Broadley','Mr.','Mr. J. Broadley','5 Mallory Gardens','Apt# 1001',NULL,'Toronto','ON','M5V 2A7','Canada','416-975-4537','416-859-9842',NULL,NULL,'james.broadley@sympatico.ca','Dr. Schectman','Bloor Medical','http://www.aemma.org/images/bio_photos/bio_jbroadley.jpg','http://www.aemma.org/arms/a/aemma_80.jpg','TV producer','M',0,0,NULL,'1970-07-02',0,NULL,NULL,0,NULL,NULL,NULL,NULL,'B.F.A.','York University',0,0,'has incurred a shoulder injury - will not shoot till healed - date of return unknown (jul 2008 - dcvet)',1,'2008-03-29',0,NULL,'2009-01-31','2008-10-18','seasonal allergies',0,NULL,NULL,NULL,1,NULL,NULL,NULL,NULL,NULL,NULL,NULL,NULL,NULL,NULL,NULL,'has incurred a shoulder injury - will not shoot till healed - date of return unknown (jul 2008 - dcvet)\r\n\r\nLearned archery in ROM Medieval Longbow course.\r\n\r\nJames changed to occasional shooter status.'),(443,1,8,1,'AEMMA','Lawrence',NULL,'Middleton','Mr.','Mr. L. Middleton',NULL,NULL,NULL,'Toronto','ON',NULL,'Canada',NULL,NULL,NULL,NULL,'larsomatic@sympatico.ca',NULL,NULL,'http://www.aemma.org/images/bio_photos/bio_noPhotoDbase.jpg','http://www.aemma.org/arms/a/aemma_80.jpg',NULL,'M',0,0,NULL,NULL,0,NULL,NULL,0,NULL,NULL,NULL,NULL,NULL,NULL,0,0,NULL,0,'2008-03-22',0,'ROM','2008-04-26','2008-03-15',NULL,0,NULL,NULL,NULL,1,NULL,NULL,NULL,NULL,NULL,NULL,NULL,NULL,NULL,NULL,NULL,NULL),(444,1,8,1,'AEMMA','Willadean',NULL,'Leo','Ms.','Ms. W. Leo',NULL,NULL,NULL,'Toronto','ON',NULL,'Canada',NULL,NULL,NULL,NULL,'willadeanleo@hotmail.com',NULL,NULL,'http://www.aemma.org/images/bio_photos/bio_noPhotoDbase.jpg','http://www.aemma.org/arms/a/aemma_80.jpg',NULL,'M',0,0,NULL,NULL,0,NULL,NULL,0,NULL,NULL,NULL,NULL,NULL,NULL,0,0,NULL,0,'2008-03-22',0,NULL,'2008-04-26','2008-03-22',NULL,0,NULL,NULL,NULL,1,NULL,NULL,NULL,NULL,NULL,NULL,NULL,NULL,NULL,NULL,NULL,NULL),(445,1,8,1,'AEMMA','Edward',NULL,'Osadec','Mr.','Mr. E. Osadec',NULL,NULL,NULL,'Toronto','ON',NULL,'Canada',NULL,NULL,NULL,NULL,'edozzie@hotmail.com',NULL,NULL,'http://www.aemma.org/images/bio_photos/bio_noPhotoDbase.jpg','http://www.aemma.org/arms/a/aemma_80.jpg',NULL,'M',0,0,NULL,NULL,0,NULL,NULL,0,NULL,NULL,NULL,NULL,NULL,NULL,0,0,NULL,0,'2008-03-22',0,'ROM','2008-04-26','2008-03-22',NULL,0,NULL,NULL,NULL,1,NULL,NULL,NULL,NULL,NULL,NULL,NULL,NULL,NULL,NULL,NULL,'His two daughters took the winter 2008 ROM swordsmanship course. They were Val (sunny_shine3@hotmail.com) and Holly (tin_grin_90@hotmail.com) - dcvet Mar 29, 2008'),(446,1,8,1,'AEMMA','Wayne',NULL,'Duilan','Mr.','Mr. W. Duilan',NULL,NULL,NULL,'Toronto','ON',NULL,'Canada',NULL,NULL,NULL,NULL,'wayne_duinlan@hotmail.com',NULL,NULL,'http://www.aemma.org/images/bio_photos/bio_noPhotoDbase.jpg','http://www.aemma.org/arms/a/aemma_80.jpg',NULL,'M',0,0,NULL,NULL,0,NULL,NULL,0,NULL,NULL,NULL,NULL,NULL,NULL,0,0,NULL,0,'2008-03-22',0,'ROM','2008-04-26','2008-03-22',NULL,0,NULL,NULL,NULL,1,NULL,NULL,NULL,NULL,NULL,NULL,NULL,NULL,NULL,NULL,NULL,'ROM swordsmanship course - Mar-Apr 2008.'),(447,1,8,1,'AEMMA','Mark',NULL,'Morrissey','Mr.','Mr. M. Morrissey',NULL,NULL,NULL,'Toronto','ON',NULL,'Canada',NULL,NULL,NULL,NULL,'mark_morrissey12@hotmail.com',NULL,NULL,'http://www.aemma.org/images/bio_photos/bio_noPhotoDbase.jpg','http://www.aemma.org/arms/a/aemma_80.jpg',NULL,'M',0,0,NULL,NULL,0,NULL,NULL,0,NULL,NULL,NULL,NULL,NULL,NULL,0,0,NULL,0,'2008-03-22',0,'ROM','2008-04-26','2008-03-22',NULL,0,NULL,NULL,NULL,1,NULL,NULL,NULL,NULL,NULL,NULL,NULL,NULL,NULL,NULL,NULL,'ROM swordsmanship course - Mar-Apr 2008.'),(448,1,8,1,'AEMMA','Donald',NULL,'Goodspeed','Mr.','Mr. D. Goodspeed',NULL,NULL,NULL,'Toronto','ON',NULL,'Canada',NULL,NULL,NULL,NULL,'pgoodspeed@cogeco.ca',NULL,NULL,'http://www.aemma.org/images/bio_photos/bio_noPhotoDbase.jpg','http://www.aemma.org/arms/a/aemma_80.jpg',NULL,'M',0,0,NULL,NULL,0,NULL,NULL,0,NULL,NULL,NULL,NULL,NULL,NULL,0,0,NULL,0,'2008-03-22',0,'ROM','2008-04-26','2008-03-22',NULL,0,NULL,NULL,NULL,1,NULL,NULL,NULL,NULL,NULL,NULL,NULL,NULL,NULL,NULL,NULL,'ROM swordsmanship course - Mar-Apr 2008.'),(450,1,8,1,'AEMMA','Zoe',NULL,'Griffiths','Ms.','Ms. Z. Griffiths',NULL,NULL,NULL,'Toronto','ON',NULL,'Canada',NULL,NULL,NULL,NULL,'zsgriffiths@gmail.com',NULL,NULL,'http://www.aemma.org/images/bio_photos/bio_noPhotoDbase.jpg','http://www.aemma.org/arms/a/aemma_80.jpg','student','F',0,0,NULL,NULL,0,NULL,NULL,0,NULL,NULL,NULL,NULL,NULL,NULL,0,0,NULL,0,'2008-03-22',0,'ROM','2008-04-26','2008-03-22',NULL,0,NULL,NULL,NULL,1,NULL,NULL,NULL,NULL,NULL,NULL,NULL,NULL,NULL,NULL,NULL,'ROM swordsmanship course - Mar-Apr 2008. Her first class, she fainted, and Frank had to call her mother to pick her up. She has strange tracks of scarring on her forearms.'),(449,1,8,1,'AEMMA','Len',NULL,'Stevano','Mr.','Mr. L. Stevano',NULL,NULL,NULL,'Toronto','ON',NULL,'Canada',NULL,NULL,NULL,NULL,'boltonvet@bellnet.ca',NULL,NULL,'http://www.aemma.org/images/bio_photos/bio_noPhotoDbase.jpg','http://www.aemma.org/arms/a/aemma_80.jpg','veternarian','M',0,0,NULL,NULL,0,NULL,NULL,0,NULL,NULL,NULL,NULL,NULL,NULL,0,0,NULL,0,'2008-03-22',0,'ROM','2008-04-26','2008-03-22',NULL,0,NULL,NULL,NULL,1,NULL,NULL,NULL,NULL,NULL,NULL,NULL,NULL,NULL,NULL,NULL,'ROM swordsmanship course - Mar-Apr 2008.  He is also the veterinarian for Arielas grandparents pet cat! '),(451,1,8,1,'AEMMA','Shelby',NULL,'Benson','Ms.','Ms. S. Benson',NULL,NULL,NULL,'Toronto','ON',NULL,'Canada',NULL,NULL,NULL,NULL,'shelby.benson@tcl.com',NULL,NULL,'http://www.aemma.org/images/bio_photos/bio_noPhotoDbase.jpg','http://www.aemma.org/arms/a/aemma_80.jpg',NULL,'F',0,0,NULL,NULL,0,NULL,NULL,0,NULL,NULL,NULL,NULL,NULL,NULL,0,0,NULL,0,'2008-03-22',0,'ROM','2008-04-26','2008-03-22',NULL,0,NULL,NULL,NULL,1,NULL,NULL,NULL,NULL,NULL,NULL,NULL,NULL,NULL,NULL,NULL,'ROM swordsmanship course - Mar-Apr 2008. '),(452,1,8,1,'AEMMA','Julia',NULL,'Bolotina','Ms.','Ms. J. Bolotina',NULL,NULL,NULL,'Toronto','ON',NULL,'Canada',NULL,NULL,NULL,NULL,'j.bolotina@rogers.com',NULL,NULL,'http://www.aemma.org/images/bio_photos/bio_noPhotoDbase.jpg','http://www.aemma.org/arms/a/aemma_80.jpg',NULL,'F',0,0,NULL,NULL,0,NULL,NULL,0,NULL,NULL,NULL,NULL,NULL,NULL,0,0,NULL,0,'2008-03-22',0,'ROM','2008-04-26','2008-03-22',NULL,0,NULL,NULL,NULL,1,NULL,NULL,NULL,NULL,NULL,NULL,NULL,NULL,NULL,NULL,NULL,'ROM swordsmanship course - Mar-Apr 2008. '),(453,1,8,1,'AEMMA','Sherry',NULL,'Taylor','Ms.','Ms. S. Taylor',NULL,NULL,NULL,'Toronto','ON',NULL,'Canada',NULL,NULL,NULL,NULL,'velcrodog@rogers.com',NULL,NULL,'http://www.aemma.org/images/bio_photos/bio_noPhotoDbase.jpg','http://www.aemma.org/arms/a/aemma_80.jpg',NULL,'F',0,0,NULL,NULL,0,NULL,NULL,0,NULL,NULL,NULL,NULL,NULL,NULL,0,0,NULL,0,'2008-03-22',0,'ROM','2008-04-26','2008-03-22',NULL,0,NULL,NULL,NULL,1,NULL,NULL,NULL,NULL,NULL,NULL,NULL,NULL,NULL,NULL,NULL,'ROM swordsmanship course - Mar-Apr 2008. '),(454,1,8,1,'AEMMA','Jason',NULL,'Takata','Mr.','Ms. J. Takata',NULL,NULL,NULL,'Toronto','ON',NULL,'Canada',NULL,NULL,NULL,NULL,'jason_takata@hotmail.com',NULL,NULL,'http://www.aemma.org/images/bio_photos/bio_noPhotoDbase.jpg','http://www.aemma.org/arms/a/aemma_80.jpg',NULL,'M',0,0,NULL,NULL,0,NULL,NULL,0,NULL,NULL,NULL,NULL,NULL,NULL,0,0,NULL,0,'2008-03-22',0,'ROM','2008-04-26','2008-03-22',NULL,0,NULL,NULL,NULL,1,NULL,NULL,NULL,NULL,NULL,NULL,NULL,NULL,NULL,NULL,NULL,'ROM swordsmanship course - Mar-Apr 2008. '),(455,1,8,1,'AEMMA','Chris',NULL,'Vass','Mr.','Mr. C. Vass',NULL,NULL,NULL,'Toronto','ON',NULL,'Canada',NULL,NULL,NULL,NULL,'cvass@rstc.on.ca',NULL,NULL,'http://www.aemma.org/images/bio_photos/bio_noPhotoDbase.jpg','http://www.aemma.org/arms/a/aemma_80.jpg',NULL,'M',0,0,NULL,NULL,0,NULL,NULL,0,NULL,NULL,NULL,NULL,NULL,NULL,0,0,NULL,0,'2008-03-22',0,'ROM','2008-04-26','2008-03-22',NULL,0,NULL,NULL,NULL,1,NULL,NULL,NULL,NULL,NULL,NULL,NULL,NULL,NULL,NULL,NULL,'ROM swordsmanship course - Mar-Apr 2008. '),(456,1,8,1,'AEMMA','Alex',NULL,'Desjardins','Mr.','Ms. A. Desjardins',NULL,NULL,NULL,'Toronto','ON',NULL,'Canada',NULL,NULL,NULL,NULL,'monsieurdesjardins@gmail.com',NULL,NULL,'http://www.aemma.org/images/bio_photos/bio_noPhotoDbase.jpg','http://www.aemma.org/arms/a/aemma_80.jpg',NULL,'M',0,0,NULL,NULL,0,NULL,NULL,0,NULL,NULL,NULL,NULL,NULL,NULL,0,0,NULL,0,'2008-03-22',0,'ROM','2008-04-26','2008-03-22',NULL,0,NULL,NULL,NULL,1,NULL,NULL,NULL,NULL,NULL,NULL,NULL,NULL,NULL,NULL,NULL,'ROM swordsmanship course - Mar-Apr 2008. '),(457,1,1,1,'TTAC3','Mike',NULL,'Chan','Mr.',NULL,NULL,NULL,NULL,NULL,'ON',NULL,'Canada',NULL,NULL,NULL,NULL,NULL,NULL,NULL,'http://www.factoronto.com/images/bio_nophoto.jpg','http://www.aemma.org/arms/a/aemma_80.jpg',NULL,'',0,0,NULL,NULL,0,NULL,NULL,0,NULL,NULL,NULL,NULL,NULL,NULL,0,0,NULL,0,'2008-04-01',0,NULL,'2009-04-01',NULL,NULL,0,NULL,NULL,NULL,1,NULL,NULL,NULL,NULL,NULL,NULL,NULL,NULL,NULL,NULL,NULL,'Mike won a one year universal membership at tac08'),(458,1,2,3,'TTAC3','Sayed',NULL,'Zafar','Mr.',NULL,'806 Lansdown Ave apt 707',NULL,NULL,'Toronto','ON','mgh4k2','Canada','416 833 4162',NULL,NULL,NULL,NULL,'Nagim Zafar','416 230 3718','http://www.factoronto.com/images/bio_nophoto.jpg','http://www.aemma.org/arms/a/aemma_80.jpg',NULL,'',0,1,NULL,NULL,0,NULL,NULL,0,NULL,NULL,NULL,NULL,'College','George Brown',0,0,NULL,0,'2008-04-18',0,NULL,'2008-06-15','2008-05-23',NULL,0,NULL,NULL,NULL,1,NULL,NULL,NULL,NULL,NULL,NULL,NULL,NULL,NULL,NULL,NULL,NULL),(461,1,1,1,'TTAC3','Albert',NULL,'Kwan','Mr.',NULL,'3 Brownspring Road',NULL,NULL,'Toronto','ON',NULL,'Canada',NULL,NULL,NULL,NULL,NULL,NULL,NULL,'http://www.factoronto.com/images/bio_nophoto.jpg','http://www.aemma.org/arms/a/aemma_80.jpg',NULL,'M',0,1,NULL,NULL,0,NULL,NULL,0,NULL,NULL,NULL,NULL,NULL,NULL,1,0,NULL,0,'2008-06-01',0,NULL,'2009-06-01','2008-05-20',NULL,0,NULL,NULL,NULL,9,NULL,NULL,NULL,NULL,NULL,NULL,NULL,NULL,NULL,NULL,NULL,'Albert received 1 year Free FACT Committed membership at TAC08 '),(462,2,2,2,'AEMMA','Brian',NULL,'Joudrey','Mr.','Mr. B. Joudrey','46 Hillside Dr.',NULL,NULL,'Cornwallis','NS','B0S 1H0','Canada','902-638-8464','902-245-7444',NULL,'902-250-0087','bjoudrey@accesswave.ca','Faye Joudrey','902-638-8464/902-247','http://www.aemma.org/images/bio_photos/bio_bjoudrey.jpg','http://www.aemma.org/arms/a/aemma_80.jpg','network administrator','M',2,0,'Faye','1977-07-08',0,NULL,NULL,0,NULL,NULL,NULL,NULL,NULL,NULL,0,0,NULL,1,'2008-07-02',0,'pamphlets',NULL,NULL,'right knee cartilage tear/ACL strain',0,NULL,'- arming sword from Charles, belt from Kel, gauntlets from revival.us, AEMMA t-shirt',NULL,1,NULL,NULL,NULL,NULL,NULL,NULL,NULL,NULL,NULL,NULL,NULL,'8-week introductory course during the summer of 2008, Smiths Cove.'),(463,3,2,1,'AEMMA','Paul',NULL,'Gilbert','Mr.','Mr. P. Gilbert','P.O.Box 267',NULL,NULL,'Digby','NS',NULL,'Canada','902-467-3439','902-245-4731',NULL,'902-247-2580','pgilb69@hotmail.com','Dr. Paula Carmiceul','902-245-5272','http://www.aemma.org/images/bio_photos/bio_noPhotoDbase.jpg','http://www.aemma.org/arms/a/aemma_80.jpg','labourer - WIlsons','M',2,0,NULL,'1957-06-03',0,NULL,NULL,0,NULL,NULL,NULL,NULL,NULL,NULL,0,0,NULL,0,'2008-07-02',0,'word of mouth',NULL,NULL,'2 herniated disks lower back',0,NULL,NULL,NULL,1,NULL,NULL,NULL,NULL,NULL,NULL,NULL,NULL,NULL,NULL,NULL,'8-week introductory course during the summer of 2008, Smiths Cove.'),(464,2,2,2,'AEMMA','Tommy',NULL,'Gilbert','Mr.','Mr. T. Gilbert','P.O.Box 267',NULL,NULL,'Digby','ON',NULL,'Canada','902-467-3439',NULL,NULL,'902-247-2580 (Paul)','pgilb69@hotmail.com','Dr. Paula Carmiceul','902-245-5272','http://www.aemma.org/images/bio_photos/bio_tgilbert.jpg','http://www.aemma.org/arms/a/aemma_80.jpg','student','M',2,1,NULL,'1994-07-10',0,NULL,NULL,0,NULL,NULL,NULL,NULL,NULL,NULL,0,0,NULL,0,'2008-07-02',0,'pamphlets',NULL,NULL,NULL,0,NULL,'- arming sword from Charles, belt from Kel, gauntlets from revival.us, AEMMA t-shirt',NULL,1,NULL,NULL,NULL,NULL,NULL,NULL,NULL,NULL,NULL,NULL,NULL,'8-week introductory course during the summer of 2008, Smiths Cove.'),(465,2,2,2,'AEMMA','Jurgen','D.','Griegoshchewski','Mr.','Mr. J.D.Griegoshchewski','RR#1 ','1194 MaryJaneRiely Rd.',NULL,'Bear River East','NS','B0S 1B0','Canada','902-467-0114','902-245-5560',NULL,NULL,'deamaul@hotmail.com','Katy Griegoshchewski','902-467-0114','http://www.aemma.org/images/bio_photos/bio_jgriegoshchewski.jpg','http://www.aemma.org/arms/a/aemma_80.jpg','hair stylist','M',2,0,'Katy','1966-07-06',0,NULL,NULL,0,NULL,NULL,NULL,NULL,NULL,NULL,0,0,NULL,1,'2008-07-02',0,'Mark Ameriault',NULL,NULL,NULL,0,NULL,'- arming sword from Charles, belt from Kel, gauntlets from revival.us, AEMMA t-shirt',NULL,1,NULL,NULL,NULL,NULL,NULL,NULL,NULL,NULL,NULL,NULL,NULL,'8-week introductory course during the summer of 2008, Smiths Cove.'),(466,2,2,2,'AEMMA','Mark','William','Amirault','Mr.','Mr. M.W.Amirault','P.O. Box 1383',NULL,NULL,'Digby','NS','B0V 1A0','Canada','902-245-6348','902-245-5727',NULL,NULL,'mark.amirault@gmail.com',NULL,NULL,'http://www.aemma.org/images/bio_photos/bio_mamirault.jpg','http://www.aemma.org/arms/a/aemma_80.jpg','proprietor - photo shop','M',2,0,'Joy','1966-07-15',0,NULL,NULL,0,NULL,NULL,NULL,NULL,'Univ',NULL,0,0,NULL,1,'2008-07-02',0,'word of mouth',NULL,NULL,'allergies: poison oak & poison ivy\r\nprev injuries: wrecked ankle, both knees, shoulers, neck.',0,NULL,'- arming/longsword from Charles, belt from Kel, gauntlets from revival.us, AEMMA t-shirt, universal fencing mask from Fleche',NULL,1,NULL,NULL,NULL,NULL,NULL,NULL,NULL,NULL,NULL,NULL,NULL,'8-week introductory course during the summer of 2008, Smiths Cove.'),(467,2,2,2,'AEMMA','Robert','Glenn','Wilkinson','Mr.','Mr. R.G. Wilkinson','P.O. Box 1143','46 Lighthouse Rd.',NULL,'Digby','NS','B0V 1A0','Canada','902-245-1049','902-245-4731',NULL,NULL,'sara_rob@hotmail.com','Sara Wilkinson','902-245-1049','http://www.aemma.org/images/bio_photos/bio_rwilkinson.jpg','http://www.aemma.org/arms/a/aemma_80.jpg','store clerk - Home Hardware','M',2,0,'Sara','1977-12-23',0,NULL,NULL,0,NULL,NULL,NULL,NULL,NULL,NULL,0,0,NULL,0,'2008-07-02',0,NULL,NULL,NULL,'previous injuries: broken collar bone',0,NULL,'- arming sword from Charles, belt from Kel, gauntlets from revival.us, AEMMA t-shirt',NULL,1,NULL,NULL,NULL,NULL,NULL,NULL,NULL,NULL,NULL,NULL,NULL,'8-week introductory course during the summer of 2008, Smiths Cove.'),(468,3,2,2,'AEMMA','Henri',NULL,'Bailly','Mr.','Mr. H. Bailly','P.O. Box 75',NULL,NULL,'Smiths Cove','NS','B0S 1S0','Canada','902-247 5076',NULL,NULL,'902-247 5076','cokerrb@ns.sympatico.ca','Brian Coker',NULL,'http://www.aemma.org/images/bio_photos/bio_hbailly.jpg','http://www.aemma.org/arms/a/aemma_80.jpg','retired','M',4,0,NULL,'1940-08-28',0,NULL,NULL,0,NULL,NULL,NULL,NULL,NULL,NULL,0,0,NULL,0,'2008-07-02',0,'word of mouth',NULL,NULL,'lower back problems - on pain killers',0,NULL,NULL,NULL,1,NULL,NULL,NULL,NULL,NULL,NULL,NULL,NULL,NULL,NULL,NULL,'8-week introductory course during the summer of 2008, Smiths Cove.'),(469,2,2,1,'AEMMA','Dieter',NULL,'Jilge','Mr.','Mr. D. Jilge','7383 RR#1',NULL,NULL,'Granville','NS','B0S 1K0','Canada','(902) 665-2238','(902) 665-2238',NULL,'(902) 532-1481','dietersgraphics@ns.aliantzinc.ca','Marion Jilge','(902) 665-5229','http://www.aemma.org/images/bio_photos/bio_djilge.jpg','http://www.aemma.org/arms/a/aemma_80.jpg','master signmaker','M',0,0,'Marion','1952-05-11',0,NULL,'swords, medieval history',0,NULL,NULL,NULL,NULL,NULL,NULL,0,0,NULL,1,'2008-07-23',0,'word of mouth',NULL,NULL,NULL,0,NULL,'- arming swords from Charles, gauntlets from revival.us, AEMMA t-shirt',NULL,1,NULL,NULL,NULL,NULL,NULL,NULL,NULL,NULL,NULL,NULL,NULL,'Dieter heard about AEMMA through Gladiatores in Germany before he moved to NS three years ago. He had printed out Book#1 for his reference.  He is 56 years old. (dcvet - July 2008)'),(470,6,4,3,'AEMMA','David',NULL,'O_Grady','Mr.',NULL,NULL,NULL,NULL,'Toronto','ON',NULL,'Canada','905-279-2180',NULL,NULL,NULL,'dogrady34@rogers.com',NULL,NULL,'http://www.aemma.org/images/bio_photos/bio_noPhotoDbase.jpg','http://www.aemma.org/arms/a/aemma_80.jpg',NULL,'M',0,0,NULL,NULL,0,NULL,NULL,0,NULL,NULL,NULL,NULL,NULL,NULL,0,0,NULL,0,'2007-04-14',0,NULL,'2010-01-30','2009-10-31',NULL,0,NULL,NULL,NULL,9,NULL,NULL,NULL,NULL,NULL,NULL,NULL,NULL,NULL,NULL,NULL,'Joined after completing ROM Medieval Longbow course. Membership suspended due to health issues. Returned May 23, 2009'),(471,2,10,2,'AEMMA','Mia',NULL,'Franschman','Ms.',NULL,NULL,NULL,NULL,'Toronto','ON',NULL,'Canada','416-423-7391',NULL,NULL,NULL,'yaddayaddayadda8@hotmail.com',NULL,NULL,'http://www.aemma.org/images/bio_photos/bio_noPhotoDbase.jpg','http://www.aemma.org/arms/a/aemma_80.jpg',NULL,'',0,0,NULL,NULL,0,NULL,NULL,0,NULL,NULL,NULL,NULL,NULL,NULL,0,0,NULL,0,'2008-08-16',0,NULL,'2009-10-10','2009-07-11',NULL,0,NULL,NULL,NULL,9,NULL,NULL,NULL,NULL,NULL,NULL,NULL,NULL,NULL,NULL,NULL,'Joined after taking ROM Medieval Longbow course.\r\n\r\nChanged to occasional shooter because of family time demands.'),(473,3,1,2,'AEMMA','Jason',NULL,'Fraser','Mr.',NULL,'125 Parkway Forest Drive',NULL,NULL,'Toronto','ON','m2s1l9','Canada','4167934935',NULL,NULL,'6478934937','Jason.fraser@gmail.com',NULL,NULL,'http://www.aemma.org/images/bio_photos/bio_noPhotoDbase.jpg','http://www.aemma.org/arms/a/aemma_80.jpg','Compliance assistant','M',0,0,NULL,NULL,0,NULL,NULL,0,NULL,NULL,NULL,NULL,NULL,NULL,0,0,NULL,0,'2008-07-01',0,NULL,'2008-10-01','2008-09-08',NULL,0,NULL,NULL,NULL,1,NULL,NULL,NULL,NULL,NULL,NULL,NULL,NULL,NULL,NULL,NULL,NULL),(474,2,5,3,'AEMMA','Beau','Frank','Brock','Mr.',NULL,'224 Oakwood Avenue',NULL,NULL,'Toronto','ON','M6E 2V4','Canada','4165599137',NULL,NULL,NULL,'beau.brock@utoronto.ca',NULL,NULL,'http://www.aemma.org/images/bio_photos/bio_bbrock.jpg','http://www.aemma.org/arms/b/brock_80.jpg','Student','M',4,1,NULL,'1985-06-01',0,NULL,NULL,0,'Acadamie Duello',NULL,NULL,NULL,'BA','University of Toronto',0,0,NULL,1,'2008-09-07',0,NULL,'2009-06-01','2008-09-15',NULL,0,NULL,NULL,NULL,3,'2010-11-06',NULL,NULL,NULL,NULL,NULL,NULL,NULL,NULL,NULL,NULL,'Beau is a assistant instructor from Acadamie Duello in BC and comes highly recommended and praised by ADs instructor, Devon Boorman. We will be looking at degree Equivelancies between AEMMA and AD\r\n- alternate email: richterbelmont83@gmail.com\r\n- was awarded \\\"Visiting Scholler\\\", Sep 21, 2008\r\n- successfully challenged for Free Scholler, Nov 6, 2010'),(475,3,1,4,'AEMMA','Tara',NULL,'Murphy','Ms.',NULL,'636 Shaw St',NULL,NULL,'Toronto','ON','M6G 3L7','Canada','(647) 290-3349',NULL,NULL,'(647) 290-3349','evilcritters@hotmail.com',NULL,NULL,'http://www.aemma.org/images/bio_photos/bio_tmurphy.jpg','http://www.aemma.org/arms/a/aemma_80.jpg','Special Effects Technician','F',6,0,NULL,'1971-09-03',0,NULL,NULL,0,NULL,NULL,NULL,NULL,'BA Hon',NULL,0,0,NULL,0,'2008-09-14',0,'Internet','2009-07-01','2009-04-03',NULL,0,NULL,NULL,NULL,1,NULL,NULL,NULL,NULL,NULL,NULL,NULL,NULL,NULL,NULL,NULL,'First Month free, Prior SCA experience.. upgraded to committed Oct 22\r\n'),(476,2,2,8,'AEMMA','Leonard',NULL,'Stevano','Mr.',NULL,'288 Queen St South',NULL,NULL,'Bolton','ON','l7e4z5','Canada','9058573746',NULL,NULL,NULL,'boltonvet@bellnet.ca',NULL,NULL,'http://www.aemma.org/images/bio_photos/bio_lStevano.jpg','http://www.aemma.org/arms/a/aemma_80.jpg','Veterinarian','M',2,0,NULL,'1962-11-14',0,NULL,NULL,0,NULL,NULL,'DVM',NULL,NULL,NULL,0,0,NULL,1,'2008-09-01',0,'ROM','2010-11-15','2009-11-08',NULL,0,NULL,NULL,NULL,1,NULL,NULL,NULL,NULL,NULL,NULL,NULL,NULL,NULL,NULL,NULL,'Len is Ariellas grandparents vet for their pet cat. Len had taken the ROM swordsmanship class - Mar-Apr 2008.'),(477,3,2,3,'AEMMA','Stacey',NULL,'Schulz','Ms.',NULL,'402 Arlington Ave',NULL,NULL,'Toronto','ON','m6c3a4','Canada','4168794500',NULL,NULL,'4168794500','sschulz103@aol.com','M Geztoff','4167875693','http://www.aemma.org/images/bio_photos/bio_noPhotoDbase.jpg','http://www.aemma.org/arms/a/aemma_80.jpg','Chemistry Professor','F',0,0,NULL,NULL,0,NULL,NULL,0,'Internet',NULL,NULL,NULL,'Hbsc','U of T',0,0,NULL,1,'2008-10-08',0,NULL,'2009-02-01','2008-12-10',NULL,0,NULL,NULL,NULL,1,NULL,NULL,NULL,NULL,NULL,NULL,NULL,NULL,NULL,NULL,NULL,'sschulz103@aol.com'),(478,3,2,3,'AEMMA','Melinda',NULL,'Sutcliffe','Ms',NULL,'21 Arlington Ave',NULL,NULL,'Toronto','ON','M6G3K7','Canada','4166525049',NULL,NULL,'4163583238','melinda_sutcliffe@hotmail.com',NULL,NULL,'http://www.aemma.org/images/bio_photos/bio_msutcliffe.jpg','http://www.aemma.org/arms/a/aemma_80.jpg','Management consultant','F',0,0,NULL,'1967-07-26',0,NULL,NULL,0,'internet',NULL,NULL,NULL,NULL,NULL,0,0,NULL,1,'2008-10-08',0,NULL,'2009-02-01','2008-12-10',NULL,0,NULL,NULL,NULL,1,NULL,NULL,NULL,NULL,NULL,NULL,NULL,NULL,NULL,NULL,NULL,'alternate (work): msutcliffe@micaworld.com\r\n'),(479,1,3,1,'AEMMA','Leonardo ','Deniculi','Nacimento','Mr.',NULL,'41 Anewen Dr ',NULL,NULL,'Toronto','ON','M4A1R9','Canada','6476804310',NULL,NULL,NULL,'leo_deniculi@hotmail.com',NULL,NULL,'http://www.aemma.org/images/bio_photos/bio_noPhotoDbase.jpg','http://www.aemma.org/arms/a/aemma_80.jpg','Fire Alarm Technician','M',0,0,NULL,'1987-04-20',0,NULL,NULL,0,'web',NULL,NULL,NULL,NULL,NULL,0,0,NULL,0,'2008-10-20',0,NULL,NULL,NULL,NULL,0,NULL,NULL,NULL,1,NULL,NULL,NULL,NULL,NULL,NULL,NULL,NULL,NULL,NULL,NULL,NULL),(480,4,1,8,'AEMMA','Michael',NULL,'Larson','Mr.',NULL,'14 Firstbrook Road',NULL,NULL,'Toronto','ON','M4E2L1','Canada','4163053407',NULL,NULL,NULL,'mikemlarson@gmail.com',NULL,NULL,'http://www.aemma.org/images/bio_photos/bio_noPhotoDbase.jpg','http://www.aemma.org/arms/a/aemma_80.jpg',NULL,'',0,0,NULL,NULL,0,NULL,NULL,0,'web',NULL,NULL,NULL,NULL,NULL,0,0,NULL,0,'2008-10-19',0,NULL,'2009-04-01','2008-10-24',NULL,0,NULL,NULL,NULL,1,NULL,NULL,NULL,NULL,NULL,NULL,NULL,NULL,NULL,NULL,NULL,'Mike had issues with the manner of training, claiming that there was too much talk, and not enough time to work out the various techniques or concepts delivered during the class.  He was refunded three months by Brian.'),(481,2,2,2,'AEMMA','Timothy','Wade','Simms','Mr.','Mr. T.W. Simms','P.O. Box 1908',NULL,NULL,'Digby','NS','B0V 1A0','Canada','902.247.0984',NULL,NULL,NULL,'tharkun@eastlink.ca',NULL,NULL,'http://www.aemma.org/images/bio_photos/bio_tsimms.jpg','http://www.aemma.org/arms/a/aemma_80.jpg','machine operator','M',2,0,NULL,'1965-01-22',0,NULL,NULL,0,NULL,NULL,NULL,NULL,'Gr. 12',NULL,0,0,NULL,0,'2008-11-05',0,NULL,NULL,NULL,NULL,0,NULL,'- arming sword from Charles, belt from Kel, gauntlets from revival.us, AEMMA t-shirt',NULL,1,NULL,NULL,NULL,NULL,NULL,NULL,NULL,NULL,NULL,NULL,NULL,'As with the other NS students, each pays $10 per class at the beginning of each class.  Tim has no email address, however, emails to Jurgen does get forwarded to Tim.'),(482,6,2,2,'AEMMA','Nykola',NULL,'Blozowski','Mr.','Mr. N. Blozowski','59 Rowntree Mill Rd.',NULL,NULL,'Toronto','ON','M9L 1C4','Canada','416.749.6993',NULL,NULL,'416.716.1088','nyk_31@hotmail.com',NULL,NULL,'http://www.aemma.org/images/bio_photos/bio_nblozowski.jpg','http://www.aemma.org/arms/a/aemma_80.jpg','student','M',0,0,NULL,'1988-10-31',0,NULL,NULL,0,NULL,NULL,NULL,NULL,NULL,'UofT',0,0,NULL,0,'2008-09-15',1,'UofT Club Faire','2009-05-31','2009-02-25',NULL,0,NULL,NULL,NULL,1,NULL,NULL,NULL,NULL,NULL,NULL,NULL,NULL,NULL,NULL,NULL,'Nyk is back in the USA for the summer, returning to UofT for September, and training as well. (dcvet jun 26)\r\nNykola found AEMMA throught the UofT Club Faire.  He has had his free month at the time of this entry (Nov 17) and it is time to collect (dcvet nov 17, 2008)\r\nNykola paid $60 for one month (March) and then paid an additional $20 for committed for March to do archery. (dcvet Mar 4, 09)'),(483,2,2,4,'AEMMA','Louis','Charles','Banyard','Mr.','Mr. L.C. Banyard','1502-4 Silver Maple Court',NULL,NULL,'Brampton','ON','L6T 4R2','Canada','647-393-5303','647-393-5303',NULL,NULL,'banyard@sympatico.ca',NULL,NULL,'http://www.aemma.org/images/bio_photos/bio_lbaynard.jpg','http://www.aemma.org/arms/a/aemma_80.jpg','marketing manager','M',2,0,NULL,'1975-10-16',0,NULL,NULL,0,NULL,NULL,NULL,NULL,NULL,NULL,0,0,NULL,0,'2008-12-03',1,'web','2009-06-01','2009-01-08',NULL,0,NULL,NULL,NULL,1,NULL,NULL,NULL,NULL,NULL,NULL,NULL,NULL,NULL,NULL,NULL,'Free month for December - reminder for payment to occur Dec 15th for January.'),(484,1,1,1,'TTAC3','Adam',NULL,'Sauder','Mr.',NULL,NULL,NULL,NULL,NULL,'ON',NULL,'Canada',NULL,NULL,NULL,NULL,NULL,NULL,NULL,'http://www.factoronto.com/images/bio_nophoto.jpg','http://www.aemma.org/arms/a/aemma_80.jpg',NULL,'',0,0,NULL,NULL,0,NULL,NULL,0,NULL,NULL,NULL,NULL,NULL,NULL,0,0,NULL,0,'2008-12-14',0,NULL,'2009-02-01','2008-12-14',NULL,0,NULL,NULL,'Completed ATQ1 Dec 14 2008',1,NULL,NULL,NULL,NULL,NULL,NULL,NULL,NULL,NULL,NULL,NULL,NULL),(485,1,1,1,'TTAC3','Thomas',NULL,'Robinson','Mr.',NULL,NULL,NULL,NULL,NULL,'ON',NULL,'Canada',NULL,NULL,NULL,NULL,NULL,NULL,NULL,'http://www.factoronto.com/images/bio_nophoto.jpg','http://www.aemma.org/arms/a/aemma_80.jpg',NULL,'',0,0,NULL,NULL,0,NULL,NULL,0,NULL,NULL,NULL,NULL,NULL,NULL,0,0,NULL,0,'2008-12-14',0,NULL,'2009-02-01','2008-12-14',NULL,0,NULL,NULL,'Completed ATQ1 Dec 14 2008',1,NULL,NULL,NULL,NULL,NULL,NULL,NULL,NULL,NULL,NULL,NULL,NULL),(486,6,4,2,'AEMMA','Steve',NULL,'Loretta','Mr.','Mr. S. Lorette','2 Sultan Str. Apt. 103',NULL,NULL,'Toronto','ON','M5S1L7','Canada','416-934-0034','416-827-4152',NULL,'416-827-4152','steve.loretta@gmail.com',NULL,NULL,'http://www.aemma.org/images/bio_photos/bio_sloretta.jpg','http://www.aemma.org/arms/a/aemma_80.jpg','shiatsu therapist','M',0,0,NULL,'1966-04-10',0,NULL,NULL,0,NULL,NULL,NULL,NULL,NULL,NULL,0,0,NULL,1,'2009-01-10',0,'ROM','2009-09-22','2009-08-01','Medication: Dilanten',0,NULL,NULL,NULL,1,NULL,NULL,NULL,NULL,NULL,NULL,NULL,NULL,NULL,NULL,NULL,'Steve emailed me to indicate that his shift work during evenings prevents him from training.  He will be able to continue, but only on Saturdays with archery. He may return to regular training late summer or early fall. (dcvet jun 22, 2009)\r\n\r\nMembership suspended due to work schedule. Will return to regular practice later this summer.\r\nHe started training archery and wanted to pursue swordsmanship training.  Paul Micallef encouraged him to try out the training. Made last payment of $150 to cover 3-months till end of March 2009 (dcvet Feb 18, 2009)\r\n\r\nAug. 2, 2009: Steve paid $150 to cover back fees through to Sept/09\r\n\r\nSteve can\\\\\\\\\\\\\\\'t attend regular archery practice until work lessens on weekends. He will come occasionally as work permits, but intends to return to regular archery practices later this year.'),(487,2,1,2,'AEMMA','James',NULL,'Larrue-Baulch','Mr.','Mr. J. Larrue-Baulch, P.Eng.','34 Macauley Ave.',NULL,NULL,'Toronto','ON','M6P 3P6','Canada','416 836 0803',NULL,NULL,'416 836 0803','james.larrue@diopolis.com','Jennifer & Carl Spiess (sister and husband)','416-488-8208','http://www.aemma.org/images/bio_photos/bio_jLarrue-Baulch.jpg','http://www.aemma.org/arms/a/aemma_80.jpg','engineer','M',0,0,NULL,'1973-09-11',0,NULL,NULL,0,NULL,NULL,NULL,NULL,NULL,NULL,0,0,NULL,1,'2009-02-01',0,NULL,'2009-09-15','2009-04-29',NULL,0,NULL,NULL,NULL,1,NULL,NULL,NULL,NULL,NULL,NULL,NULL,NULL,NULL,NULL,NULL,'5- posted cheques May 1 - Sep 1, on Apr 29 (dcvet)'),(488,6,4,2,'AEMMA','Alexis',NULL,'Fabricius','Ms.','Ms. A. Fabricius','187 Centenial Rd.',NULL,NULL,'Scarborough','ON','M1C 2A1','Canada','647-388-0664',NULL,NULL,'647-388-0664','alexis.fabricius@utoronto.ca','Alanna O Brien','416-464-6346','http://www.aemma.org/images/bio_photos/bio_noPhotoDbase.jpg','http://www.aemma.org/arms/a/aemma_80.jpg','student','F',0,0,NULL,'1984-12-23',0,NULL,NULL,0,NULL,NULL,NULL,NULL,NULL,'UofT Centre for Medieval Studies',0,0,NULL,0,'2009-01-10',0,NULL,'2009-04-25','2009-01-31',NULL,0,NULL,NULL,NULL,1,NULL,NULL,NULL,NULL,NULL,NULL,NULL,NULL,NULL,NULL,NULL,NULL),(489,2,2,3,'AEMMA','Ilya',NULL,'Shkarupina','Mr.',NULL,'100 Wellesley St East ','Apt 216',NULL,'Toronto','ON','M4Y 1M5','Canada',NULL,NULL,NULL,NULL,'ishkarupin@gmail.com','Yuliya Shkarupina','416 832 3376','http://www.aemma.org/images/bio_photos/bio_iShkarupina.jpg','http://www.aemma.org/arms/a/aemma_80.jpg','Administrative Assistant','',0,0,NULL,'1981-12-07',0,NULL,NULL,0,NULL,NULL,NULL,NULL,NULL,NULL,0,0,NULL,1,'2009-02-16',0,NULL,'2009-11-01','2009-09-14',NULL,0,NULL,NULL,NULL,1,NULL,NULL,NULL,NULL,NULL,NULL,NULL,NULL,NULL,NULL,NULL,'Ilya is the combat trainer for TORVIK (http://www.torvik.org) he is interested in learning about \\\\\\\\\\\\\\\\\\\\\\\\\\\\\\\\\\\\\\\\\\\\\\\\\\\\\\\\\\\\\\\\\\\\\\\\\\\\\\\\\\\\\\\\\\\\\\\\\\\\\\\\\\\\\\\\\\\\\\\\\\\\\\\'real fighting\\\\\\\\\\\\\\\\\\\\\\\\\\\\\\\\\\\\\\\\\\\\\\\\\\\\\\\\\\\\\\\\\\\\\\\\\\\\\\\\\\\\\\\\\\\\\\\\\\\\\\\\\\\\\\\\\\\\\\\\\\\\\\\''),(490,3,1,1,'AEMMA','Steven',NULL,'Gurfinkel','Mr.','Mr. S. Gurfinkel','32 Millwood Rd.',NULL,NULL,'Toronto','ON','M4S 1J7','Canada','416-489-1652','416-489-1652',NULL,NULL,'steven.gurfinkel@gmail.com','Debbie Gurfinkel','416-402-8785','http://www.aemma.org/images/bio_photos/bio_sGurfinkel.jpg','http://www.aemma.org/arms/a/aemma_80.jpg','software developer','M',0,0,'Debbie','1986-09-20',0,NULL,NULL,0,NULL,NULL,NULL,NULL,'BASc',NULL,0,0,NULL,0,'2009-02-18',0,'Adam Trumpour',NULL,NULL,NULL,0,NULL,NULL,NULL,1,NULL,NULL,NULL,NULL,NULL,NULL,NULL,NULL,NULL,NULL,NULL,'payment to be made at next practice - his expectations are to join as committed member. (dcvet - feb 19, 2009)'),(491,2,3,1,'AEMMA','Alexandr',NULL,'Kogay','Mr.','Mr. A. Kogay','18 Datonia Park Ave.',NULL,NULL,'Toronto','ON',NULL,'Canada','416-841-3953',NULL,NULL,NULL,'a.m.f.alex@gmail.com',NULL,NULL,'http://www.aemma.org/images/bio_photos/bio_noPhotoDbase.jpg','http://www.aemma.org/arms/a/aemma_80.jpg','student','M',0,0,NULL,'0000-00-00',0,NULL,NULL,0,NULL,NULL,NULL,NULL,'high school',NULL,0,0,NULL,0,'2009-01-07',0,NULL,NULL,NULL,NULL,0,NULL,NULL,NULL,1,NULL,NULL,NULL,NULL,NULL,NULL,NULL,NULL,NULL,NULL,NULL,NULL),(492,3,2,1,'AEMMA','Ross',NULL,'Loewen','Mr.','Mr. R. Loewen','59 Longdale Rd.',NULL,NULL,'Toronto','ON','M4V 1W4','Canada','416.964.6352',NULL,NULL,NULL,'johncloewen@yahoo.com','Jacoline Loewwen','416.964.6352','http://www.aemma.org/images/bio_photos/bio_rLoewen.jpg','http://www.aemma.org/arms/a/aemma_80.jpg','student','M',0,0,NULL,NULL,0,NULL,NULL,0,NULL,NULL,NULL,NULL,NULL,NULL,0,0,NULL,0,'2009-01-26',0,NULL,'2009-05-01','2009-01-26',NULL,0,NULL,NULL,NULL,1,NULL,NULL,NULL,NULL,NULL,NULL,NULL,NULL,NULL,NULL,NULL,NULL),(493,1,1,1,'AEMMA','Misha',NULL,'Dautovich','Ms.','Ms. M. Dautovich',NULL,NULL,NULL,'Guelph','ON',NULL,'Canada',NULL,NULL,NULL,NULL,'dautovmd@muss.cis.mcmaster.ca',NULL,NULL,'http://www.aemma.org/images/bio_photos/bio_noPhotoDbase.jpg','http://www.aemma.org/arms/a/aemma_80.jpg',NULL,'F',0,0,NULL,'1984-05-29',0,NULL,NULL,0,NULL,NULL,NULL,NULL,NULL,NULL,0,0,NULL,0,NULL,0,NULL,NULL,NULL,NULL,0,NULL,NULL,NULL,1,NULL,NULL,NULL,NULL,NULL,NULL,NULL,NULL,NULL,NULL,NULL,NULL),(494,1,1,1,'AEMMA','Ian',NULL,'Wright','Mr.',NULL,NULL,NULL,NULL,'Guelph','ON',NULL,'Canada',NULL,NULL,NULL,NULL,'wrightim@yorku.ca',NULL,NULL,'http://www.aemma.org/images/bio_photos/bio_noPhotoDbase.jpg','http://www.aemma.org/arms/a/aemma_80.jpg',NULL,'M',0,0,NULL,NULL,0,NULL,NULL,0,NULL,NULL,NULL,NULL,NULL,NULL,0,0,NULL,0,NULL,0,NULL,NULL,NULL,NULL,0,NULL,NULL,NULL,1,NULL,NULL,NULL,NULL,NULL,NULL,NULL,NULL,NULL,NULL,NULL,NULL),(541,1,1,1,'AEMMA','Robert',NULL,'MacKinnon','Mr.',NULL,NULL,NULL,NULL,'Guelph','ON',NULL,'Canada',NULL,NULL,NULL,NULL,'robnrosy@gmail.com',NULL,NULL,'http://www.aemma.org/images/bio_photos/bio_noPhotoDbase.jpg','http://www.aemma.org/arms/a/aemma_80.jpg',NULL,'M',0,0,NULL,NULL,0,NULL,NULL,0,NULL,NULL,NULL,NULL,NULL,NULL,0,0,NULL,0,'2009-09-27',0,NULL,NULL,NULL,NULL,0,NULL,NULL,NULL,1,NULL,NULL,NULL,NULL,NULL,NULL,NULL,NULL,NULL,NULL,NULL,NULL),(497,1,1,1,'AEMMA','Tristan',NULL,'Dineen','Mr.',NULL,NULL,NULL,NULL,'Guelph','ON',NULL,'Canada',NULL,NULL,NULL,NULL,'tdineen@uoguelph.ca ',NULL,NULL,'http://www.aemma.org/images/bio_photos/bio_noPhotoDbase.jpg','http://www.aemma.org/arms/a/aemma_80.jpg','grad student','M',6,1,NULL,NULL,0,NULL,NULL,0,NULL,NULL,NULL,NULL,NULL,NULL,0,0,NULL,0,'2009-02-18',0,NULL,NULL,NULL,NULL,0,NULL,NULL,NULL,1,NULL,NULL,NULL,NULL,NULL,NULL,NULL,NULL,NULL,NULL,NULL,NULL),(498,1,3,1,'AEMMA','Brad',NULL,'Suisham','Mr.','Mr. B. Suisham','2-358 Walmer Rd.',NULL,NULL,'Toronto','ON','M5R 2Y4','Canada','416.854-8457','416.854-8457',NULL,NULL,'bradfordsuisham@hotmail.com','Audrey Borunka','416.837.9913','http://www.aemma.org/images/bio_photos/bio_noPhotoDbase.jpg','http://www.aemma.org/arms/a/aemma_80.jpg','web developer','M',0,0,NULL,'1976-05-07',0,NULL,NULL,0,NULL,NULL,NULL,NULL,'BSc.',NULL,0,0,NULL,0,NULL,0,NULL,NULL,NULL,NULL,0,NULL,NULL,NULL,1,NULL,NULL,NULL,NULL,NULL,NULL,NULL,NULL,NULL,NULL,NULL,'Brad came out to try out the training on Wed, Feb 25. He has previous martial arts experience, but dated, and he has trained in boxing. (dcvet - Feb 25, 2009)'),(501,2,1,2,'AEMMA','Goncalo',NULL,'Freire','Mr.','Mr. G. Freire','423 Blackthorn Ave',NULL,NULL,'Toronto','ON','M6M 3C1','Canada','416-653-0999',NULL,NULL,NULL,'bun-2001@hotmail.com','Ana freire','416-653-0999','http://www.aemma.org/images/bio_photos/bio_gfreire.jpg','http://www.aemma.org/arms/a/aemma_80.jpg',NULL,'M',0,0,NULL,'1987-01-29',0,NULL,NULL,0,NULL,NULL,NULL,NULL,NULL,NULL,0,0,NULL,0,'2009-04-13',0,NULL,'2009-08-15','2009-05-27',NULL,0,NULL,NULL,NULL,1,NULL,NULL,NULL,NULL,NULL,NULL,NULL,NULL,NULL,NULL,NULL,'Paid the shortfall of $5 for his month of training, given to David C. along with $20 for a XL t-shirt.'),(502,3,2,1,'AEMMA','Pamphile',NULL,'Kari','Mr.','Mr. P. Kari','74 West Oak Crescent',NULL,NULL,'Toronto','ON','M9N 3Z7','Canada','(416) 241-2041',NULL,NULL,NULL,'darkstar1189@hotmail.com',NULL,NULL,'http://www.aemma.org/images/bio_photos/bio_pkari.jpg','http://www.aemma.org/arms/a/aemma_80.jpg','student','M',0,0,NULL,NULL,0,NULL,NULL,0,NULL,NULL,NULL,NULL,NULL,NULL,0,0,NULL,0,'2009-03-29',0,NULL,'2009-08-01',NULL,NULL,0,NULL,NULL,NULL,1,NULL,NULL,NULL,NULL,NULL,NULL,NULL,NULL,NULL,NULL,NULL,'Pamphile and his father moved to Montreal earlier in 2009. (dcvet Sep 2009)\r\nPamphile is the brother to Clovis, father is Paul Larendeau.'),(504,1,2,3,'AEMMA','James','Andrew','Thompson','Mr.',NULL,'19 Fawcett Ave',NULL,NULL,'Whitby','ON','L1R 2Z4','Canada','9057214000',NULL,NULL,'9052598372','gymt666@hotmail.com','Amanda Weston','905-431-1436','http://www.aemma.org/images/bio_photos/bio_jthompson.jpg','http://www.aemma.org/arms/a/aemma_80.jpg','Military','M',2,0,NULL,'1977-09-06',0,NULL,NULL,0,NULL,NULL,NULL,NULL,NULL,NULL,0,0,NULL,0,'2009-04-26',0,NULL,'2009-11-15','2009-09-14',NULL,0,NULL,NULL,NULL,1,NULL,NULL,NULL,NULL,NULL,NULL,NULL,NULL,NULL,NULL,NULL,'alternate email: james.thompson2@forces.gc.ca'),(505,1,4,3,'AEMMA','Peter','David','Needham','Mr.','Mr. P. D. Needham','234 Rosedale Heights Dr.',NULL,NULL,'Toronto','ON',NULL,'Canada','(416) 485-1295','(416) 598-1585',NULL,NULL,'davidne@simex.ca','Dr. Robinson','(416) 966-0178','http://www.aemma.org/images/bio_photos/bio_noPhotoDbase.jpg','http://www.aemma.org/arms/a/aemma_80.jpg','businessman','M',0,0,NULL,'1945-09-19',0,NULL,NULL,0,NULL,NULL,NULL,NULL,NULL,'Ryerson',0,0,NULL,0,'2009-04-09',0,NULL,'2010-12-25','2010-09-25','meds: high blood pressure',0,NULL,NULL,NULL,1,NULL,NULL,NULL,NULL,NULL,NULL,NULL,NULL,NULL,NULL,NULL,'Joined after completing ROM Medieval Longbow course spring of 2009.\r\nDec. 2009: David\\\\\\\\\\\\\\\'s daughter paid online for 1 month\\\\\\\\\\\\\\\'s archery for David.\r\nJan. 23, 2010: David\\\\\\\\\\\\\\\'s was paid up to end of January. On this date he paid an additional 3 months\\\\\\\\\\\\\\\' fees in cash which will carry him to end of April, 2010.\r\nMay 1, 2010: David paid three months\\\\\\\' fees in cash.'),(506,2,4,1,'AEMMA','Michael',NULL,'Hogan','Mr.','Mr. M. Hogan','1 Mackay Ave.','Apt #5',NULL,'Toronto','ON','M6H 3T3','Canada','(416) 886-3246','(416) 739-8660',NULL,'(416) 886-3246','hogan.michael@gmail.com','Angele Bastien','(416) 886-3267','http://www.aemma.org/images/bio_photos/bio_noPhotoDbase.jpg','http://www.aemma.org/arms/a/aemma_80.jpg','computer engineer','M',0,0,NULL,'1972-11-22',0,NULL,NULL,0,NULL,NULL,NULL,NULL,'college',NULL,0,0,NULL,0,NULL,0,'ROM swordsmanship course','2010-07-10','2010-04-10',NULL,0,NULL,NULL,NULL,1,NULL,NULL,NULL,NULL,NULL,NULL,NULL,NULL,NULL,NULL,NULL,'Learned archery in ROM Medieval Longbow course.\r\nPaid 3 months\\\\\\\' dues in cash Dec.12, 2009\r\nPaid 3 months dues  April 10, 2010'),(507,1,8,1,'AEMMA','Ryan',NULL,'Leger-Cocks','Mr.',NULL,NULL,NULL,NULL,NULL,'ON',NULL,'Canada',NULL,NULL,NULL,NULL,'ryan_leger1366@hotmail.com',NULL,NULL,'http://www.aemma.org/images/bio_photos/bio_noPhotoDbase.jpg','http://www.aemma.org/arms/a/aemma_80.jpg',NULL,'M',0,0,NULL,NULL,0,NULL,NULL,0,NULL,NULL,NULL,NULL,NULL,NULL,0,0,NULL,0,'2009-04-25',0,NULL,NULL,NULL,NULL,0,NULL,NULL,NULL,1,NULL,NULL,NULL,NULL,NULL,NULL,NULL,NULL,NULL,NULL,NULL,NULL),(508,1,8,1,'AEMMA','John',NULL,'Cocks','Mr.',NULL,NULL,NULL,NULL,NULL,'ON',NULL,'Canada',NULL,NULL,NULL,NULL,'ryan_leger1366@hotmail.com',NULL,NULL,'http://www.aemma.org/images/bio_photos/bio_noPhotoDbase.jpg','http://www.aemma.org/arms/a/aemma_80.jpg',NULL,'M',0,0,NULL,NULL,0,NULL,NULL,0,NULL,NULL,NULL,NULL,NULL,NULL,0,0,NULL,0,'2009-04-25',0,NULL,NULL,NULL,NULL,0,NULL,NULL,NULL,1,NULL,NULL,NULL,NULL,NULL,NULL,NULL,NULL,NULL,NULL,NULL,NULL),(509,1,8,1,'AEMMA','Vikki',NULL,'Katsapis','Ms.',NULL,NULL,NULL,NULL,NULL,'ON',NULL,'Canada',NULL,NULL,NULL,NULL,'poppet-2@live.com',NULL,NULL,'http://www.aemma.org/images/bio_photos/bio_noPhotoDbase.jpg','http://www.aemma.org/arms/a/aemma_80.jpg',NULL,'F',0,0,NULL,NULL,0,NULL,NULL,0,NULL,NULL,NULL,NULL,NULL,NULL,0,0,NULL,0,'2009-04-25',0,NULL,NULL,NULL,NULL,0,NULL,NULL,NULL,1,NULL,NULL,NULL,NULL,NULL,NULL,NULL,NULL,NULL,NULL,NULL,NULL),(510,1,8,1,'AEMMA','Austin',NULL,'Titley','Mr.',NULL,NULL,NULL,NULL,NULL,'ON',NULL,'Canada',NULL,NULL,NULL,NULL,'bobgunman_13@hotmail.com',NULL,NULL,'http://www.aemma.org/images/bio_photos/bio_noPhotoDbase.jpg','http://www.aemma.org/arms/a/aemma_80.jpg',NULL,'M',0,0,NULL,NULL,0,NULL,NULL,0,NULL,NULL,NULL,NULL,NULL,NULL,0,0,NULL,0,'2009-04-25',0,NULL,NULL,NULL,NULL,0,NULL,NULL,NULL,1,NULL,NULL,NULL,NULL,NULL,NULL,NULL,NULL,NULL,NULL,NULL,NULL),(511,1,8,1,'AEMMA','Chris',NULL,'Fontein','Mr.',NULL,NULL,NULL,NULL,NULL,'ON',NULL,'Canada',NULL,NULL,NULL,NULL,'chrfon@hotmail.com',NULL,NULL,'http://www.aemma.org/images/bio_photos/bio_noPhotoDbase.jpg','http://www.aemma.org/arms/a/aemma_80.jpg',NULL,'M',0,0,NULL,NULL,0,NULL,NULL,0,NULL,NULL,NULL,NULL,NULL,NULL,0,0,NULL,0,'2009-04-25',0,NULL,NULL,NULL,NULL,0,NULL,NULL,NULL,1,NULL,NULL,NULL,NULL,NULL,NULL,NULL,NULL,NULL,NULL,NULL,NULL),(512,1,8,1,'AEMMA','Gregory',NULL,'Lawrie','Mr.',NULL,NULL,NULL,NULL,NULL,'ON',NULL,'Canada',NULL,NULL,NULL,NULL,'toweroffire@hotmail.com',NULL,NULL,'http://www.aemma.org/images/bio_photos/bio_noPhotoDbase.jpg','http://www.aemma.org/arms/a/aemma_80.jpg',NULL,'M',0,0,NULL,NULL,0,NULL,NULL,0,NULL,NULL,NULL,NULL,NULL,NULL,0,0,NULL,0,'2009-04-25',0,NULL,NULL,NULL,NULL,0,NULL,NULL,NULL,1,NULL,NULL,NULL,NULL,NULL,NULL,NULL,NULL,NULL,NULL,NULL,NULL),(513,1,8,1,'AEMMA','Bruce',NULL,'Henderson','Mr.',NULL,NULL,NULL,NULL,NULL,'ON',NULL,'Canada',NULL,NULL,NULL,NULL,'king_me15@hotmail.com',NULL,NULL,'http://www.aemma.org/images/bio_photos/bio_noPhotoDbase.jpg','http://www.aemma.org/arms/a/aemma_80.jpg',NULL,'M',0,0,NULL,NULL,0,NULL,NULL,0,NULL,NULL,NULL,NULL,NULL,NULL,0,0,NULL,0,'2009-04-25',0,NULL,NULL,NULL,NULL,0,NULL,NULL,NULL,1,NULL,NULL,NULL,NULL,NULL,NULL,NULL,NULL,NULL,NULL,NULL,NULL),(514,1,8,1,'AEMMA','Thomas',NULL,'Jakubowski','Mr.',NULL,NULL,NULL,NULL,NULL,'ON',NULL,'Canada',NULL,NULL,NULL,NULL,'thomas.r.jakubowski@dematic.com',NULL,NULL,'http://www.aemma.org/images/bio_photos/bio_noPhotoDbase.jpg','http://www.aemma.org/arms/a/aemma_80.jpg',NULL,'M',0,0,NULL,NULL,0,NULL,NULL,0,NULL,NULL,NULL,NULL,NULL,NULL,0,0,NULL,0,'2009-04-25',0,NULL,NULL,NULL,NULL,0,NULL,NULL,NULL,1,NULL,NULL,NULL,NULL,NULL,NULL,NULL,NULL,NULL,NULL,NULL,NULL),(515,1,8,1,'AEMMA','Lucie',NULL,'Tsereteli','Ms.',NULL,NULL,NULL,NULL,NULL,'ON',NULL,'Canada',NULL,NULL,NULL,NULL,NULL,NULL,NULL,'http://www.aemma.org/images/bio_photos/bio_noPhotoDbase.jpg','http://www.aemma.org/arms/a/aemma_80.jpg',NULL,'F',0,0,NULL,NULL,0,NULL,NULL,0,NULL,NULL,NULL,NULL,NULL,NULL,0,0,NULL,0,'2009-04-25',0,NULL,NULL,NULL,NULL,0,NULL,NULL,NULL,1,NULL,NULL,NULL,NULL,NULL,NULL,NULL,NULL,NULL,NULL,NULL,NULL),(516,1,8,1,'AEMMA','Gerry',NULL,'Bortolussi','Mr.',NULL,NULL,NULL,NULL,NULL,'ON',NULL,'Canada',NULL,NULL,NULL,NULL,'gbortolussi@sympatico.ca',NULL,NULL,'http://www.aemma.org/images/bio_photos/bio_noPhotoDbase.jpg','http://www.aemma.org/arms/a/aemma_80.jpg',NULL,'M',0,0,NULL,NULL,0,NULL,NULL,0,NULL,NULL,NULL,NULL,NULL,NULL,0,0,NULL,0,'2009-04-25',0,NULL,NULL,NULL,NULL,0,NULL,NULL,NULL,1,NULL,NULL,NULL,NULL,NULL,NULL,NULL,NULL,NULL,NULL,NULL,NULL),(517,1,8,1,'AEMMA','Kris',NULL,'Lefave','Mr.',NULL,NULL,NULL,NULL,NULL,'ON',NULL,'Canada',NULL,NULL,NULL,NULL,NULL,NULL,NULL,'http://www.aemma.org/images/bio_photos/bio_noPhotoDbase.jpg','http://www.aemma.org/arms/a/aemma_80.jpg',NULL,'M',0,0,NULL,NULL,0,NULL,NULL,0,NULL,NULL,NULL,NULL,NULL,NULL,0,0,NULL,0,'2009-04-25',0,NULL,NULL,NULL,NULL,0,NULL,NULL,NULL,1,NULL,NULL,NULL,NULL,NULL,NULL,NULL,NULL,NULL,NULL,NULL,NULL),(518,1,8,1,'AEMMA','Jason',NULL,'Lefave','Mr.',NULL,NULL,NULL,NULL,NULL,'ON',NULL,'Canada',NULL,NULL,NULL,NULL,'argonaught@rogers.com',NULL,NULL,'http://www.aemma.org/images/bio_photos/bio_noPhotoDbase.jpg','http://www.aemma.org/arms/a/aemma_80.jpg',NULL,'M',0,0,NULL,NULL,0,NULL,NULL,0,NULL,NULL,NULL,NULL,NULL,NULL,0,0,NULL,0,'2009-04-25',0,NULL,NULL,NULL,NULL,0,NULL,NULL,NULL,1,NULL,NULL,NULL,NULL,NULL,NULL,NULL,NULL,NULL,NULL,NULL,NULL),(519,1,8,1,'AEMMA','Ian',NULL,'Witchlow','Mr.',NULL,NULL,NULL,NULL,NULL,'ON',NULL,'Canada',NULL,NULL,NULL,NULL,'ian@witchlow.com',NULL,NULL,'http://www.aemma.org/images/bio_photos/bio_noPhotoDbase.jpg','http://www.aemma.org/arms/a/aemma_80.jpg',NULL,'M',0,0,NULL,NULL,0,NULL,NULL,0,NULL,NULL,NULL,NULL,NULL,NULL,0,0,NULL,0,'2009-04-25',0,NULL,NULL,NULL,NULL,0,NULL,NULL,NULL,1,NULL,NULL,NULL,NULL,NULL,NULL,NULL,NULL,NULL,NULL,NULL,NULL),(520,1,8,1,'AEMMA','Andrew',NULL,'Kolody','Mr.',NULL,NULL,NULL,NULL,NULL,'ON',NULL,'Canada',NULL,NULL,NULL,NULL,'andrewkolody@hotmail.com',NULL,NULL,'http://www.aemma.org/images/bio_photos/bio_noPhotoDbase.jpg','http://www.aemma.org/arms/a/aemma_80.jpg',NULL,'M',0,0,NULL,NULL,0,NULL,NULL,0,NULL,NULL,NULL,NULL,NULL,NULL,0,0,NULL,0,'2009-04-25',0,NULL,NULL,NULL,NULL,0,NULL,NULL,NULL,1,NULL,NULL,NULL,NULL,NULL,NULL,NULL,NULL,NULL,NULL,NULL,NULL),(521,1,8,1,'AEMMA','Zoe',NULL,'Woods','Ms.',NULL,NULL,NULL,NULL,NULL,'ON',NULL,'Canada',NULL,NULL,NULL,NULL,'lefties_rule1@yahoo.ca',NULL,NULL,'http://www.aemma.org/images/bio_photos/bio_noPhotoDbase.jpg','http://www.aemma.org/arms/a/aemma_80.jpg',NULL,'F',0,0,NULL,NULL,0,NULL,NULL,0,NULL,NULL,NULL,NULL,NULL,NULL,0,0,NULL,0,'2009-04-25',0,NULL,NULL,NULL,NULL,0,NULL,NULL,NULL,1,NULL,NULL,NULL,NULL,NULL,NULL,NULL,NULL,NULL,NULL,NULL,NULL),(522,1,8,1,'AEMMA','Emily',NULL,'Brodogan','Ms.',NULL,NULL,NULL,NULL,NULL,'ON',NULL,'Canada',NULL,NULL,NULL,NULL,'ebrodigan@branksome.on.ca',NULL,NULL,'http://www.aemma.org/images/bio_photos/bio_noPhotoDbase.jpg','http://www.aemma.org/arms/a/aemma_80.jpg',NULL,'F',0,0,NULL,NULL,0,NULL,NULL,0,NULL,NULL,NULL,NULL,NULL,NULL,0,0,NULL,0,'2009-04-25',0,NULL,NULL,NULL,NULL,0,NULL,NULL,NULL,1,NULL,NULL,NULL,NULL,NULL,NULL,NULL,NULL,NULL,NULL,NULL,NULL),(523,3,4,3,'AEMMA','David',NULL,'Needham','Mr.',NULL,NULL,NULL,NULL,NULL,'ON',NULL,'Canada',NULL,NULL,NULL,NULL,'davidne@simex.ca',NULL,NULL,'http://www.aemma.org/images/bio_photos/bio_noPhotoDbase.jpg','http://www.aemma.org/arms/a/aemma_80.jpg',NULL,'',0,0,NULL,NULL,0,NULL,NULL,0,NULL,NULL,NULL,NULL,NULL,NULL,0,0,NULL,0,NULL,0,NULL,'2009-10-24','2009-04-25',NULL,0,NULL,NULL,NULL,1,NULL,NULL,NULL,NULL,NULL,NULL,NULL,NULL,NULL,NULL,NULL,'Joined after completing ROM Medieval Longbow course.'),(524,3,2,1,'AEMMA','Thania ',NULL,'Meneses-Flores','Ms.',NULL,NULL,NULL,NULL,'Toronto','ON',NULL,'Canada','416 461 7526',NULL,NULL,NULL,'shazar_raks@yahoo.ca',NULL,NULL,'http://www.aemma.org/images/bio_photos/bio_noPhotoDbase.jpg','http://www.aemma.org/arms/a/aemma_80.jpg',NULL,'F',0,0,NULL,NULL,0,NULL,NULL,0,'UofT',NULL,NULL,NULL,NULL,NULL,0,0,NULL,0,'2009-05-11',0,NULL,NULL,NULL,NULL,0,NULL,NULL,NULL,1,NULL,NULL,NULL,NULL,NULL,NULL,NULL,NULL,NULL,NULL,NULL,'UofT student, Centre for Medieval Studies.'),(525,6,1,2,'AEMMA','Natalie',NULL,'Doubanovitch','Ms.','Ms. N. Doubanovitch','761 Bay St.','Apt# 807',NULL,'Toronto','ON','M5G 2R2','Canada','647-928-4410',NULL,NULL,NULL,'aeron.n@hotmail.com','Galina Doubanovitch','416-769-3534','http://www.aemma.org/images/bio_photos/bio_ndoubanovitch.jpg','http://www.aemma.org/arms/a/aemma_80.jpg','student - UofT','F',0,0,NULL,'1989-01-04',0,NULL,NULL,0,NULL,NULL,NULL,NULL,'high school','UofT',0,0,NULL,0,'2009-05-25',0,NULL,'2009-08-01','2009-07-19',NULL,0,NULL,NULL,NULL,1,NULL,NULL,NULL,NULL,NULL,NULL,NULL,NULL,NULL,NULL,NULL,'Natalie is taking psychology at UofT.\r\npayment of $100 ($50USD plus the rest) - gave her a T-shirt as she is a UofT student.'),(539,1,1,8,'AEMMA','Andrei',NULL,'Popescu','Mr.',NULL,'596 Spadina ave',NULL,NULL,'Toronto','ON','m5s2h4','Canada','4168429303',NULL,NULL,NULL,'abdbiusenamv@gmail.com',NULL,NULL,'http://www.aemma.org/images/bio_photos/bio_apopescu.jpg','http://www.aemma.org/arms/a/aemma_80.jpg','Student','M',1,0,NULL,'1989-12-05',0,NULL,NULL,0,NULL,NULL,NULL,NULL,NULL,'u of t',0,0,NULL,0,'2009-09-14',0,NULL,'2009-10-01','2009-09-14',NULL,0,NULL,NULL,NULL,1,NULL,NULL,NULL,NULL,NULL,NULL,NULL,NULL,NULL,NULL,NULL,NULL),(526,1,1,8,'AEMMA','Gregory',NULL,'Nersesian','Mr.','Mr. G. Nersesian','386 Roxton Rd.','Unit #2',NULL,'Toronto','ON','M6G 3R2','Canada','416-838-3319',NULL,NULL,'416-838-3319','greg@skippcentral.com','Jennifer Polyzotis','416-838-5074','http://www.aemma.org/images/bio_photos/bio_noPhotoDbase.jpg','http://www.aemma.org/arms/a/aemma_80.jpg','animator','M',0,0,'Jennifer Polyzotis','1968-10-08',0,NULL,NULL,0,NULL,NULL,NULL,NULL,NULL,NULL,0,0,NULL,0,'2009-05-05',0,NULL,'2009-07-15','2009-05-06',NULL,0,NULL,NULL,NULL,1,NULL,NULL,NULL,NULL,NULL,NULL,NULL,NULL,NULL,NULL,NULL,NULL),(527,2,1,3,'AEMMA','David',NULL,'Ito','Mr.','Mr. D. Ito','C-241 Beverley Rd.',NULL,NULL,'Toronto','ON','M5T1Z4','Canada','416-506-0459','416-506-0459',NULL,NULL,'ito_david1@hotmail.com',NULL,NULL,'http://www.aemma.org/images/bio_photos/bio_dito.jpg','http://www.aemma.org/arms/a/aemma_80.jpg','desk jocky','M',0,0,NULL,'1981-06-04',0,NULL,NULL,0,NULL,NULL,NULL,NULL,'B.Ed','Dalhousie',0,0,NULL,1,'2009-03-01',0,NULL,'2009-10-01','2009-05-27',NULL,0,NULL,NULL,NULL,1,NULL,NULL,NULL,NULL,NULL,NULL,NULL,NULL,NULL,NULL,NULL,'David is an epee instructor , he is training in Rapier primarily'),(528,3,2,1,'AEMMA','Rob',NULL,'Provenzano','Mr.','Mr. R. Provenzano',NULL,NULL,NULL,'Kitchener','ON',NULL,'Canada',NULL,NULL,NULL,NULL,NULL,NULL,NULL,'http://www.aemma.org/images/bio_photos/bio_rprovenzano.jpg','http://www.aemma.org/arms/a/aemma_80.jpg',NULL,'M',0,0,NULL,'1968-08-12',0,NULL,NULL,0,NULL,NULL,NULL,NULL,NULL,NULL,0,0,NULL,0,NULL,0,NULL,NULL,NULL,NULL,0,NULL,NULL,NULL,1,NULL,NULL,NULL,NULL,NULL,NULL,NULL,NULL,NULL,NULL,NULL,'Rob had trained with AEMMA many years ago, I believe while we were still at St. Clair.'),(529,1,2,5,'AEMMA','Jason',NULL,'Steadman','Mr.','Mr. J. Steadman','270 Hiawatha Road',NULL,NULL,'Toronto','ON','M4L 2Y4','Canada','416-461-3904','416-764-4438',NULL,NULL,'jj_steadman@rogers.com','Melissa Mohaupt/Dr. Rajani','416-461-3904','http://www.aemma.org/images/bio_photos/bio_jsteadman.jpg','http://www.aemma.org/arms/a/aemma_80.jpg','writer','',0,0,NULL,'1970-03-20',0,NULL,NULL,0,NULL,NULL,NULL,NULL,'MA',NULL,0,0,NULL,0,'2002-01-01',0,NULL,'2009-08-15','2009-05-31','damaged ACL right knee',0,NULL,NULL,NULL,1,NULL,NULL,NULL,NULL,NULL,NULL,NULL,NULL,NULL,NULL,NULL,NULL),(531,3,1,2,'AEMMA','John',NULL,'Holeman','Mr.',NULL,NULL,NULL,NULL,'Thornhill','ON',NULL,'Canada','480-634-3366',NULL,NULL,NULL,'john.holeman@gmail.com',NULL,NULL,'http://www.aemma.org/images/bio_photos/bio_jholeman.jpg','http://www.aemma.org/arms/a/aemma_80.jpg','IT Consultant','M',0,0,NULL,'1973-03-01',0,NULL,NULL,0,'surfing',NULL,NULL,NULL,NULL,NULL,0,0,NULL,0,'2009-07-15',0,NULL,'2009-08-15','2009-07-15',NULL,0,NULL,NULL,NULL,1,NULL,NULL,NULL,NULL,NULL,NULL,NULL,NULL,NULL,NULL,NULL,'John is in toronto for a 6 month contract , he is from arizona. As of Jul 24, he learned that his contract was canceled and therefore, returned to Arizona. He had been training with Aldo, while attending classes.\r\n\r\nalternate email: squirrelflight@hotmail.com'),(532,1,1,2,'AEMMA','Andrew',NULL,'Rocheleau','Mr.',NULL,'47 Oakworth Cres',NULL,NULL,'Toronto','ON','m1k3t7','Canada','4167526456',NULL,NULL,NULL,'andrew.rocheleau@gmail.com','Patricia Leblanc','4164139910','http://www.aemma.org/images/bio_photos/bio_arocheleau.jpg','http://www.aemma.org/arms/a/aemma_80.jpg','student','',0,0,NULL,NULL,0,NULL,NULL,0,NULL,NULL,NULL,NULL,NULL,NULL,0,0,NULL,0,'2009-07-19',0,NULL,'2009-11-01','2009-07-19',NULL,0,NULL,NULL,NULL,1,NULL,NULL,NULL,NULL,NULL,NULL,NULL,NULL,NULL,NULL,NULL,NULL),(533,1,2,2,'AEMMA','Matthew',NULL,'Vallaris','Mr.',NULL,'27 Jackman Ave',NULL,NULL,'Toronto','ON','m4k2x5','Canada','4165434560',NULL,NULL,NULL,'mvallaris@rogers.com',NULL,NULL,'http://www.aemma.org/images/bio_photos/bio_mvallaris.jpg','http://www.aemma.org/arms/a/aemma_80.jpg','Chemist','',0,0,NULL,'1971-10-29',0,NULL,NULL,0,NULL,NULL,NULL,NULL,NULL,NULL,0,0,NULL,1,'2009-08-09',1,NULL,'2009-12-01','2009-08-09',NULL,0,NULL,NULL,NULL,1,NULL,NULL,NULL,NULL,NULL,NULL,NULL,NULL,NULL,NULL,NULL,NULL),(534,6,4,5,'AEMMA','Adrian',NULL,'Tsui','Mr.',NULL,'30 Owen Drive',NULL,NULL,'Toronto','ON','M8W1W7','Canada','416-255-4197',NULL,NULL,NULL,'adrianctsui@gmail.com','Josephine Tsui','647-637-6886','http://www.aemma.org/images/bio_photos/bio_noPhotoDbase.jpg','http://www.aemma.org/arms/a/aemma_80.jpg','student at U. of T.','',0,0,NULL,'0000-00-00',0,NULL,NULL,0,NULL,NULL,NULL,NULL,NULL,NULL,0,0,NULL,0,'2009-08-16',0,NULL,'2009-11-14','2009-08-17',NULL,0,NULL,NULL,NULL,1,NULL,NULL,NULL,NULL,NULL,NULL,NULL,NULL,NULL,NULL,NULL,NULL),(535,1,1,1,'AEMMA','Christian',NULL,'Crawford','Mr.',NULL,'216 Indian Grove',NULL,NULL,'Toronto','ON','m6b2h2','Canada','4167695876','9056695571',NULL,'4169959614','christian.crawford@hotmail.com','John Crawford','4167695876','http://www.aemma.org/images/bio_photos/bio_ccrawford.jpg','http://www.aemma.org/arms/a/aemma_80.jpg','Student','M',1,0,NULL,'1993-12-28',0,NULL,NULL,0,NULL,NULL,NULL,NULL,NULL,NULL,0,0,NULL,0,'2009-08-26',0,'internet','2010-11-15','2009-10-05',NULL,0,NULL,NULL,NULL,1,NULL,NULL,NULL,NULL,NULL,NULL,NULL,NULL,NULL,NULL,NULL,'Christian is 16.. he and his father came to 2 classes, he has the size to train and I approved his joining\r\n\r\nMoved to EFT Nov 2009'),(536,6,4,2,'AEMMA','Austin',NULL,'Titley','Mr.',NULL,'75 Emmett Ave. Apt. 1112',NULL,NULL,'Toronto','ON',NULL,'Canada','416-913-5828',NULL,NULL,'416-464-0858','bobgunman_13@hotmail.com','Alan Titley','1-905-227-3923','http://www.aemma.org/images/bio_photos/bio_noPhotoDbase.jpg','http://www.aemma.org/arms/a/aemma_80.jpg','Retail sales','',0,0,NULL,'1987-06-04',0,NULL,NULL,0,NULL,NULL,NULL,NULL,NULL,NULL,0,0,NULL,0,NULL,0,NULL,'2009-10-17','2009-09-19',NULL,0,NULL,NULL,NULL,1,NULL,NULL,NULL,NULL,NULL,NULL,NULL,NULL,NULL,NULL,NULL,'Austin tried longbow archery after viewing the AEMMA website.'),(537,6,4,5,'AEMMA','Aaron','Kar Luen','Tsui','Mr.',NULL,'30 Owen Drive',NULL,NULL,'Toronto','ON','M8W1W7','Canada','647-882-1886',NULL,NULL,'647-882-1886','atsui@aecon.com','Josephine Lee Tsui','647-637-6886','http://www.aemma.org/images/bio_photos/bio_noPhotoDbase.jpg','http://www.aemma.org/arms/a/aemma_80.jpg','Accountant','',0,0,NULL,'1986-08-28',0,NULL,NULL,0,NULL,NULL,NULL,NULL,NULL,NULL,0,0,NULL,0,NULL,0,NULL,'2009-12-26','2009-09-26',NULL,0,NULL,NULL,NULL,1,NULL,NULL,NULL,NULL,NULL,NULL,NULL,NULL,NULL,NULL,NULL,'Aaron and his brother Adrian tried longbow archery after viewing the AEMMA website and contacting Paul Micallef to arrange for an introductory session.'),(538,1,2,5,'AEMMA','Leander',NULL,'Quiring','Mr.',NULL,'819 4000 Yonge St',' ',NULL,'North York','ON','m4n2n9','Canada','6472825327',NULL,NULL,NULL,'leander.quiring@gmail.com',NULL,NULL,'http://www.aemma.org/images/bio_photos/bio_lquiring.jpg','http://www.aemma.org/arms/a/aemma_80.jpg','student','M',0,0,NULL,NULL,0,NULL,NULL,0,NULL,NULL,NULL,NULL,NULL,NULL,0,0,NULL,0,'2009-09-02',0,NULL,'2009-12-01','2009-09-02',NULL,0,NULL,NULL,NULL,1,NULL,NULL,NULL,NULL,NULL,NULL,NULL,NULL,NULL,NULL,NULL,NULL),(542,1,1,1,'AEMMA','Aaron',NULL,'Beatty','Mr.',NULL,'22 Merion St',NULL,NULL,'Guelph','ON','N1H 2L8','Canada','519 827 9643',NULL,NULL,'519 362 8780','aaronbeatty@hotmail.com','Marian Beatty','519 827 9643','http://www.aemma.org/images/bio_photos/bio_abeatty.jpg','http://www.aemma.org/arms/a/aemma_80.jpg','chemist','M',0,1,'Marian Beatty','1973-07-23',0,NULL,NULL,0,NULL,NULL,NULL,NULL,'B.Sc. & M.Sc. in Chemistry',NULL,0,0,NULL,0,'2009-04-22',0,NULL,NULL,NULL,NULL,0,NULL,NULL,NULL,1,NULL,NULL,NULL,NULL,NULL,NULL,NULL,NULL,NULL,NULL,NULL,'Aaron had trained in Karate for 2 years sometime around 1989.'),(543,1,1,1,'AEMMA','Robert',NULL,'Lepage','Mr.',NULL,'1690 Saxony Crescent',NULL,NULL,'Ottawa','ON','K1B 5K6','Canada','226-868-4567',NULL,NULL,'226-868-4567','rtmlepage@gmail.com','Margaret Lepage (mother)','613-748-0783','http://www.aemma.org/images/bio_photos/bio_rlepage.jpg','http://www.aemma.org/arms/a/aemma_80.jpg','student','M',0,0,NULL,'1986-05-27',0,NULL,NULL,0,NULL,NULL,NULL,NULL,'B.Sc.',NULL,1,0,NULL,0,'2009-09-27',0,NULL,NULL,NULL,NULL,0,NULL,NULL,NULL,1,NULL,NULL,NULL,NULL,NULL,NULL,NULL,NULL,NULL,NULL,NULL,'Rob was a member of the OMSG, and has moved to Guelph, and now trains with Murph. Alternative e: nmenthe@hotmail.com'),(544,1,1,2,'AEMMA','Yonathan',NULL,'Ilan','Mr.',NULL,'66 Devonshire Place',NULL,NULL,'Toronto','ON',NULL,'Canada',NULL,NULL,NULL,'416 953 6070','yonathanilan@hotmail.com','Roy Ilan','613 531 3293','http://www.aemma.org/images/bio_photos/bio_noPhotoDbase.jpg','http://www.aemma.org/arms/a/aemma_80.jpg','Student','M',1,0,NULL,'1990-01-12',0,NULL,NULL,0,'AEMMA U Of T',NULL,NULL,NULL,NULL,NULL,0,0,NULL,0,'2009-09-30',0,NULL,'2009-11-01','2009-09-30',NULL,0,NULL,NULL,NULL,1,NULL,NULL,NULL,NULL,NULL,NULL,NULL,NULL,NULL,NULL,NULL,NULL),(545,1,1,1,'AEMMA','Samual','J','Nankivell','Mr.','Mr. S.J. Nankivell','6 Hoskin','Trinity College','University of Toronto','Toronto','ON',NULL,'Canada','416.901.0961',NULL,NULL,'416.901.0961','sam_nankivell@hotmail.com',NULL,NULL,'http://www.aemma.org/images/bio_photos/bio_snankivell.jpg','http://www.aemma.org/arms/a/aemma_80.jpg','student','M',0,0,NULL,NULL,0,NULL,NULL,0,NULL,NULL,NULL,NULL,NULL,NULL,0,0,NULL,0,'2009-11-04',0,NULL,'2009-12-01',NULL,NULL,0,NULL,NULL,NULL,1,NULL,NULL,NULL,NULL,NULL,NULL,NULL,NULL,NULL,NULL,NULL,'Came to AEMMA via AEMMA@UofT'),(546,1,2,8,'AEMMA','Andrew','D.','Kellam','Mr.','Mr. A.D. Kellam','646 Huron St.',NULL,NULL,'Toronto','ON',NULL,'Canada','416-927-1092','416-978-3460',NULL,NULL,'drakellam@gmail.com','Emily Holbert-Kellam','416-927-1092','http://www.aemma.org/images/bio_photos/bio_noPhotoDbase.jpg','http://www.aemma.org/arms/a/aemma_80.jpg','tech admin','M',0,0,'Emily','1976-06-24',0,NULL,NULL,0,NULL,NULL,NULL,NULL,'BA',NULL,0,0,NULL,0,'2009-10-28',0,NULL,NULL,NULL,NULL,0,NULL,NULL,NULL,1,NULL,NULL,NULL,NULL,NULL,NULL,NULL,NULL,NULL,NULL,NULL,NULL),(547,1,2,1,'AEMMA','Giuseppe (Joe)','E.','Quercia','Mr.',NULL,'362 Morganville Rd.',NULL,NULL,'Bear River','NS','B0S 1B0','Canada','902-467-0489',NULL,NULL,'902-467-0489','querciarecreation@gmail.com',NULL,NULL,'http://www.aemma.org/images/bio_photos/bio_jquercia.jpg','http://www.aemma.org/arms/a/aemma_80.jpg','recreation coord & outdoor survi','M',2,0,NULL,'1974-03-06',0,NULL,NULL,0,NULL,NULL,NULL,NULL,'college',NULL,0,0,NULL,1,'2009-12-02',0,NULL,NULL,NULL,NULL,0,NULL,NULL,NULL,1,NULL,NULL,NULL,NULL,NULL,NULL,NULL,NULL,NULL,NULL,NULL,'Occupation: recreation coord & outdoor survival instructor'),(548,1,2,1,'AEMMA','David','Jeremy','Walsh','Mr.',NULL,'PO Box 1191',NULL,NULL,'Digby','NS','B0V 1A0','Canada','902-300-1911',NULL,NULL,'902-300-1911','j-wal69@hotmail.com','Nancy Walsh (mother)','902-245-2608','http://www.aemma.org/images/bio_photos/bio_jwalsh.jpg','http://www.aemma.org/arms/a/aemma_80.jpg','construction','M',0,0,NULL,'1981-06-03',0,NULL,NULL,0,NULL,NULL,NULL,NULL,'Secondary school',NULL,0,0,NULL,1,'2009-12-02',0,NULL,NULL,NULL,NULL,0,NULL,NULL,NULL,1,NULL,NULL,NULL,NULL,NULL,NULL,NULL,NULL,NULL,NULL,NULL,NULL),(549,1,2,1,'AEMMA','Angela',NULL,'Vanderley','Ms.','Ms. A. Vanderley','1522 Peterson Rd.',NULL,NULL,'Bracebridge','ON','P1L 1X1','Canada','705-645-7456',NULL,NULL,NULL,'joustmom@sympatico.ca','Pauline Vanderley','705-645-7456','http://www.aemma.org/images/bio_photos/bio_vanderley_angela.jpg','http://www.aemma.org/arms/a/aemma_80.jpg','student','F',2,0,NULL,'1993-07-13',0,NULL,NULL,0,NULL,NULL,NULL,NULL,NULL,NULL,0,0,NULL,0,'2010-01-17',0,'Dale Gienow',NULL,NULL,NULL,0,NULL,NULL,NULL,1,NULL,NULL,NULL,NULL,NULL,NULL,NULL,NULL,NULL,NULL,NULL,NULL),(550,1,3,1,'AEMMA','Alan',NULL,'Majer','Mr.','Mr. A. Majeer',NULL,NULL,NULL,'Toronto','ON',NULL,'Canada','416.535.3539','416-825-7355',NULL,'416-825-7355','alanmajer@hotmail.com',NULL,NULL,'http://www.aemma.org/images/bio_photos/bio_noPhotoDbase.jpg','http://www.aemma.org/arms/a/aemma_80.jpg','freelance photographer','M',0,0,NULL,NULL,0,NULL,NULL,0,NULL,NULL,NULL,NULL,NULL,NULL,0,0,NULL,1,'2010-04-14',0,NULL,NULL,NULL,NULL,0,NULL,NULL,NULL,1,NULL,NULL,NULL,NULL,NULL,NULL,NULL,NULL,NULL,NULL,NULL,NULL),(551,1,2,1,'AEMMA','Brad',NULL,'Myette','Mr.','Mr. B. Myette','390 White Rock Rd.',NULL,NULL,'New Minas','NS','B4K 4K1','Canada','902-678-7217','902-678-7217',NULL,NULL,'bradmyette@hotmail.com',NULL,NULL,'http://www.aemma.org/images/bio_photos/bio_bmyette.jpg','http://www.aemma.org/arms/a/aemma_80.jpg','mechanical tech','M',2,0,NULL,'1974-10-17',0,NULL,NULL,0,NULL,NULL,NULL,NULL,'diploma',NULL,0,0,NULL,0,'2010-03-10',0,NULL,NULL,NULL,NULL,0,NULL,NULL,NULL,1,NULL,NULL,NULL,NULL,NULL,NULL,NULL,NULL,NULL,NULL,NULL,NULL),(552,1,1,8,'AEMMA','Mark',NULL,'Merrell','Mr.','Mr. M. Merrell',NULL,NULL,NULL,'Toronto','ON',NULL,'Canada',NULL,'416-935-3274',NULL,NULL,'markmerrell@gmail.com',NULL,NULL,'http://www.aemma.org/images/bio_photos/bio_noPhotoDbase.jpg','http://www.aemma.org/arms/a/aemma_80.jpg','senior technical writer','M',0,0,NULL,NULL,0,NULL,NULL,0,NULL,NULL,NULL,NULL,NULL,NULL,0,0,NULL,0,NULL,0,NULL,NULL,NULL,NULL,0,NULL,NULL,NULL,1,NULL,NULL,NULL,NULL,NULL,NULL,NULL,NULL,NULL,NULL,NULL,'work e: Mark.Merrell@rci.rogers.com'),(553,1,1,8,'AEMMA','Gene',NULL,'Carney','Mr.','Mr. G. Carney',NULL,NULL,NULL,'Toronto','ON',NULL,'Canada',NULL,'416.675.6622 X6209',NULL,NULL,'gene.carney@humber.ca',NULL,NULL,'http://www.aemma.org/images/bio_photos/bio_gcarney.jpg','http://www.aemma.org/arms/a/aemma_80.jpg','AV technician','M',1,0,NULL,NULL,0,NULL,NULL,0,NULL,NULL,NULL,NULL,NULL,NULL,0,0,NULL,0,'2010-04-04',0,NULL,NULL,NULL,NULL,0,NULL,NULL,NULL,1,NULL,NULL,NULL,NULL,NULL,NULL,NULL,NULL,NULL,NULL,NULL,NULL),(554,1,2,1,'AEMMA','Kiefer',NULL,'Newton','Mr.','Mr. K. Newton',NULL,NULL,NULL,'Toronto','ON',NULL,'Canada',NULL,NULL,NULL,NULL,'volan0001@aol.com',NULL,NULL,'http://www.aemma.org/images/bio_photos/bio_noPhotoDbase.jpg','http://www.aemma.org/arms/a/aemma_80.jpg',NULL,'M',0,0,NULL,NULL,0,NULL,NULL,0,NULL,NULL,NULL,NULL,NULL,NULL,0,0,NULL,0,'2010-04-04',0,NULL,NULL,NULL,NULL,0,NULL,NULL,NULL,1,NULL,NULL,NULL,NULL,NULL,NULL,NULL,NULL,NULL,NULL,NULL,NULL),(556,1,2,2,'AEMMA','Jonathan','Edward','Deschene','Mr.','Mr. J.E. Deschene','130 Spring St.',NULL,NULL,'Summerside','PE','C1N 3G1','Canada','1-902-315-2359',NULL,NULL,NULL,'smith_of_wootton_major@hotmail.com','mother','1-902-436-9466','http://www.aemma.org/images/bio_photos/bio_noPhotoDbase.jpg','http://www.aemma.org/arms/a/aemma_80.jpg','Ph.D. student','M',0,1,NULL,'1969-08-06',0,NULL,'Outdoor adventure;\\\" combat sports; athleticism; literature and ',0,NULL,NULL,NULL,NULL,'BA (UPEI)','Acadia U.',0,0,NULL,1,'2010-08-11',0,NULL,NULL,NULL,NULL,0,NULL,NULL,NULL,1,NULL,NULL,NULL,NULL,NULL,NULL,NULL,NULL,NULL,NULL,NULL,'Mailing address in Wolfville: 5 Toye Lane, Wolfville, NS  B4P 2C9 while attending Acadia U. He\\\'s studied judo (2002-2006), though I have tried numerous styles and sports before, during and since that time.');
UNLOCK TABLES;
/*!40000 ALTER TABLE `People` ENABLE KEYS */;

--
-- Table structure for table `Rank`
--

DROP TABLE IF EXISTS `Rank`;
CREATE TABLE `Rank` (
  `ID` int(10) unsigned NOT NULL auto_increment,
  `Description` varchar(45) default NULL,
  PRIMARY KEY  (`ID`)
) ENGINE=MyISAM AUTO_INCREMENT=21 DEFAULT CHARSET=latin1;

--
-- Dumping data for table `Rank`
--


/*!40000 ALTER TABLE `Rank` DISABLE KEYS */;
LOCK TABLES `Rank` WRITE;
INSERT INTO `Rank` (`ID`, `Description`) VALUES (1,'Recruit'),(2,'Scholler'),(3,'FreeScholler'),(4,'Provost'),(9,'NA'),(20,'Visiting Scholler');
UNLOCK TABLES;
/*!40000 ALTER TABLE `Rank` ENABLE KEYS */;

--
-- Table structure for table `Roles`
--

DROP TABLE IF EXISTS `Roles`;
CREATE TABLE `Roles` (
  `ID` int(10) unsigned NOT NULL auto_increment,
  `Description` varchar(32) default NULL,
  `long_description` varchar(256) default NULL,
  PRIMARY KEY  (`ID`)
) ENGINE=MyISAM AUTO_INCREMENT=7 DEFAULT CHARSET=latin1;

--
-- Dumping data for table `Roles`
--


/*!40000 ALTER TABLE `Roles` DISABLE KEYS */;
LOCK TABLES `Roles` WRITE;
INSERT INTO `Roles` (`ID`, `Description`, `long_description`) VALUES (1,'Restricted User','not yet defined'),(2,'User','Level 2 and up allows the user to run the reports'),(3,'Super User','Level 3 and up allows them to list or view contact details for each member and export data'),(4,'Chapter Administrator','Level 4 and up allows the user to edit contact details for each member'),(5,'System Administrator','Level 5 and up the creation of more Login IDs'),(6,'DBO','all levels access, create new tables and databases');
UNLOCK TABLES;
/*!40000 ALTER TABLE `Roles` ENABLE KEYS */;

--
-- Table structure for table `Transportation_Mode`
--

DROP TABLE IF EXISTS `Transportation_Mode`;
CREATE TABLE `Transportation_Mode` (
  `ID` tinyint(4) unsigned NOT NULL auto_increment,
  `Description` varchar(24) default NULL,
  PRIMARY KEY  (`ID`)
) ENGINE=MyISAM AUTO_INCREMENT=7 DEFAULT CHARSET=latin1;

--
-- Dumping data for table `Transportation_Mode`
--


/*!40000 ALTER TABLE `Transportation_Mode` DISABLE KEYS */;
LOCK TABLES `Transportation_Mode` WRITE;
INSERT INTO `Transportation_Mode` (`ID`, `Description`) VALUES (1,'transit'),(2,'automobile'),(3,'taxi'),(4,'bicycle'),(5,'motorcycle'),(6,'walk'),(0,'NA');
UNLOCK TABLES;
/*!40000 ALTER TABLE `Transportation_Mode` ENABLE KEYS */;
/*!40103 SET TIME_ZONE=@OLD_TIME_ZONE */;

/*!40101 SET SQL_MODE=@OLD_SQL_MODE */;
/*!40014 SET FOREIGN_KEY_CHECKS=@OLD_FOREIGN_KEY_CHECKS */;
/*!40014 SET UNIQUE_CHECKS=@OLD_UNIQUE_CHECKS */;
/*!40101 SET CHARACTER_SET_CLIENT=@OLD_CHARACTER_SET_CLIENT */;
/*!40101 SET CHARACTER_SET_RESULTS=@OLD_CHARACTER_SET_RESULTS */;
/*!40101 SET COLLATION_CONNECTION=@OLD_COLLATION_CONNECTION */;
/*!40111 SET SQL_NOTES=@OLD_SQL_NOTES */;

